t_update,grid_index,GP index,lat [deg],log [deg],instrument,reward,n_observations,n_events
280.0,0,4231,15.873,-93.665,sar,1.0,1,0
280.0,0,4231,15.873,-93.665,sar,1.0,1,0
280.0,0,4231,15.873,-93.665,sar,1.0,2,0
280.0,0,4231,15.873,-93.665,sar,1.1555555555555554,0,0
280.0,0,4231,15.873,-93.665,thermal,1.0,1,0
280.0,0,4231,15.873,-93.665,thermal,1.0,1,0
280.0,0,4231,15.873,-93.665,thermal,1.0,2,0
280.0,0,4231,15.873,-93.665,thermal,1.0,2,0
280.0,0,4231,15.873,-93.665,thermal,1.0,3,0
280.0,0,4231,15.873,-93.665,thermal,1.1555555555555554,0,0
280.0,0,4231,15.87330300000002,-93.66458299999994,visual,1.0,1,0
280.0,0,4231,15.87330300000002,-93.66458299999994,visual,1.0,1,0
280.0,0,4231,15.87330300000002,-93.66458299999994,visual,1.0,2,0
280.0,0,4231,15.87330300000002,-93.66458299999994,visual,1.0,2,0
280.0,0,4231,15.87330300000002,-93.66458299999994,visual,1.0,3,0
280.0,0,4231,15.87330300000002,-93.66458299999994,visual,1.1555555555555554,0,0
300.0,0,602,17.176567000000034,-93.59878699999996,visual,1.0,1,0
300.0,0,602,17.176567000000034,-93.59878699999996,visual,1.0,1,0
300.0,0,602,17.176567000000034,-93.59878699999996,visual,1.0,2,0
300.0,0,602,17.176567000000034,-93.59878699999996,visual,1.0,2,0
300.0,0,602,17.176567000000034,-93.59878699999996,visual,1.0,3,0
300.0,0,602,17.176567000000034,-93.59878699999996,visual,1.1666666666666667,0,0
300.0,0,602,17.177,-93.599,sar,1.0,1,0
300.0,0,602,17.177,-93.599,sar,1.0,1,0
300.0,0,602,17.177,-93.599,sar,1.0,2,0
300.0,0,602,17.177,-93.599,sar,1.1666666666666667,0,0
300.0,0,602,17.177,-93.599,thermal,1.0,1,0
300.0,0,602,17.177,-93.599,thermal,1.0,1,0
300.0,0,602,17.177,-93.599,thermal,1.0,2,0
300.0,0,602,17.177,-93.599,thermal,1.0,2,0
300.0,0,602,17.177,-93.599,thermal,1.0,3,0
300.0,0,602,17.177,-93.599,thermal,1.1666666666666667,0,0
320.0,0,3965,17.80066800000003,-92.02604199999996,visual,1.0,1,0
320.0,0,3965,17.80066800000003,-92.02604199999996,visual,1.0,1,0
320.0,0,3965,17.80066800000003,-92.02604199999996,visual,1.0,2,0
320.0,0,3965,17.80066800000003,-92.02604199999996,visual,1.0,2,0
320.0,0,3965,17.80066800000003,-92.02604199999996,visual,1.0,3,0
320.0,0,3965,17.80066800000003,-92.02604199999996,visual,1.1777777777777778,0,0
320.0,0,3965,17.801,-92.026,sar,1.0,1,0
320.0,0,3965,17.801,-92.026,sar,1.0,1,0
320.0,0,3965,17.801,-92.026,sar,1.0,2,0
320.0,0,3965,17.801,-92.026,sar,1.1777777777777778,0,0
320.0,0,3965,17.801,-92.026,thermal,1.0,1,0
320.0,0,3965,17.801,-92.026,thermal,1.0,1,0
320.0,0,3965,17.801,-92.026,thermal,1.0,2,0
320.0,0,3965,17.801,-92.026,thermal,1.0,2,0
320.0,0,3965,17.801,-92.026,thermal,1.0,3,0
320.0,0,3965,17.801,-92.026,thermal,1.1777777777777778,0,0
330.0,0,3832,18.075560000000053,-92.231454,visual,1.0,1,0
330.0,0,3832,18.075560000000053,-92.231454,visual,1.0,1,0
330.0,0,3832,18.075560000000053,-92.231454,visual,1.0,2,0
330.0,0,3832,18.075560000000053,-92.231454,visual,1.0,2,0
330.0,0,3832,18.075560000000053,-92.231454,visual,1.0,3,0
330.0,0,3832,18.075560000000053,-92.231454,visual,1.1833333333333333,0,0
330.0,0,3832,18.076,-92.231,sar,1.0,1,0
330.0,0,3832,18.076,-92.231,sar,1.0,1,0
330.0,0,3832,18.076,-92.231,sar,1.0,2,0
330.0,0,3832,18.076,-92.231,sar,1.1833333333333333,0,0
330.0,0,3832,18.076,-92.231,thermal,1.0,1,0
330.0,0,3832,18.076,-92.231,thermal,1.0,1,0
330.0,0,3832,18.076,-92.231,thermal,1.0,2,0
330.0,0,3832,18.076,-92.231,thermal,1.0,2,0
330.0,0,3832,18.076,-92.231,thermal,1.0,3,0
330.0,0,3832,18.076,-92.231,thermal,1.1833333333333333,0,0
340.0,0,2848,18.479,-91.796,sar,1.0,1,0
340.0,0,2848,18.479,-91.796,sar,1.0,1,0
340.0,0,2848,18.479,-91.796,sar,1.0,2,0
340.0,0,2848,18.479,-91.796,sar,1.1888888888888889,0,0
340.0,0,2848,18.479,-91.796,thermal,1.0,1,0
340.0,0,2848,18.479,-91.796,thermal,1.0,1,0
340.0,0,2848,18.479,-91.796,thermal,1.0,2,0
340.0,0,2848,18.479,-91.796,thermal,1.0,2,0
340.0,0,2848,18.479,-91.796,thermal,1.0,3,0
340.0,0,2848,18.479,-91.796,thermal,1.1888888888888889,0,0
340.0,0,2848,18.47939800000006,-91.79620799999998,visual,1.0,1,0
340.0,0,2848,18.47939800000006,-91.79620799999998,visual,1.0,1,0
340.0,0,2848,18.47939800000006,-91.79620799999998,visual,1.0,2,0
340.0,0,2848,18.47939800000006,-91.79620799999998,visual,1.0,2,0
340.0,0,2848,18.47939800000006,-91.79620799999998,visual,1.0,3,0
340.0,0,2848,18.47939800000006,-91.79620799999998,visual,1.1888888888888889,0,0
500.0,0,883,29.248,-90.68,sar,1.0,1,0
500.0,0,883,29.248,-90.68,sar,1.0,1,0
500.0,0,883,29.248,-90.68,sar,1.0,2,0
500.0,0,883,29.248,-90.68,sar,1.2777777777777777,0,0
500.0,0,883,29.248,-90.68,thermal,1.0,1,0
500.0,0,883,29.248,-90.68,thermal,1.0,1,0
500.0,0,883,29.248,-90.68,thermal,1.0,2,0
500.0,0,883,29.248,-90.68,thermal,1.0,2,0
500.0,0,883,29.248,-90.68,thermal,1.0,3,0
500.0,0,883,29.248,-90.68,thermal,1.2777777777777777,0,0
500.0,0,883,29.248481000000027,-90.68045299999994,visual,1.0,1,0
500.0,0,883,29.248481000000027,-90.68045299999994,visual,1.0,1,0
500.0,0,883,29.248481000000027,-90.68045299999994,visual,1.0,2,0
500.0,0,883,29.248481000000027,-90.68045299999994,visual,1.0,2,0
500.0,0,883,29.248481000000027,-90.68045299999994,visual,1.0,3,0
500.0,0,883,29.248481000000027,-90.68045299999994,visual,1.2777777777777777,0,0
510.0,0,4630,29.481,-89.981,sar,1.0,1,0
510.0,0,4630,29.481,-89.981,sar,1.0,1,0
510.0,0,4630,29.481,-89.981,sar,1.0,2,0
510.0,0,4630,29.481,-89.981,sar,1.2833333333333332,0,0
510.0,0,4630,29.481,-89.981,thermal,1.0,1,0
510.0,0,4630,29.481,-89.981,thermal,1.0,1,0
510.0,0,4630,29.481,-89.981,thermal,1.0,2,0
510.0,0,4630,29.481,-89.981,thermal,1.0,2,0
510.0,0,4630,29.481,-89.981,thermal,1.0,3,0
510.0,0,4630,29.481,-89.981,thermal,1.2833333333333332,0,0
510.0,0,4630,29.481196000000068,-89.98117399999995,visual,1.0,1,0
510.0,0,4630,29.481196000000068,-89.98117399999995,visual,1.0,1,0
510.0,0,4630,29.481196000000068,-89.98117399999995,visual,1.0,2,0
510.0,0,4630,29.481196000000068,-89.98117399999995,visual,1.0,2,0
510.0,0,4630,29.481196000000068,-89.98117399999995,visual,1.0,3,0
510.0,0,4630,29.481196000000068,-89.98117399999995,visual,1.2833333333333332,0,0
520.0,0,108,30.177666000000045,-89.74027799999999,visual,1.0,1,0
520.0,0,108,30.177666000000045,-89.74027799999999,visual,1.0,1,0
520.0,0,108,30.177666000000045,-89.74027799999999,visual,1.0,2,0
520.0,0,108,30.177666000000045,-89.74027799999999,visual,1.0,2,0
520.0,0,108,30.177666000000045,-89.74027799999999,visual,1.0,3,0
520.0,0,108,30.177666000000045,-89.74027799999999,visual,1.2888888888888888,0,0
520.0,0,108,30.178,-89.74,sar,1.0,1,0
520.0,0,108,30.178,-89.74,sar,1.0,1,0
520.0,0,108,30.178,-89.74,sar,1.0,2,0
520.0,0,108,30.178,-89.74,sar,1.2888888888888888,0,0
520.0,0,108,30.178,-89.74,thermal,1.0,1,0
520.0,0,108,30.178,-89.74,thermal,1.0,1,0
520.0,0,108,30.178,-89.74,thermal,1.0,2,0
520.0,0,108,30.178,-89.74,thermal,1.0,2,0
520.0,0,108,30.178,-89.74,thermal,1.0,3,0
520.0,0,108,30.178,-89.74,thermal,1.2888888888888888,0,0
560.0,0,1896,32.398735000000045,-90.06354199999998,visual,1.0,1,0
560.0,0,1896,32.398735000000045,-90.06354199999998,visual,1.0,1,0
560.0,0,1896,32.398735000000045,-90.06354199999998,visual,1.0,2,0
560.0,0,1896,32.398735000000045,-90.06354199999998,visual,1.0,2,0
560.0,0,1896,32.398735000000045,-90.06354199999998,visual,1.0,3,0
560.0,0,1896,32.398735000000045,-90.06354199999998,visual,1.3111111111111111,0,0
560.0,0,1896,32.399,-90.064,sar,1.0,1,0
560.0,0,1896,32.399,-90.064,sar,1.0,1,0
560.0,0,1896,32.399,-90.064,sar,1.0,2,0
560.0,0,1896,32.399,-90.064,sar,1.3111111111111111,0,0
560.0,0,1896,32.399,-90.064,thermal,1.0,1,0
560.0,0,1896,32.399,-90.064,thermal,1.0,1,0
560.0,0,1896,32.399,-90.064,thermal,1.0,2,0
560.0,0,1896,32.399,-90.064,thermal,1.0,2,0
560.0,0,1896,32.399,-90.064,thermal,1.0,3,0
560.0,0,1896,32.399,-90.064,thermal,1.3111111111111111,0,0
580.0,0,2844,34.15165300000007,-89.90446999999995,visual,1.0,1,0
580.0,0,2844,34.15165300000007,-89.90446999999995,visual,1.0,1,0
580.0,0,2844,34.15165300000007,-89.90446999999995,visual,1.0,2,0
580.0,0,2844,34.15165300000007,-89.90446999999995,visual,1.0,2,0
580.0,0,2844,34.15165300000007,-89.90446999999995,visual,1.0,3,0
580.0,0,2844,34.15165300000007,-89.90446999999995,visual,1.3222222222222222,0,0
580.0,0,2844,34.152,-89.904,sar,1.0,1,0
580.0,0,2844,34.152,-89.904,sar,1.0,1,0
580.0,0,2844,34.152,-89.904,sar,1.0,2,0
580.0,0,2844,34.152,-89.904,sar,1.3222222222222222,0,0
580.0,0,2844,34.152,-89.904,thermal,1.0,1,0
580.0,0,2844,34.152,-89.904,thermal,1.0,1,0
580.0,0,2844,34.152,-89.904,thermal,1.0,2,0
580.0,0,2844,34.152,-89.904,thermal,1.0,2,0
580.0,0,2844,34.152,-89.904,thermal,1.0,3,0
580.0,0,2844,34.152,-89.904,thermal,1.3222222222222222,0,0
590.0,0,4274,34.756,-90.123,sar,1.0,1,0
590.0,0,4274,34.756,-90.123,sar,1.0,1,0
590.0,0,4274,34.756,-90.123,sar,1.0,2,0
590.0,0,4274,34.756,-90.123,sar,1.3277777777777777,0,0
590.0,0,4274,34.756,-90.123,thermal,1.0,1,0
590.0,0,4274,34.756,-90.123,thermal,1.0,1,0
590.0,0,4274,34.756,-90.123,thermal,1.0,2,0
590.0,0,4274,34.756,-90.123,thermal,1.0,2,0
590.0,0,4274,34.756,-90.123,thermal,1.0,3,0
590.0,0,4274,34.756,-90.123,thermal,1.3277777777777777,0,0
590.0,0,4274,34.75614600000006,-90.12279299999994,visual,1.0,1,0
590.0,0,4274,34.75614600000006,-90.12279299999994,visual,1.0,1,0
590.0,0,4274,34.75614600000006,-90.12279299999994,visual,1.0,2,0
590.0,0,4274,34.75614600000006,-90.12279299999994,visual,1.0,2,0
590.0,0,4274,34.75614600000006,-90.12279299999994,visual,1.0,3,0
590.0,0,4274,34.75614600000006,-90.12279299999994,visual,1.3277777777777777,0,0
630.0,0,3218,36.155,-86.618,sar,1.0,1,0
630.0,0,3218,36.155,-86.618,sar,1.0,1,0
630.0,0,3218,36.155,-86.618,sar,1.0,2,0
630.0,0,3218,36.155,-86.618,sar,1.35,0,0
630.0,0,3218,36.155,-86.618,thermal,1.0,1,0
630.0,0,3218,36.155,-86.618,thermal,1.0,1,0
630.0,0,3218,36.155,-86.618,thermal,1.0,2,0
630.0,0,3218,36.155,-86.618,thermal,1.0,2,0
630.0,0,3218,36.155,-86.618,thermal,1.0,3,0
630.0,0,3218,36.155,-86.618,thermal,1.35,0,0
630.0,0,3218,36.15526100000005,-86.61799699999995,visual,1.0,1,0
630.0,0,3218,36.15526100000005,-86.61799699999995,visual,1.0,1,0
630.0,0,3218,36.15526100000005,-86.61799699999995,visual,1.0,2,0
630.0,0,3218,36.15526100000005,-86.61799699999995,visual,1.0,2,0
630.0,0,3218,36.15526100000005,-86.61799699999995,visual,1.0,3,0
630.0,0,3218,36.15526100000005,-86.61799699999995,visual,1.35,0,0
640.0,0,4584,36.293,-85.945,sar,1.0,1,0
640.0,0,4584,36.293,-85.945,sar,1.0,1,0
640.0,0,4584,36.293,-85.945,sar,1.0,2,0
640.0,0,4584,36.293,-85.945,sar,1.3555555555555556,0,0
640.0,0,4584,36.293,-85.945,thermal,1.0,1,0
640.0,0,4584,36.293,-85.945,thermal,1.0,1,0
640.0,0,4584,36.293,-85.945,thermal,1.0,2,0
640.0,0,4584,36.293,-85.945,thermal,1.0,2,0
640.0,0,4584,36.293,-85.945,thermal,1.0,3,0
640.0,0,4584,36.293,-85.945,thermal,1.3555555555555556,0,0
640.0,0,4584,36.29337100000004,-85.94492299999996,visual,1.0,1,0
640.0,0,4584,36.29337100000004,-85.94492299999996,visual,1.0,1,0
640.0,0,4584,36.29337100000004,-85.94492299999996,visual,1.0,2,0
640.0,0,4584,36.29337100000004,-85.94492299999996,visual,1.0,2,0
640.0,0,4584,36.29337100000004,-85.94492299999996,visual,1.0,3,0
640.0,0,4584,36.29337100000004,-85.94492299999996,visual,1.3555555555555556,0,0
650.0,0,1887,36.538,-85.45,sar,1.0,1,0
650.0,0,1887,36.538,-85.45,sar,1.0,1,0
650.0,0,1887,36.538,-85.45,sar,1.0,2,0
650.0,0,1887,36.538,-85.45,sar,1.3611111111111112,0,0
650.0,0,1887,36.538,-85.45,thermal,1.0,1,0
650.0,0,1887,36.538,-85.45,thermal,1.0,1,0
650.0,0,1887,36.538,-85.45,thermal,1.0,2,0
650.0,0,1887,36.538,-85.45,thermal,1.0,2,0
650.0,0,1887,36.538,-85.45,thermal,1.0,3,0
650.0,0,1887,36.538,-85.45,thermal,1.3611111111111112,0,0
650.0,0,1887,36.53831200000008,-85.45025399999997,visual,1.0,1,0
650.0,0,1887,36.53831200000008,-85.45025399999997,visual,1.0,1,0
650.0,0,1887,36.53831200000008,-85.45025399999997,visual,1.0,2,0
650.0,0,1887,36.53831200000008,-85.45025399999997,visual,1.0,2,0
650.0,0,1887,36.53831200000008,-85.45025399999997,visual,1.0,3,0
650.0,0,1887,36.53831200000008,-85.45025399999997,visual,1.3611111111111112,0,0
680.0,0,4203,39.00785700000006,-86.50045999999998,visual,1.0,1,0
680.0,0,4203,39.00785700000006,-86.50045999999998,visual,1.0,1,0
680.0,0,4203,39.00785700000006,-86.50045999999998,visual,1.0,2,0
680.0,0,4203,39.00785700000006,-86.50045999999998,visual,1.0,2,0
680.0,0,4203,39.00785700000006,-86.50045999999998,visual,1.0,3,0
680.0,0,4203,39.00785700000006,-86.50045999999998,visual,1.3777777777777778,0,0
680.0,0,4203,39.008,-86.5,sar,1.0,1,0
680.0,0,4203,39.008,-86.5,sar,1.0,1,0
680.0,0,4203,39.008,-86.5,sar,1.0,2,0
680.0,0,4203,39.008,-86.5,sar,1.3777777777777778,0,0
680.0,0,4203,39.008,-86.5,thermal,1.0,1,0
680.0,0,4203,39.008,-86.5,thermal,1.0,1,0
680.0,0,4203,39.008,-86.5,thermal,1.0,2,0
680.0,0,4203,39.008,-86.5,thermal,1.0,2,0
680.0,0,4203,39.008,-86.5,thermal,1.0,3,0
680.0,0,4203,39.008,-86.5,thermal,1.3777777777777778,0,0
750.0,0,139,42.34796900000004,-82.94305199999997,visual,1.0,1,0
750.0,0,139,42.34796900000004,-82.94305199999997,visual,1.0,1,0
750.0,0,139,42.34796900000004,-82.94305199999997,visual,1.0,2,0
750.0,0,139,42.34796900000004,-82.94305199999997,visual,1.0,2,0
750.0,0,139,42.34796900000004,-82.94305199999997,visual,1.0,3,0
750.0,0,139,42.34796900000004,-82.94305199999997,visual,1.4166666666666667,0,0
750.0,0,139,42.348,-82.943,sar,1.0,1,0
750.0,0,139,42.348,-82.943,sar,1.0,1,0
750.0,0,139,42.348,-82.943,sar,1.0,2,0
750.0,0,139,42.348,-82.943,sar,1.4166666666666667,0,0
750.0,0,139,42.348,-82.943,thermal,1.0,1,0
750.0,0,139,42.348,-82.943,thermal,1.0,1,0
750.0,0,139,42.348,-82.943,thermal,1.0,2,0
750.0,0,139,42.348,-82.943,thermal,1.0,2,0
750.0,0,139,42.348,-82.943,thermal,1.0,3,0
750.0,0,139,42.348,-82.943,thermal,1.4166666666666667,0,0
760.0,0,1,42.999,-82.423,sar,1.0,1,0
760.0,0,1,42.999,-82.423,sar,1.0,1,0
760.0,0,1,42.999,-82.423,sar,1.0,2,0
760.0,0,1,42.999,-82.423,sar,1.4222222222222223,0,0
760.0,0,1,42.999,-82.423,thermal,1.0,1,0
760.0,0,1,42.999,-82.423,thermal,1.0,1,0
760.0,0,1,42.999,-82.423,thermal,1.0,2,0
760.0,0,1,42.999,-82.423,thermal,1.0,2,0
760.0,0,1,42.999,-82.423,thermal,1.0,3,0
760.0,0,1,42.999,-82.423,thermal,1.4222222222222223,0,0
760.0,0,1,42.99940300000003,-82.42257599999994,visual,1.0,1,0
760.0,0,1,42.99940300000003,-82.42257599999994,visual,1.0,1,0
760.0,0,1,42.99940300000003,-82.42257599999994,visual,1.0,2,0
760.0,0,1,42.99940300000003,-82.42257599999994,visual,1.0,2,0
760.0,0,1,42.99940300000003,-82.42257599999994,visual,1.0,3,0
760.0,0,1,42.99940300000003,-82.42257599999994,visual,1.4222222222222223,0,0
780.0,0,4820,44.85550600000005,-83.59687499999995,visual,1.0,1,0
780.0,0,4820,44.85550600000005,-83.59687499999995,visual,1.0,1,0
780.0,0,4820,44.85550600000005,-83.59687499999995,visual,1.0,2,0
780.0,0,4820,44.85550600000005,-83.59687499999995,visual,1.0,2,0
780.0,0,4820,44.85550600000005,-83.59687499999995,visual,1.0,3,0
780.0,0,4820,44.85550600000005,-83.59687499999995,visual,1.4333333333333333,0,0
780.0,0,4820,44.856,-83.597,sar,1.0,1,0
780.0,0,4820,44.856,-83.597,sar,1.0,1,0
780.0,0,4820,44.856,-83.597,sar,1.0,2,0
780.0,0,4820,44.856,-83.597,sar,1.4333333333333333,0,0
780.0,0,4820,44.856,-83.597,thermal,1.0,1,0
780.0,0,4820,44.856,-83.597,thermal,1.0,1,0
780.0,0,4820,44.856,-83.597,thermal,1.0,2,0
780.0,0,4820,44.856,-83.597,thermal,1.0,2,0
780.0,0,4820,44.856,-83.597,thermal,1.0,3,0
780.0,0,4820,44.856,-83.597,thermal,1.4333333333333333,0,0
800.0,0,1621,45.70358500000003,-81.99630899999994,visual,1.0,1,0
800.0,0,1621,45.70358500000003,-81.99630899999994,visual,1.0,1,0
800.0,0,1621,45.70358500000003,-81.99630899999994,visual,1.0,2,0
800.0,0,1621,45.70358500000003,-81.99630899999994,visual,1.0,2,0
800.0,0,1621,45.70358500000003,-81.99630899999994,visual,1.0,3,0
800.0,0,1621,45.70358500000003,-81.99630899999994,visual,1.4444444444444444,0,0
800.0,0,1621,45.704,-81.996,sar,1.0,1,0
800.0,0,1621,45.704,-81.996,sar,1.0,1,0
800.0,0,1621,45.704,-81.996,sar,1.0,2,0
800.0,0,1621,45.704,-81.996,sar,1.4444444444444444,0,0
800.0,0,1621,45.704,-81.996,thermal,1.0,1,0
800.0,0,1621,45.704,-81.996,thermal,1.0,1,0
800.0,0,1621,45.704,-81.996,thermal,1.0,2,0
800.0,0,1621,45.704,-81.996,thermal,1.0,2,0
800.0,0,1621,45.704,-81.996,thermal,1.0,3,0
800.0,0,1621,45.704,-81.996,thermal,1.4444444444444444,0,0
810.0,0,2024,46.207817000000034,-81.50970399999994,visual,1.0,1,0
810.0,0,2024,46.207817000000034,-81.50970399999994,visual,1.0,1,0
810.0,0,2024,46.207817000000034,-81.50970399999994,visual,1.0,2,0
810.0,0,2024,46.207817000000034,-81.50970399999994,visual,1.0,2,0
810.0,0,2024,46.207817000000034,-81.50970399999994,visual,1.0,3,0
810.0,0,2024,46.207817000000034,-81.50970399999994,visual,1.45,0,0
810.0,0,2024,46.208,-81.51,sar,1.0,1,0
810.0,0,2024,46.208,-81.51,sar,1.0,1,0
810.0,0,2024,46.208,-81.51,sar,1.0,2,0
810.0,0,2024,46.208,-81.51,sar,1.45,0,0
810.0,0,2024,46.208,-81.51,thermal,1.0,1,0
810.0,0,2024,46.208,-81.51,thermal,1.0,1,0
810.0,0,2024,46.208,-81.51,thermal,1.0,2,0
810.0,0,2024,46.208,-81.51,thermal,1.0,2,0
810.0,0,2024,46.208,-81.51,thermal,1.0,3,0
810.0,0,2024,46.208,-81.51,thermal,1.45,0,0
820.0,0,1290,46.66597400000006,-80.67220899999995,visual,1.0,1,0
820.0,0,1290,46.66597400000006,-80.67220899999995,visual,1.0,1,0
820.0,0,1290,46.66597400000006,-80.67220899999995,visual,1.0,2,0
820.0,0,1290,46.66597400000006,-80.67220899999995,visual,1.0,2,0
820.0,0,1290,46.66597400000006,-80.67220899999995,visual,1.0,3,0
820.0,0,1290,46.66597400000006,-80.67220899999995,visual,1.4555555555555555,0,0
820.0,0,1290,46.666,-80.672,sar,1.0,1,0
820.0,0,1290,46.666,-80.672,sar,1.0,1,0
820.0,0,1290,46.666,-80.672,sar,1.0,2,0
820.0,0,1290,46.666,-80.672,sar,1.4555555555555555,0,0
820.0,0,1290,46.666,-80.672,thermal,1.0,1,0
820.0,0,1290,46.666,-80.672,thermal,1.0,1,0
820.0,0,1290,46.666,-80.672,thermal,1.0,2,0
820.0,0,1290,46.666,-80.672,thermal,1.0,2,0
820.0,0,1290,46.666,-80.672,thermal,1.0,3,0
820.0,0,1290,46.666,-80.672,thermal,1.4555555555555555,0,0
830.0,0,761,47.180983000000026,-80.18084699999997,visual,1.0,1,0
830.0,0,761,47.180983000000026,-80.18084699999997,visual,1.0,1,0
830.0,0,761,47.180983000000026,-80.18084699999997,visual,1.0,2,0
830.0,0,761,47.180983000000026,-80.18084699999997,visual,1.0,2,0
830.0,0,761,47.180983000000026,-80.18084699999997,visual,1.0,3,0
830.0,0,761,47.180983000000026,-80.18084699999997,visual,1.4611111111111112,0,0
830.0,0,761,47.181,-80.181,sar,1.0,1,0
830.0,0,761,47.181,-80.181,sar,1.0,1,0
830.0,0,761,47.181,-80.181,sar,1.0,2,0
830.0,0,761,47.181,-80.181,sar,1.4611111111111112,0,0
830.0,0,761,47.181,-80.181,thermal,1.0,1,0
830.0,0,761,47.181,-80.181,thermal,1.0,1,0
830.0,0,761,47.181,-80.181,thermal,1.0,2,0
830.0,0,761,47.181,-80.181,thermal,1.0,2,0
830.0,0,761,47.181,-80.181,thermal,1.0,3,0
830.0,0,761,47.181,-80.181,thermal,1.4611111111111112,0,0
840.0,0,524,47.556,-79.239,sar,1.0,1,0
840.0,0,524,47.556,-79.239,sar,1.0,1,0
840.0,0,524,47.556,-79.239,sar,1.0,2,0
840.0,0,524,47.556,-79.239,sar,1.4666666666666668,0,0
840.0,0,524,47.556,-79.239,thermal,1.0,1,0
840.0,0,524,47.556,-79.239,thermal,1.0,1,0
840.0,0,524,47.556,-79.239,thermal,1.0,2,0
840.0,0,524,47.556,-79.239,thermal,1.0,2,0
840.0,0,524,47.556,-79.239,thermal,1.0,3,0
840.0,0,524,47.556,-79.239,thermal,1.4666666666666668,0,0
840.0,0,524,47.556366000000025,-79.23935399999993,visual,1.0,1,0
840.0,0,524,47.556366000000025,-79.23935399999993,visual,1.0,1,0
840.0,0,524,47.556366000000025,-79.23935399999993,visual,1.0,2,0
840.0,0,524,47.556366000000025,-79.23935399999993,visual,1.0,2,0
840.0,0,524,47.556366000000025,-79.23935399999993,visual,1.0,3,0
840.0,0,524,47.556366000000025,-79.23935399999993,visual,1.4666666666666668,0,0
850.0,0,919,47.76754000000005,-78.31562499999995,visual,1.0,1,0
850.0,0,919,47.76754000000005,-78.31562499999995,visual,1.0,1,0
850.0,0,919,47.76754000000005,-78.31562499999995,visual,1.0,2,0
850.0,0,919,47.76754000000005,-78.31562499999995,visual,1.0,2,0
850.0,0,919,47.76754000000005,-78.31562499999995,visual,1.0,3,0
850.0,0,919,47.76754000000005,-78.31562499999995,visual,1.4722222222222223,0,0
850.0,0,919,47.768,-78.316,sar,1.0,1,0
850.0,0,919,47.768,-78.316,sar,1.0,1,0
850.0,0,919,47.768,-78.316,sar,1.0,2,0
850.0,0,919,47.768,-78.316,sar,1.4722222222222223,0,0
850.0,0,919,47.768,-78.316,thermal,1.0,1,0
850.0,0,919,47.768,-78.316,thermal,1.0,1,0
850.0,0,919,47.768,-78.316,thermal,1.0,2,0
850.0,0,919,47.768,-78.316,thermal,1.0,2,0
850.0,0,919,47.768,-78.316,thermal,1.0,3,0
850.0,0,919,47.768,-78.316,thermal,1.4722222222222223,0,0
860.0,0,1532,48.39277200000004,-78.35729199999997,visual,1.0,1,0
860.0,0,1532,48.39277200000004,-78.35729199999997,visual,1.0,1,0
860.0,0,1532,48.39277200000004,-78.35729199999997,visual,1.0,2,0
860.0,0,1532,48.39277200000004,-78.35729199999997,visual,1.0,2,0
860.0,0,1532,48.39277200000004,-78.35729199999997,visual,1.0,3,0
860.0,0,1532,48.39277200000004,-78.35729199999997,visual,1.4777777777777779,0,0
860.0,0,1532,48.393,-78.357,sar,1.0,1,0
860.0,0,1532,48.393,-78.357,sar,1.0,1,0
860.0,0,1532,48.393,-78.357,sar,1.0,2,0
860.0,0,1532,48.393,-78.357,sar,1.4777777777777779,0,0
860.0,0,1532,48.393,-78.357,thermal,1.0,1,0
860.0,0,1532,48.393,-78.357,thermal,1.0,1,0
860.0,0,1532,48.393,-78.357,thermal,1.0,2,0
860.0,0,1532,48.393,-78.357,thermal,1.0,2,0
860.0,0,1532,48.393,-78.357,thermal,1.0,3,0
860.0,0,1532,48.393,-78.357,thermal,1.4777777777777779,0,0
860.0,0,1534,48.46533300000005,-78.12563799999998,sar,1.4777777777777779,0,0
860.0,0,1534,48.46533300000005,-78.12563799999998,sar,10.0,0,1
860.0,0,1534,48.46533300000005,-78.12563799999998,sar,10.0,0,1
860.0,0,1534,48.46533300000005,-78.12563799999998,sar,10.0,0,2
860.0,0,1534,48.46533300000005,-78.12563799999998,sar,10.0,0,2
860.0,0,1534,48.46533300000005,-78.12563799999998,sar,10.0,0,3
860.0,0,1534,48.46533300000005,-78.12563799999998,thermal,1.4777777777777779,0,0
860.0,0,1534,48.46533300000005,-78.12563799999998,thermal,10.0,0,1
860.0,0,1534,48.46533300000005,-78.12563799999998,thermal,10.0,0,1
860.0,0,1534,48.46533300000005,-78.12563799999998,thermal,10.0,0,2
870.0,0,1292,48.72208500000005,-77.04381599999994,visual,1.0,1,0
870.0,0,1292,48.72208500000005,-77.04381599999994,visual,1.4833333333333334,0,0
880.0,0,3520,49.03725400000008,-76.96722599999998,visual,1.0,1,0
880.0,0,3520,49.03725400000008,-76.96722599999998,visual,1.488888888888889,0,0
890.0,0,493,49.84243800000007,-76.91706999999997,visual,1.0,1,0
890.0,0,493,49.84243800000007,-76.91706999999997,visual,1.4944444444444445,0,0
900.0,0,1049,50.41269300000005,-76.70241899999996,visual,1.0,1,0
900.0,0,1049,50.41269300000005,-76.70241899999996,visual,1.0,1,0
900.0,0,1049,50.41269300000005,-76.70241899999996,visual,1.0,2,0
900.0,0,1049,50.41269300000005,-76.70241899999996,visual,1.0,2,0
900.0,0,1049,50.41269300000005,-76.70241899999996,visual,1.0,3,0
900.0,0,1049,50.41269300000005,-76.70241899999996,visual,1.5,0,0
900.0,0,1049,50.413,-76.702,sar,1.0,1,0
900.0,0,1049,50.413,-76.702,sar,1.0,1,0
900.0,0,1049,50.413,-76.702,sar,1.0,2,0
900.0,0,1049,50.413,-76.702,sar,1.5,0,0
900.0,0,1049,50.413,-76.702,thermal,1.0,1,0
900.0,0,1049,50.413,-76.702,thermal,1.0,1,0
900.0,0,1049,50.413,-76.702,thermal,1.0,2,0
900.0,0,1049,50.413,-76.702,thermal,1.0,2,0
900.0,0,1049,50.413,-76.702,thermal,1.0,3,0
900.0,0,1049,50.413,-76.702,thermal,1.5,0,0
910.0,0,367,51.036,-76.865,sar,1.0,1,0
910.0,0,367,51.036,-76.865,sar,1.0,1,0
910.0,0,367,51.036,-76.865,sar,1.0,2,0
910.0,0,367,51.036,-76.865,sar,1.5055555555555555,0,0
910.0,0,367,51.036,-76.865,thermal,1.0,1,0
910.0,0,367,51.036,-76.865,thermal,1.0,1,0
910.0,0,367,51.036,-76.865,thermal,1.0,2,0
910.0,0,367,51.036,-76.865,thermal,1.0,2,0
910.0,0,367,51.036,-76.865,thermal,1.0,3,0
910.0,0,367,51.036,-76.865,thermal,1.5055555555555555,0,0
910.0,0,367,51.03610600000008,-76.86496399999999,visual,1.0,1,0
910.0,0,367,51.03610600000008,-76.86496399999999,visual,1.0,1,0
910.0,0,367,51.03610600000008,-76.86496399999999,visual,1.0,2,0
910.0,0,367,51.03610600000008,-76.86496399999999,visual,1.0,2,0
910.0,0,367,51.03610600000008,-76.86496399999999,visual,1.0,3,0
910.0,0,367,51.03610600000008,-76.86496399999999,visual,1.5055555555555555,0,0
920.0,0,188,52.211505000000045,-76.58385099999998,visual,1.0,1,0
920.0,0,188,52.211505000000045,-76.58385099999998,visual,1.0,1,0
920.0,0,188,52.211505000000045,-76.58385099999998,visual,1.0,2,0
920.0,0,188,52.211505000000045,-76.58385099999998,visual,1.0,2,0
920.0,0,188,52.211505000000045,-76.58385099999998,visual,1.0,3,0
920.0,0,188,52.211505000000045,-76.58385099999998,visual,1.511111111111111,0,0
920.0,0,188,52.212,-76.584,sar,1.0,1,0
920.0,0,188,52.212,-76.584,sar,1.0,1,0
920.0,0,188,52.212,-76.584,sar,1.0,2,0
920.0,0,188,52.212,-76.584,sar,1.511111111111111,0,0
920.0,0,188,52.212,-76.584,thermal,1.0,1,0
920.0,0,188,52.212,-76.584,thermal,1.0,1,0
920.0,0,188,52.212,-76.584,thermal,1.0,2,0
920.0,0,188,52.212,-76.584,thermal,1.0,2,0
920.0,0,188,52.212,-76.584,thermal,1.0,3,0
920.0,0,188,52.212,-76.584,thermal,1.511111111111111,0,0
930.0,0,1283,52.94285500000007,-76.78020799999996,visual,1.0,1,0
930.0,0,1283,52.94285500000007,-76.78020799999996,visual,1.0,1,0
930.0,0,1283,52.94285500000007,-76.78020799999996,visual,1.0,2,0
930.0,0,1283,52.94285500000007,-76.78020799999996,visual,1.0,2,0
930.0,0,1283,52.94285500000007,-76.78020799999996,visual,1.0,3,0
930.0,0,1283,52.94285500000007,-76.78020799999996,visual,1.5166666666666666,0,0
930.0,0,1283,52.943,-76.78,sar,1.0,1,0
930.0,0,1283,52.943,-76.78,sar,1.0,1,0
930.0,0,1283,52.943,-76.78,sar,1.0,2,0
930.0,0,1283,52.943,-76.78,sar,1.5166666666666666,0,0
930.0,0,1283,52.943,-76.78,thermal,1.0,1,0
930.0,0,1283,52.943,-76.78,thermal,1.0,1,0
930.0,0,1283,52.943,-76.78,thermal,1.0,2,0
930.0,0,1283,52.943,-76.78,thermal,1.0,2,0
930.0,0,1283,52.943,-76.78,thermal,1.0,3,0
930.0,0,1283,52.943,-76.78,thermal,1.5166666666666666,0,0
940.0,0,266,53.46763400000003,-76.67280799999997,visual,1.0,1,0
940.0,0,266,53.46763400000003,-76.67280799999997,visual,1.0,1,0
940.0,0,266,53.46763400000003,-76.67280799999997,visual,1.0,2,0
940.0,0,266,53.46763400000003,-76.67280799999997,visual,1.0,2,0
940.0,0,266,53.46763400000003,-76.67280799999997,visual,1.0,3,0
940.0,0,266,53.46763400000003,-76.67280799999997,visual,1.5222222222222221,0,0
940.0,0,266,53.468,-76.673,sar,1.0,1,0
940.0,0,266,53.468,-76.673,sar,1.0,1,0
940.0,0,266,53.468,-76.673,sar,1.0,2,0
940.0,0,266,53.468,-76.673,sar,1.5222222222222221,0,0
940.0,0,266,53.468,-76.673,thermal,1.0,1,0
940.0,0,266,53.468,-76.673,thermal,1.0,1,0
940.0,0,266,53.468,-76.673,thermal,1.0,2,0
940.0,0,266,53.468,-76.673,thermal,1.0,2,0
940.0,0,266,53.468,-76.673,thermal,1.0,3,0
940.0,0,266,53.468,-76.673,thermal,1.5222222222222221,0,0
950.0,0,1613,53.999,-75.431,sar,1.0,1,0
950.0,0,1613,53.999,-75.431,sar,1.0,1,0
950.0,0,1613,53.999,-75.431,sar,1.0,2,0
950.0,0,1613,53.999,-75.431,sar,1.5277777777777777,0,0
950.0,0,1613,53.999,-75.431,thermal,1.0,1,0
950.0,0,1613,53.999,-75.431,thermal,1.0,1,0
950.0,0,1613,53.999,-75.431,thermal,1.0,2,0
950.0,0,1613,53.999,-75.431,thermal,1.0,2,0
950.0,0,1613,53.999,-75.431,thermal,1.0,3,0
950.0,0,1613,53.999,-75.431,thermal,1.5277777777777777,0,0
950.0,0,1613,53.99901100000005,-75.43097399999994,visual,1.0,1,0
950.0,0,1613,53.99901100000005,-75.43097399999994,visual,1.0,1,0
950.0,0,1613,53.99901100000005,-75.43097399999994,visual,1.0,2,0
950.0,0,1613,53.99901100000005,-75.43097399999994,visual,1.0,2,0
950.0,0,1613,53.99901100000005,-75.43097399999994,visual,1.0,3,0
950.0,0,1613,53.99901100000005,-75.43097399999994,visual,1.5277777777777777,0,0
970.0,0,165,54.182,-72.548,sar,1.0,1,0
970.0,0,165,54.182,-72.548,sar,1.0,1,0
970.0,0,165,54.182,-72.548,sar,1.0,2,0
970.0,0,165,54.182,-72.548,sar,1.5388888888888888,0,0
970.0,0,165,54.182,-72.548,thermal,1.0,1,0
970.0,0,165,54.182,-72.548,thermal,1.0,1,0
970.0,0,165,54.182,-72.548,thermal,1.0,2,0
970.0,0,165,54.182,-72.548,thermal,1.0,2,0
970.0,0,165,54.182,-72.548,thermal,1.0,3,0
970.0,0,165,54.182,-72.548,thermal,1.5388888888888888,0,0
970.0,0,165,54.18220800000006,-72.54791699999998,visual,1.0,1,0
970.0,0,165,54.18220800000006,-72.54791699999998,visual,1.0,1,0
970.0,0,165,54.18220800000006,-72.54791699999998,visual,1.0,2,0
970.0,0,165,54.18220800000006,-72.54791699999998,visual,1.0,2,0
970.0,0,165,54.18220800000006,-72.54791699999998,visual,1.0,3,0
970.0,0,165,54.18220800000006,-72.54791699999998,visual,1.5388888888888888,0,0
980.0,0,2158,54.271,-71.746,sar,1.0,1,0
980.0,0,2158,54.271,-71.746,sar,1.0,1,0
980.0,0,2158,54.271,-71.746,sar,1.0,2,0
980.0,0,2158,54.271,-71.746,sar,1.5444444444444443,0,0
980.0,0,2158,54.271,-71.746,thermal,1.0,1,0
980.0,0,2158,54.271,-71.746,thermal,1.0,1,0
980.0,0,2158,54.271,-71.746,thermal,1.0,2,0
980.0,0,2158,54.271,-71.746,thermal,1.0,2,0
980.0,0,2158,54.271,-71.746,thermal,1.0,3,0
980.0,0,2158,54.271,-71.746,thermal,1.5444444444444443,0,0
980.0,0,2158,54.27131700000007,-71.74622199999999,visual,1.0,1,0
980.0,0,2158,54.27131700000007,-71.74622199999999,visual,1.0,1,0
980.0,0,2158,54.27131700000007,-71.74622199999999,visual,1.0,2,0
980.0,0,2158,54.27131700000007,-71.74622199999999,visual,1.0,2,0
980.0,0,2158,54.27131700000007,-71.74622199999999,visual,1.0,3,0
980.0,0,2158,54.27131700000007,-71.74622199999999,visual,1.5444444444444443,0,0
990.0,0,2409,55.279,-71.639,sar,1.0,1,0
990.0,0,2409,55.279,-71.639,sar,1.0,1,0
990.0,0,2409,55.279,-71.639,sar,1.0,2,0
990.0,0,2409,55.279,-71.639,sar,1.55,0,0
990.0,0,2409,55.279,-71.639,thermal,1.0,1,0
990.0,0,2409,55.279,-71.639,thermal,1.0,1,0
990.0,0,2409,55.279,-71.639,thermal,1.0,2,0
990.0,0,2409,55.279,-71.639,thermal,1.0,2,0
990.0,0,2409,55.279,-71.639,thermal,1.0,3,0
990.0,0,2409,55.279,-71.639,thermal,1.55,0,0
990.0,0,2409,55.279427000000055,-71.63867199999999,visual,1.0,1,0
990.0,0,2409,55.279427000000055,-71.63867199999999,visual,1.0,1,0
990.0,0,2409,55.279427000000055,-71.63867199999999,visual,1.0,2,0
990.0,0,2409,55.279427000000055,-71.63867199999999,visual,1.0,2,0
990.0,0,2409,55.279427000000055,-71.63867199999999,visual,1.0,3,0
990.0,0,2409,55.279427000000055,-71.63867199999999,visual,1.55,0,0
1000.0,0,1527,55.969,-72.234,sar,1.0,1,0
1000.0,0,1527,55.969,-72.234,sar,1.0,1,0
1000.0,0,1527,55.969,-72.234,sar,1.0,2,0
1000.0,0,1527,55.969,-72.234,sar,1.5555555555555556,0,0
1000.0,0,1527,55.969,-72.234,thermal,1.0,1,0
1000.0,0,1527,55.969,-72.234,thermal,1.0,1,0
1000.0,0,1527,55.969,-72.234,thermal,1.0,2,0
1000.0,0,1527,55.969,-72.234,thermal,1.0,2,0
1000.0,0,1527,55.969,-72.234,thermal,1.0,3,0
1000.0,0,1527,55.969,-72.234,thermal,1.5555555555555556,0,0
1000.0,0,1527,55.96920600000004,-72.23358999999994,visual,1.0,1,0
1000.0,0,1527,55.96920600000004,-72.23358999999994,visual,1.0,1,0
1000.0,0,1527,55.96920600000004,-72.23358999999994,visual,1.0,2,0
1000.0,0,1527,55.96920600000004,-72.23358999999994,visual,1.0,2,0
1000.0,0,1527,55.96920600000004,-72.23358999999994,visual,1.0,3,0
1000.0,0,1527,55.96920600000004,-72.23358999999994,visual,1.5555555555555556,0,0
1020.0,0,1329,56.109,-68.313,sar,1.0,1,0
1020.0,0,1329,56.109,-68.313,sar,1.0,1,0
1020.0,0,1329,56.109,-68.313,sar,1.0,2,0
1020.0,0,1329,56.109,-68.313,sar,1.5666666666666667,0,0
1020.0,0,1329,56.109,-68.313,thermal,1.0,1,0
1020.0,0,1329,56.109,-68.313,thermal,1.0,1,0
1020.0,0,1329,56.109,-68.313,thermal,1.0,2,0
1020.0,0,1329,56.109,-68.313,thermal,1.0,2,0
1020.0,0,1329,56.109,-68.313,thermal,1.0,3,0
1020.0,0,1329,56.109,-68.313,thermal,1.5666666666666667,0,0
1020.0,0,1329,56.10925300000008,-68.31288899999998,visual,1.0,1,0
1020.0,0,1329,56.10925300000008,-68.31288899999998,visual,1.0,1,0
1020.0,0,1329,56.10925300000008,-68.31288899999998,visual,1.0,2,0
1020.0,0,1329,56.10925300000008,-68.31288899999998,visual,1.0,2,0
1020.0,0,1329,56.10925300000008,-68.31288899999998,visual,1.0,3,0
1020.0,0,1329,56.10925300000008,-68.31288899999998,visual,1.5666666666666667,0,0
1030.0,0,1899,56.367,-67.812,sar,1.0,1,0
1030.0,0,1899,56.367,-67.812,sar,1.0,1,0
1030.0,0,1899,56.367,-67.812,sar,1.0,2,0
1030.0,0,1899,56.367,-67.812,sar,1.5722222222222222,0,0
1030.0,0,1899,56.367,-67.812,thermal,1.0,1,0
1030.0,0,1899,56.367,-67.812,thermal,1.0,1,0
1030.0,0,1899,56.367,-67.812,thermal,1.0,2,0
1030.0,0,1899,56.367,-67.812,thermal,1.0,2,0
1030.0,0,1899,56.367,-67.812,thermal,1.0,3,0
1030.0,0,1899,56.367,-67.812,thermal,1.5722222222222222,0,0
1030.0,0,1899,56.367323000000056,-67.81178999999997,visual,1.0,1,0
1030.0,0,1899,56.367323000000056,-67.81178999999997,visual,1.0,1,0
1030.0,0,1899,56.367323000000056,-67.81178999999997,visual,1.0,2,0
1030.0,0,1899,56.367323000000056,-67.81178999999997,visual,1.0,2,0
1030.0,0,1899,56.367323000000056,-67.81178999999997,visual,1.0,3,0
1030.0,0,1899,56.367323000000056,-67.81178999999997,visual,1.5722222222222222,0,0
1040.0,0,2775,56.81,-66.719,sar,1.0,1,0
1040.0,0,2775,56.81,-66.719,sar,1.0,1,0
1040.0,0,2775,56.81,-66.719,sar,1.0,2,0
1040.0,0,2775,56.81,-66.719,sar,1.5777777777777777,0,0
1040.0,0,2775,56.81,-66.719,thermal,1.0,1,0
1040.0,0,2775,56.81,-66.719,thermal,1.0,1,0
1040.0,0,2775,56.81,-66.719,thermal,1.0,2,0
1040.0,0,2775,56.81,-66.719,thermal,1.0,2,0
1040.0,0,2775,56.81,-66.719,thermal,1.0,3,0
1040.0,0,2775,56.81,-66.719,thermal,1.5777777777777777,0,0
1040.0,0,2775,56.81019100000003,-66.71910999999994,visual,1.0,1,0
1040.0,0,2775,56.81019100000003,-66.71910999999994,visual,1.0,1,0
1040.0,0,2775,56.81019100000003,-66.71910999999994,visual,1.0,2,0
1040.0,0,2775,56.81019100000003,-66.71910999999994,visual,1.0,2,0
1040.0,0,2775,56.81019100000003,-66.71910999999994,visual,1.0,3,0
1040.0,0,2775,56.81019100000003,-66.71910999999994,visual,1.5777777777777777,0,0
1050.0,0,2152,57.504,-66.603,sar,1.0,1,0
1050.0,0,2152,57.504,-66.603,sar,1.0,1,0
1050.0,0,2152,57.504,-66.603,sar,1.0,2,0
1050.0,0,2152,57.504,-66.603,sar,1.5833333333333335,0,0
1050.0,0,2152,57.504,-66.603,thermal,1.0,1,0
1050.0,0,2152,57.504,-66.603,thermal,1.0,1,0
1050.0,0,2152,57.504,-66.603,thermal,1.0,2,0
1050.0,0,2152,57.504,-66.603,thermal,1.0,2,0
1050.0,0,2152,57.504,-66.603,thermal,1.0,3,0
1050.0,0,2152,57.504,-66.603,thermal,1.5833333333333335,0,0
1050.0,0,2152,57.50437000000005,-66.60282399999994,visual,1.0,1,0
1050.0,0,2152,57.50437000000005,-66.60282399999994,visual,1.0,1,0
1050.0,0,2152,57.50437000000005,-66.60282399999994,visual,1.0,2,0
1050.0,0,2152,57.50437000000005,-66.60282399999994,visual,1.0,2,0
1050.0,0,2152,57.50437000000005,-66.60282399999994,visual,1.0,3,0
1050.0,0,2152,57.50437000000005,-66.60282399999994,visual,1.5833333333333335,0,0
1060.0,0,3401,57.909,-66.377,sar,1.0,1,0
1060.0,0,3401,57.909,-66.377,sar,1.0,1,0
1060.0,0,3401,57.909,-66.377,sar,1.0,2,0
1060.0,0,3401,57.909,-66.377,sar,1.588888888888889,0,0
1060.0,0,3401,57.909,-66.377,thermal,1.0,1,0
1060.0,0,3401,57.909,-66.377,thermal,1.0,1,0
1060.0,0,3401,57.909,-66.377,thermal,1.0,2,0
1060.0,0,3401,57.909,-66.377,thermal,1.0,2,0
1060.0,0,3401,57.909,-66.377,thermal,1.0,3,0
1060.0,0,3401,57.909,-66.377,thermal,1.588888888888889,0,0
1060.0,0,3401,57.90936300000004,-66.37655999999998,visual,1.0,1,0
1060.0,0,3401,57.90936300000004,-66.37655999999998,visual,1.0,1,0
1060.0,0,3401,57.90936300000004,-66.37655999999998,visual,1.0,2,0
1060.0,0,3401,57.90936300000004,-66.37655999999998,visual,1.0,2,0
1060.0,0,3401,57.90936300000004,-66.37655999999998,visual,1.0,3,0
1060.0,0,3401,57.90936300000004,-66.37655999999998,visual,1.588888888888889,0,0
1070.0,0,4777,58.02471000000003,-64.95583299999998,visual,1.0,1,0
1070.0,0,4777,58.02471000000003,-64.95583299999998,visual,1.0,1,0
1070.0,0,4777,58.02471000000003,-64.95583299999998,visual,1.0,2,0
1070.0,0,4777,58.02471000000003,-64.95583299999998,visual,1.0,2,0
1070.0,0,4777,58.02471000000003,-64.95583299999998,visual,1.0,3,0
1070.0,0,4777,58.02471000000003,-64.95583299999998,visual,1.5944444444444446,0,0
1070.0,0,4777,58.025,-64.956,sar,1.0,1,0
1070.0,0,4777,58.025,-64.956,sar,1.0,1,0
1070.0,0,4777,58.025,-64.956,sar,1.0,2,0
1070.0,0,4777,58.025,-64.956,sar,1.5944444444444446,0,0
1070.0,0,4777,58.025,-64.956,thermal,1.0,1,0
1070.0,0,4777,58.025,-64.956,thermal,1.0,1,0
1070.0,0,4777,58.025,-64.956,thermal,1.0,2,0
1070.0,0,4777,58.025,-64.956,thermal,1.0,2,0
1070.0,0,4777,58.025,-64.956,thermal,1.0,3,0
1070.0,0,4777,58.025,-64.956,thermal,1.5944444444444446,0,0
1220.0,0,2760,63.74,-50.302,sar,1.0,1,0
1220.0,0,2760,63.74,-50.302,sar,1.0,1,0
1220.0,0,2760,63.74,-50.302,sar,1.0,2,0
1220.0,0,2760,63.74,-50.302,sar,1.6777777777777778,0,0
1220.0,0,2760,63.74,-50.302,thermal,1.0,1,0
1220.0,0,2760,63.74,-50.302,thermal,1.0,1,0
1220.0,0,2760,63.74,-50.302,thermal,1.0,2,0
1220.0,0,2760,63.74,-50.302,thermal,1.0,2,0
1220.0,0,2760,63.74,-50.302,thermal,1.0,3,0
1220.0,0,2760,63.74,-50.302,thermal,1.6777777777777778,0,0
1220.0,0,2760,63.74017900000007,-50.30210699999998,visual,1.0,1,0
1220.0,0,2760,63.74017900000007,-50.30210699999998,visual,1.0,1,0
1220.0,0,2760,63.74017900000007,-50.30210699999998,visual,1.0,2,0
1220.0,0,2760,63.74017900000007,-50.30210699999998,visual,1.0,2,0
1220.0,0,2760,63.74017900000007,-50.30210699999998,visual,1.0,3,0
1220.0,0,2760,63.74017900000007,-50.30210699999998,visual,1.6777777777777778,0,0
1240.0,0,1037,65.17957300000006,-50.23370799999998,visual,1.0,1,0
1240.0,0,1037,65.17957300000006,-50.23370799999998,visual,1.0,1,0
1240.0,0,1037,65.17957300000006,-50.23370799999998,visual,1.0,2,0
1240.0,0,1037,65.17957300000006,-50.23370799999998,visual,1.0,2,0
1240.0,0,1037,65.17957300000006,-50.23370799999998,visual,1.0,3,0
1240.0,0,1037,65.17957300000006,-50.23370799999998,visual,1.6888888888888889,0,0
1240.0,0,1037,65.18,-50.234,sar,1.0,1,0
1240.0,0,1037,65.18,-50.234,sar,1.0,1,0
1240.0,0,1037,65.18,-50.234,sar,1.0,2,0
1240.0,0,1037,65.18,-50.234,sar,1.6888888888888889,0,0
1240.0,0,1037,65.18,-50.234,thermal,1.0,1,0
1240.0,0,1037,65.18,-50.234,thermal,1.0,1,0
1240.0,0,1037,65.18,-50.234,thermal,1.0,2,0
1240.0,0,1037,65.18,-50.234,thermal,1.0,2,0
1240.0,0,1037,65.18,-50.234,thermal,1.0,3,0
1240.0,0,1037,65.18,-50.234,thermal,1.6888888888888889,0,0
1440.0,0,3180,65.218,-19.681,sar,1.0,1,0
1440.0,0,3180,65.218,-19.681,sar,1.0,1,0
1440.0,0,3180,65.218,-19.681,sar,1.0,2,0
1440.0,0,3180,65.218,-19.681,sar,1.8,0,0
1440.0,0,3180,65.218,-19.681,thermal,1.0,1,0
1440.0,0,3180,65.218,-19.681,thermal,1.0,1,0
1440.0,0,3180,65.218,-19.681,thermal,1.0,2,0
1440.0,0,3180,65.218,-19.681,thermal,1.0,2,0
1440.0,0,3180,65.218,-19.681,thermal,1.0,3,0
1440.0,0,3180,65.218,-19.681,thermal,1.8,0,0
1440.0,0,3180,65.21839900000003,-19.681265999999937,visual,1.0,1,0
1440.0,0,3180,65.21839900000003,-19.681265999999937,visual,1.0,1,0
1440.0,0,3180,65.21839900000003,-19.681265999999937,visual,1.0,2,0
1440.0,0,3180,65.21839900000003,-19.681265999999937,visual,1.0,2,0
1440.0,0,3180,65.21839900000003,-19.681265999999937,visual,1.0,3,0
1440.0,0,3180,65.21839900000003,-19.681265999999937,visual,1.8,0,0
1460.0,0,4397,65.59478500000006,-17.08480899999995,visual,1.0,1,0
1460.0,0,4397,65.59478500000006,-17.08480899999995,visual,1.0,1,0
1460.0,0,4397,65.59478500000006,-17.08480899999995,visual,1.0,2,0
1460.0,0,4397,65.59478500000006,-17.08480899999995,visual,1.0,2,0
1460.0,0,4397,65.59478500000006,-17.08480899999995,visual,1.0,3,0
1460.0,0,4397,65.59478500000006,-17.08480899999995,visual,1.8111111111111111,0,0
1460.0,0,4397,65.595,-17.085,sar,1.0,1,0
1460.0,0,4397,65.595,-17.085,sar,1.0,1,0
1460.0,0,4397,65.595,-17.085,sar,1.0,2,0
1460.0,0,4397,65.595,-17.085,sar,1.8111111111111111,0,0
1460.0,0,4397,65.595,-17.085,thermal,1.0,1,0
1460.0,0,4397,65.595,-17.085,thermal,1.0,1,0
1460.0,0,4397,65.595,-17.085,thermal,1.0,2,0
1460.0,0,4397,65.595,-17.085,thermal,1.0,2,0
1460.0,0,4397,65.595,-17.085,thermal,1.0,3,0
1460.0,0,4397,65.595,-17.085,thermal,1.8111111111111111,0,0
1480.0,0,3147,65.28,-14.423,sar,1.0,1,0
1480.0,0,3147,65.28,-14.423,sar,1.0,1,0
1480.0,0,3147,65.28,-14.423,sar,1.0,2,0
1480.0,0,3147,65.28,-14.423,sar,1.8222222222222222,0,0
1480.0,0,3147,65.28,-14.423,thermal,1.0,1,0
1480.0,0,3147,65.28,-14.423,thermal,1.0,1,0
1480.0,0,3147,65.28,-14.423,thermal,1.0,2,0
1480.0,0,3147,65.28,-14.423,thermal,1.0,2,0
1480.0,0,3147,65.28,-14.423,thermal,1.0,3,0
1480.0,0,3147,65.28,-14.423,thermal,1.8222222222222222,0,0
1480.0,0,3147,65.28004300000003,-14.42330099999998,visual,1.0,1,0
1480.0,0,3147,65.28004300000003,-14.42330099999998,visual,1.0,1,0
1480.0,0,3147,65.28004300000003,-14.42330099999998,visual,1.0,2,0
1480.0,0,3147,65.28004300000003,-14.42330099999998,visual,1.0,2,0
1480.0,0,3147,65.28004300000003,-14.42330099999998,visual,1.0,3,0
1480.0,0,3147,65.28004300000003,-14.42330099999998,visual,1.8222222222222222,0,0
1640.0,0,3387,61.91182600000008,6.114690000000053,visual,1.0,1,0
1640.0,0,3387,61.91182600000008,6.114690000000053,visual,1.0,1,0
1640.0,0,3387,61.91182600000008,6.114690000000053,visual,1.0,2,0
1640.0,0,3387,61.91182600000008,6.114690000000053,visual,1.0,2,0
1640.0,0,3387,61.91182600000008,6.114690000000053,visual,1.0,3,0
1640.0,0,3387,61.91182600000008,6.114690000000053,visual,1.911111111111111,0,0
1640.0,0,3387,61.912,6.115,sar,1.0,1,0
1640.0,0,3387,61.912,6.115,sar,1.0,1,0
1640.0,0,3387,61.912,6.115,sar,1.0,2,0
1640.0,0,3387,61.912,6.115,sar,1.911111111111111,0,0
1640.0,0,3387,61.912,6.115,thermal,1.0,1,0
1640.0,0,3387,61.912,6.115,thermal,1.0,1,0
1640.0,0,3387,61.912,6.115,thermal,1.0,2,0
1640.0,0,3387,61.912,6.115,thermal,1.0,2,0
1640.0,0,3387,61.912,6.115,thermal,1.0,3,0
1640.0,0,3387,61.912,6.115,thermal,1.911111111111111,0,0
1660.0,0,4642,62.398,8.54,sar,1.0,1,0
1660.0,0,4642,62.398,8.54,sar,1.0,1,0
1660.0,0,4642,62.398,8.54,sar,1.0,2,0
1660.0,0,4642,62.398,8.54,sar,1.9222222222222223,0,0
1660.0,0,4642,62.398,8.54,thermal,1.0,1,0
1660.0,0,4642,62.398,8.54,thermal,1.0,1,0
1660.0,0,4642,62.398,8.54,thermal,1.0,2,0
1660.0,0,4642,62.398,8.54,thermal,1.0,2,0
1660.0,0,4642,62.398,8.54,thermal,1.0,3,0
1660.0,0,4642,62.398,8.54,thermal,1.9222222222222223,0,0
1660.0,0,4642,62.39846200000005,8.53958300000005,visual,1.0,1,0
1660.0,0,4642,62.39846200000005,8.53958300000005,visual,1.0,1,0
1660.0,0,4642,62.39846200000005,8.53958300000005,visual,1.0,2,0
1660.0,0,4642,62.39846200000005,8.53958300000005,visual,1.0,2,0
1660.0,0,4642,62.39846200000005,8.53958300000005,visual,1.0,3,0
1660.0,0,4642,62.39846200000005,8.53958300000005,visual,1.9222222222222223,0,0
1680.0,0,2942,63.31276700000007,12.59895800000004,visual,1.0,1,0
1680.0,0,2942,63.31276700000007,12.59895800000004,visual,1.0,1,0
1680.0,0,2942,63.31276700000007,12.59895800000004,visual,1.0,2,0
1680.0,0,2942,63.31276700000007,12.59895800000004,visual,1.0,2,0
1680.0,0,2942,63.31276700000007,12.59895800000004,visual,1.0,3,0
1680.0,0,2942,63.31276700000007,12.59895800000004,visual,1.9333333333333333,0,0
1680.0,0,2942,63.313,12.599,sar,1.0,1,0
1680.0,0,2942,63.313,12.599,sar,1.0,1,0
1680.0,0,2942,63.313,12.599,sar,1.0,2,0
1680.0,0,2942,63.313,12.599,sar,1.9333333333333333,0,0
1680.0,0,2942,63.313,12.599,thermal,1.0,1,0
1680.0,0,2942,63.313,12.599,thermal,1.0,1,0
1680.0,0,2942,63.313,12.599,thermal,1.0,2,0
1680.0,0,2942,63.313,12.599,thermal,1.0,2,0
1680.0,0,2942,63.313,12.599,thermal,1.0,3,0
1680.0,0,2942,63.313,12.599,thermal,1.9333333333333333,0,0
1690.0,0,351,63.304,14.467,sar,1.0,1,0
1690.0,0,351,63.304,14.467,sar,1.0,1,0
1690.0,0,351,63.304,14.467,sar,1.0,2,0
1690.0,0,351,63.304,14.467,sar,1.9388888888888889,0,0
1690.0,0,351,63.304,14.467,thermal,1.0,1,0
1690.0,0,351,63.304,14.467,thermal,1.0,1,0
1690.0,0,351,63.304,14.467,thermal,1.0,2,0
1690.0,0,351,63.304,14.467,thermal,1.0,2,0
1690.0,0,351,63.304,14.467,thermal,1.0,3,0
1690.0,0,351,63.304,14.467,thermal,1.9388888888888889,0,0
1690.0,0,351,63.30438500000008,14.466914000000031,visual,1.0,1,0
1690.0,0,351,63.30438500000008,14.466914000000031,visual,1.0,1,0
1690.0,0,351,63.30438500000008,14.466914000000031,visual,1.0,2,0
1690.0,0,351,63.30438500000008,14.466914000000031,visual,1.0,2,0
1690.0,0,351,63.30438500000008,14.466914000000031,visual,1.0,3,0
1690.0,0,351,63.30438500000008,14.466914000000031,visual,1.9388888888888889,0,0
1700.0,0,2284,62.81089300000008,15.351042000000064,visual,1.0,1,0
1700.0,0,2284,62.81089300000008,15.351042000000064,visual,1.0,1,0
1700.0,0,2284,62.81089300000008,15.351042000000064,visual,1.0,2,0
1700.0,0,2284,62.81089300000008,15.351042000000064,visual,1.0,2,0
1700.0,0,2284,62.81089300000008,15.351042000000064,visual,1.0,3,0
1700.0,0,2284,62.81089300000008,15.351042000000064,visual,1.9444444444444444,0,0
1700.0,0,2284,62.811,15.351,sar,1.0,1,0
1700.0,0,2284,62.811,15.351,sar,1.0,1,0
1700.0,0,2284,62.811,15.351,sar,1.0,2,0
1700.0,0,2284,62.811,15.351,sar,1.9444444444444444,0,0
1700.0,0,2284,62.811,15.351,thermal,1.0,1,0
1700.0,0,2284,62.811,15.351,thermal,1.0,1,0
1700.0,0,2284,62.811,15.351,thermal,1.0,2,0
1700.0,0,2284,62.811,15.351,thermal,1.0,2,0
1700.0,0,2284,62.811,15.351,thermal,1.0,3,0
1700.0,0,2284,62.811,15.351,thermal,1.9444444444444444,0,0
1710.0,0,2646,62.57891400000005,16.42054200000007,visual,1.0,1,0
1710.0,0,2646,62.57891400000005,16.42054200000007,visual,1.0,1,0
1710.0,0,2646,62.57891400000005,16.42054200000007,visual,1.0,2,0
1710.0,0,2646,62.57891400000005,16.42054200000007,visual,1.0,2,0
1710.0,0,2646,62.57891400000005,16.42054200000007,visual,1.0,3,0
1710.0,0,2646,62.57891400000005,16.42054200000007,visual,1.95,0,0
1710.0,0,2646,62.579,16.421,sar,1.0,1,0
1710.0,0,2646,62.579,16.421,sar,1.0,1,0
1710.0,0,2646,62.579,16.421,sar,1.0,2,0
1710.0,0,2646,62.579,16.421,sar,1.95,0,0
1710.0,0,2646,62.579,16.421,thermal,1.0,1,0
1710.0,0,2646,62.579,16.421,thermal,1.0,1,0
1710.0,0,2646,62.579,16.421,thermal,1.0,2,0
1710.0,0,2646,62.579,16.421,thermal,1.0,2,0
1710.0,0,2646,62.579,16.421,thermal,1.0,3,0
1710.0,0,2646,62.579,16.421,thermal,1.95,0,0
1720.0,0,2111,61.865,16.644,sar,1.0,1,0
1720.0,0,2111,61.865,16.644,sar,1.0,1,0
1720.0,0,2111,61.865,16.644,sar,1.0,2,0
1720.0,0,2111,61.865,16.644,sar,1.9555555555555557,0,0
1720.0,0,2111,61.865,16.644,thermal,1.0,1,0
1720.0,0,2111,61.865,16.644,thermal,1.0,1,0
1720.0,0,2111,61.865,16.644,thermal,1.0,2,0
1720.0,0,2111,61.865,16.644,thermal,1.0,2,0
1720.0,0,2111,61.865,16.644,thermal,1.0,3,0
1720.0,0,2111,61.865,16.644,thermal,1.9555555555555557,0,0
1720.0,0,2111,61.86520300000007,16.643750000000068,visual,1.0,1,0
1720.0,0,2111,61.86520300000007,16.643750000000068,visual,1.0,1,0
1720.0,0,2111,61.86520300000007,16.643750000000068,visual,1.0,2,0
1720.0,0,2111,61.86520300000007,16.643750000000068,visual,1.0,2,0
1720.0,0,2111,61.86520300000007,16.643750000000068,visual,1.0,3,0
1720.0,0,2111,61.86520300000007,16.643750000000068,visual,1.9555555555555557,0,0
1750.0,0,4124,61.785,21.735,sar,1.0,1,0
1750.0,0,4124,61.785,21.735,sar,1.0,1,0
1750.0,0,4124,61.785,21.735,sar,1.0,2,0
1750.0,0,4124,61.785,21.735,sar,1.9722222222222223,0,0
1750.0,0,4124,61.785,21.735,thermal,1.0,1,0
1750.0,0,4124,61.785,21.735,thermal,1.0,1,0
1750.0,0,4124,61.785,21.735,thermal,1.0,2,0
1750.0,0,4124,61.785,21.735,thermal,1.0,2,0
1750.0,0,4124,61.785,21.735,thermal,1.0,3,0
1750.0,0,4124,61.785,21.735,thermal,1.9722222222222223,0,0
1750.0,0,4124,61.78530500000005,21.73541700000004,visual,1.0,1,0
1750.0,0,4124,61.78530500000005,21.73541700000004,visual,1.0,1,0
1750.0,0,4124,61.78530500000005,21.73541700000004,visual,1.0,2,0
1750.0,0,4124,61.78530500000005,21.73541700000004,visual,1.0,2,0
1750.0,0,4124,61.78530500000005,21.73541700000004,visual,1.0,3,0
1750.0,0,4124,61.78530500000005,21.73541700000004,visual,1.9722222222222223,0,0
1760.0,0,1772,61.68188200000003,23.18265100000008,visual,1.0,1,0
1760.0,0,1772,61.68188200000003,23.18265100000008,visual,1.0,1,0
1760.0,0,1772,61.68188200000003,23.18265100000008,visual,1.0,2,0
1760.0,0,1772,61.68188200000003,23.18265100000008,visual,1.0,2,0
1760.0,0,1772,61.68188200000003,23.18265100000008,visual,1.0,3,0
1760.0,0,1772,61.68188200000003,23.18265100000008,visual,1.9777777777777779,0,0
1760.0,0,1772,61.682,23.183,sar,1.0,1,0
1760.0,0,1772,61.682,23.183,sar,1.0,1,0
1760.0,0,1772,61.682,23.183,sar,1.0,2,0
1760.0,0,1772,61.682,23.183,sar,1.9777777777777779,0,0
1760.0,0,1772,61.682,23.183,thermal,1.0,1,0
1760.0,0,1772,61.682,23.183,thermal,1.0,1,0
1760.0,0,1772,61.682,23.183,thermal,1.0,2,0
1760.0,0,1772,61.682,23.183,thermal,1.0,2,0
1760.0,0,1772,61.682,23.183,thermal,1.0,3,0
1760.0,0,1772,61.682,23.183,thermal,1.9777777777777779,0,0
1770.0,0,1004,61.959,24.108,sar,1.0,1,0
1770.0,0,1004,61.959,24.108,sar,1.0,1,0
1770.0,0,1004,61.959,24.108,sar,1.0,2,0
1770.0,0,1004,61.959,24.108,sar,1.9833333333333334,0,0
1770.0,0,1004,61.959,24.108,thermal,1.0,1,0
1770.0,0,1004,61.959,24.108,thermal,1.0,1,0
1770.0,0,1004,61.959,24.108,thermal,1.0,2,0
1770.0,0,1004,61.959,24.108,thermal,1.0,2,0
1770.0,0,1004,61.959,24.108,thermal,1.0,3,0
1770.0,0,1004,61.959,24.108,thermal,1.9833333333333334,0,0
1770.0,0,1004,61.95917600000007,24.10794500000003,visual,1.0,1,0
1770.0,0,1004,61.95917600000007,24.10794500000003,visual,1.0,1,0
1770.0,0,1004,61.95917600000007,24.10794500000003,visual,1.0,2,0
1770.0,0,1004,61.95917600000007,24.10794500000003,visual,1.0,2,0
1770.0,0,1004,61.95917600000007,24.10794500000003,visual,1.0,3,0
1770.0,0,1004,61.95917600000007,24.10794500000003,visual,1.9833333333333334,0,0
1780.0,0,2915,61.256,24.623,sar,1.0,1,0
1780.0,0,2915,61.256,24.623,sar,1.0,1,0
1780.0,0,2915,61.256,24.623,sar,1.0,2,0
1780.0,0,2915,61.256,24.623,sar,1.988888888888889,0,0
1780.0,0,2915,61.256,24.623,thermal,1.0,1,0
1780.0,0,2915,61.256,24.623,thermal,1.0,1,0
1780.0,0,2915,61.256,24.623,thermal,1.0,2,0
1780.0,0,2915,61.256,24.623,thermal,1.0,2,0
1780.0,0,2915,61.256,24.623,thermal,1.0,3,0
1780.0,0,2915,61.256,24.623,thermal,1.988888888888889,0,0
1780.0,0,2915,61.25611600000008,24.62291700000003,visual,1.0,1,0
1780.0,0,2915,61.25611600000008,24.62291700000003,visual,1.0,1,0
1780.0,0,2915,61.25611600000008,24.62291700000003,visual,1.0,2,0
1780.0,0,2915,61.25611600000008,24.62291700000003,visual,1.0,2,0
1780.0,0,2915,61.25611600000008,24.62291700000003,visual,1.0,3,0
1780.0,0,2915,61.25611600000008,24.62291700000003,visual,1.988888888888889,0,0
1790.0,0,2714,60.99056300000007,26.548958000000027,visual,1.0,1,0
1790.0,0,2714,60.99056300000007,26.548958000000027,visual,1.0,1,0
1790.0,0,2714,60.99056300000007,26.548958000000027,visual,1.0,2,0
1790.0,0,2714,60.99056300000007,26.548958000000027,visual,1.0,2,0
1790.0,0,2714,60.99056300000007,26.548958000000027,visual,1.0,3,0
1790.0,0,2714,60.99056300000007,26.548958000000027,visual,1.9944444444444445,0,0
1790.0,0,2714,60.991,26.549,sar,1.0,1,0
1790.0,0,2714,60.991,26.549,sar,1.0,1,0
1790.0,0,2714,60.991,26.549,sar,1.0,2,0
1790.0,0,2714,60.991,26.549,sar,1.9944444444444445,0,0
1790.0,0,2714,60.991,26.549,thermal,1.0,1,0
1790.0,0,2714,60.991,26.549,thermal,1.0,1,0
1790.0,0,2714,60.991,26.549,thermal,1.0,2,0
1790.0,0,2714,60.991,26.549,thermal,1.0,2,0
1790.0,0,2714,60.991,26.549,thermal,1.0,3,0
1790.0,0,2714,60.991,26.549,thermal,1.9944444444444445,0,0
1800.0,0,2186,60.941,27.697,sar,1.0,1,0
1800.0,0,2186,60.941,27.697,sar,1.0,1,0
1800.0,0,2186,60.941,27.697,sar,1.0,2,0
1800.0,0,2186,60.941,27.697,sar,2.0,0,0
1800.0,0,2186,60.941,27.697,thermal,1.0,1,0
1800.0,0,2186,60.941,27.697,thermal,1.0,1,0
1800.0,0,2186,60.941,27.697,thermal,1.0,2,0
1800.0,0,2186,60.941,27.697,thermal,1.0,2,0
1800.0,0,2186,60.941,27.697,thermal,1.0,3,0
1800.0,0,2186,60.941,27.697,thermal,2.0,0,0
1800.0,0,2186,60.941373000000056,27.697024000000056,visual,1.0,1,0
1800.0,0,2186,60.941373000000056,27.697024000000056,visual,1.0,1,0
1800.0,0,2186,60.941373000000056,27.697024000000056,visual,1.0,2,0
1800.0,0,2186,60.941373000000056,27.697024000000056,visual,1.0,2,0
1800.0,0,2186,60.941373000000056,27.697024000000056,visual,1.0,3,0
1800.0,0,2186,60.941373000000056,27.697024000000056,visual,2.0,0,0
1810.0,0,4349,60.77066600000006,29.41979200000003,visual,1.0,1,0
1810.0,0,4349,60.77066600000006,29.41979200000003,visual,1.0,1,0
1810.0,0,4349,60.77066600000006,29.41979200000003,visual,1.0,2,0
1810.0,0,4349,60.77066600000006,29.41979200000003,visual,1.0,2,0
1810.0,0,4349,60.77066600000006,29.41979200000003,visual,1.0,3,0
1810.0,0,4349,60.77066600000006,29.41979200000003,visual,2.0055555555555555,0,0
1810.0,0,4349,60.771,29.42,sar,1.0,1,0
1810.0,0,4349,60.771,29.42,sar,1.0,1,0
1810.0,0,4349,60.771,29.42,sar,1.0,2,0
1810.0,0,4349,60.771,29.42,sar,2.0055555555555555,0,0
1810.0,0,4349,60.771,29.42,thermal,1.0,1,0
1810.0,0,4349,60.771,29.42,thermal,1.0,1,0
1810.0,0,4349,60.771,29.42,thermal,1.0,2,0
1810.0,0,4349,60.771,29.42,thermal,1.0,2,0
1810.0,0,4349,60.771,29.42,thermal,1.0,3,0
1810.0,0,4349,60.771,29.42,thermal,2.0055555555555555,0,0
1820.0,0,4160,60.574,30.443,sar,1.0,1,0
1820.0,0,4160,60.574,30.443,sar,1.0,1,0
1820.0,0,4160,60.574,30.443,sar,1.0,2,0
1820.0,0,4160,60.574,30.443,sar,2.011111111111111,0,0
1820.0,0,4160,60.574,30.443,thermal,1.0,1,0
1820.0,0,4160,60.574,30.443,thermal,1.0,1,0
1820.0,0,4160,60.574,30.443,thermal,1.0,2,0
1820.0,0,4160,60.574,30.443,thermal,1.0,2,0
1820.0,0,4160,60.574,30.443,thermal,1.0,3,0
1820.0,0,4160,60.574,30.443,thermal,2.011111111111111,0,0
1820.0,0,4160,60.57403900000003,30.44348100000008,visual,1.0,1,0
1820.0,0,4160,60.57403900000003,30.44348100000008,visual,1.0,1,0
1820.0,0,4160,60.57403900000003,30.44348100000008,visual,1.0,2,0
1820.0,0,4160,60.57403900000003,30.44348100000008,visual,1.0,2,0
1820.0,0,4160,60.57403900000003,30.44348100000008,visual,1.0,3,0
1820.0,0,4160,60.57403900000003,30.44348100000008,visual,2.011111111111111,0,0
1830.0,0,11,59.95278000000008,31.03285100000005,visual,1.0,1,0
1830.0,0,11,59.95278000000008,31.03285100000005,visual,1.0,1,0
1830.0,0,11,59.95278000000008,31.03285100000005,visual,1.0,2,0
1830.0,0,11,59.95278000000008,31.03285100000005,visual,1.0,2,0
1830.0,0,11,59.95278000000008,31.03285100000005,visual,1.0,3,0
1830.0,0,11,59.95278000000008,31.03285100000005,visual,2.0166666666666666,0,0
1830.0,0,11,59.953,31.033,sar,1.0,1,0
1830.0,0,11,59.953,31.033,sar,1.0,1,0
1830.0,0,11,59.953,31.033,sar,1.0,2,0
1830.0,0,11,59.953,31.033,sar,2.0166666666666666,0,0
1830.0,0,11,59.953,31.033,thermal,1.0,1,0
1830.0,0,11,59.953,31.033,thermal,1.0,1,0
1830.0,0,11,59.953,31.033,thermal,1.0,2,0
1830.0,0,11,59.953,31.033,thermal,1.0,2,0
1830.0,0,11,59.953,31.033,thermal,1.0,3,0
1830.0,0,11,59.953,31.033,thermal,2.0166666666666666,0,0
1850.0,0,180,58.45580600000005,31.281179000000066,visual,1.0,1,0
1850.0,0,180,58.45580600000005,31.281179000000066,visual,1.0,1,0
1850.0,0,180,58.45580600000005,31.281179000000066,visual,1.0,2,0
1850.0,0,180,58.45580600000005,31.281179000000066,visual,1.0,2,0
1850.0,0,180,58.45580600000005,31.281179000000066,visual,1.0,3,0
1850.0,0,180,58.45580600000005,31.281179000000066,visual,2.0277777777777777,0,0
1850.0,0,180,58.456,31.281,sar,1.0,1,0
1850.0,0,180,58.456,31.281,sar,1.0,1,0
1850.0,0,180,58.456,31.281,sar,1.0,2,0
1850.0,0,180,58.456,31.281,sar,2.0277777777777777,0,0
1850.0,0,180,58.456,31.281,thermal,1.0,1,0
1850.0,0,180,58.456,31.281,thermal,1.0,1,0
1850.0,0,180,58.456,31.281,thermal,1.0,2,0
1850.0,0,180,58.456,31.281,thermal,1.0,2,0
1850.0,0,180,58.456,31.281,thermal,1.0,3,0
1850.0,0,180,58.456,31.281,thermal,2.0277777777777777,0,0
1870.0,0,4120,57.665,32.964,sar,1.0,1,0
1870.0,0,4120,57.665,32.964,sar,1.0,1,0
1870.0,0,4120,57.665,32.964,sar,1.0,2,0
1870.0,0,4120,57.665,32.964,sar,2.0388888888888888,0,0
1870.0,0,4120,57.665,32.964,thermal,1.0,1,0
1870.0,0,4120,57.665,32.964,thermal,1.0,1,0
1870.0,0,4120,57.665,32.964,thermal,1.0,2,0
1870.0,0,4120,57.665,32.964,thermal,1.0,2,0
1870.0,0,4120,57.665,32.964,thermal,1.0,3,0
1870.0,0,4120,57.665,32.964,thermal,2.0388888888888888,0,0
1870.0,0,4120,57.66540200000003,32.96413000000007,visual,1.0,1,0
1870.0,0,4120,57.66540200000003,32.96413000000007,visual,1.0,1,0
1870.0,0,4120,57.66540200000003,32.96413000000007,visual,1.0,2,0
1870.0,0,4120,57.66540200000003,32.96413000000007,visual,1.0,2,0
1870.0,0,4120,57.66540200000003,32.96413000000007,visual,1.0,3,0
1870.0,0,4120,57.66540200000003,32.96413000000007,visual,2.0388888888888888,0,0
1880.0,0,1178,57.128,33.174,sar,1.0,1,0
1880.0,0,1178,57.128,33.174,sar,1.0,1,0
1880.0,0,1178,57.128,33.174,sar,1.0,2,0
1880.0,0,1178,57.128,33.174,sar,2.0444444444444443,0,0
1880.0,0,1178,57.128,33.174,thermal,1.0,1,0
1880.0,0,1178,57.128,33.174,thermal,1.0,1,0
1880.0,0,1178,57.128,33.174,thermal,1.0,2,0
1880.0,0,1178,57.128,33.174,thermal,1.0,2,0
1880.0,0,1178,57.128,33.174,thermal,1.0,3,0
1880.0,0,1178,57.128,33.174,thermal,2.0444444444444443,0,0
1880.0,0,1178,57.12836800000008,33.17395800000003,visual,1.0,1,0
1880.0,0,1178,57.12836800000008,33.17395800000003,visual,1.0,1,0
1880.0,0,1178,57.12836800000008,33.17395800000003,visual,1.0,2,0
1880.0,0,1178,57.12836800000008,33.17395800000003,visual,1.0,2,0
1880.0,0,1178,57.12836800000008,33.17395800000003,visual,1.0,3,0
1880.0,0,1178,57.12836800000008,33.17395800000003,visual,2.0444444444444443,0,0
1900.0,0,4453,57.00272300000006,36.58797900000008,visual,1.0,1,0
1900.0,0,4453,57.00272300000006,36.58797900000008,visual,1.0,1,0
1900.0,0,4453,57.00272300000006,36.58797900000008,visual,1.0,2,0
1900.0,0,4453,57.00272300000006,36.58797900000008,visual,1.0,2,0
1900.0,0,4453,57.00272300000006,36.58797900000008,visual,1.0,3,0
1900.0,0,4453,57.00272300000006,36.58797900000008,visual,1.0,3,0
1900.0,0,4453,57.00272300000006,36.58797900000008,visual,1.0,4,0
1900.0,0,4453,57.00272300000006,36.58797900000008,visual,1.0,4,0
1900.0,0,4453,57.00272300000006,36.58797900000008,visual,1.0,5,0
1900.0,0,4453,57.00272300000006,36.58797900000008,visual,1.0,5,0
1900.0,0,4453,57.00272300000006,36.58797900000008,visual,1.0,6,0
1900.0,0,4453,57.00272300000006,36.58797900000008,visual,2.0555555555555554,0,0
1900.0,0,4453,57.003,36.588,sar,1.0,1,0
1900.0,0,4453,57.003,36.588,sar,1.0,1,0
1900.0,0,4453,57.003,36.588,sar,1.0,2,0
1900.0,0,4453,57.003,36.588,sar,1.0,2,0
1900.0,0,4453,57.003,36.588,sar,1.0,3,0
1900.0,0,4453,57.003,36.588,sar,1.0,3,0
1900.0,0,4453,57.003,36.588,sar,1.0,4,0
1900.0,0,4453,57.003,36.588,sar,2.0555555555555554,0,0
1900.0,0,4453,57.003,36.588,thermal,1.0,1,0
1900.0,0,4453,57.003,36.588,thermal,1.0,1,0
1900.0,0,4453,57.003,36.588,thermal,1.0,2,0
1900.0,0,4453,57.003,36.588,thermal,1.0,2,0
1900.0,0,4453,57.003,36.588,thermal,1.0,3,0
1900.0,0,4453,57.003,36.588,thermal,1.0,3,0
1900.0,0,4453,57.003,36.588,thermal,1.0,4,0
1900.0,0,4453,57.003,36.588,thermal,1.0,4,0
1900.0,0,4453,57.003,36.588,thermal,1.0,5,0
1900.0,0,4453,57.003,36.588,thermal,1.0,5,0
1900.0,0,4453,57.003,36.588,thermal,1.0,6,0
1900.0,0,4453,57.003,36.588,thermal,2.0555555555555554,0,0
1910.0,0,823,56.73389900000007,37.12156200000004,visual,1.0,1,0
1910.0,0,823,56.73389900000007,37.12156200000004,visual,1.0,1,0
1910.0,0,823,56.73389900000007,37.12156200000004,visual,1.0,2,0
1910.0,0,823,56.73389900000007,37.12156200000004,visual,1.0,2,0
1910.0,0,823,56.73389900000007,37.12156200000004,visual,1.0,3,0
1910.0,0,823,56.73389900000007,37.12156200000004,visual,2.061111111111111,0,0
1910.0,0,823,56.734,37.122,sar,1.0,1,0
1910.0,0,823,56.734,37.122,sar,1.0,1,0
1910.0,0,823,56.734,37.122,sar,1.0,2,0
1910.0,0,823,56.734,37.122,sar,2.061111111111111,0,0
1910.0,0,823,56.734,37.122,thermal,1.0,1,0
1910.0,0,823,56.734,37.122,thermal,1.0,1,0
1910.0,0,823,56.734,37.122,thermal,1.0,2,0
1910.0,0,823,56.734,37.122,thermal,1.0,2,0
1910.0,0,823,56.734,37.122,thermal,1.0,3,0
1910.0,0,823,56.734,37.122,thermal,2.061111111111111,0,0
1990.0,0,337,48.556,34.543,sar,1.0,1,0
1990.0,0,337,48.556,34.543,sar,1.0,1,0
1990.0,0,337,48.556,34.543,sar,1.0,2,0
1990.0,0,337,48.556,34.543,sar,2.1055555555555556,0,0
1990.0,0,337,48.556,34.543,thermal,1.0,1,0
1990.0,0,337,48.556,34.543,thermal,1.0,1,0
1990.0,0,337,48.556,34.543,thermal,1.0,2,0
1990.0,0,337,48.556,34.543,thermal,1.0,2,0
1990.0,0,337,48.556,34.543,thermal,1.0,3,0
1990.0,0,337,48.556,34.543,thermal,2.1055555555555556,0,0
1990.0,0,337,48.556250000000034,34.54261200000008,visual,1.0,1,0
1990.0,0,337,48.556250000000034,34.54261200000008,visual,1.0,1,0
1990.0,0,337,48.556250000000034,34.54261200000008,visual,1.0,2,0
1990.0,0,337,48.556250000000034,34.54261200000008,visual,1.0,2,0
1990.0,0,337,48.556250000000034,34.54261200000008,visual,1.0,3,0
1990.0,0,337,48.556250000000034,34.54261200000008,visual,2.1055555555555556,0,0
2000.0,0,4873,48.485,35.16,sar,1.0,1,0
2000.0,0,4873,48.485,35.16,sar,1.0,1,0
2000.0,0,4873,48.485,35.16,sar,1.0,2,0
2000.0,0,4873,48.485,35.16,sar,2.111111111111111,0,0
2000.0,0,4873,48.485,35.16,thermal,1.0,1,0
2000.0,0,4873,48.485,35.16,thermal,1.0,1,0
2000.0,0,4873,48.485,35.16,thermal,1.0,2,0
2000.0,0,4873,48.485,35.16,thermal,1.0,2,0
2000.0,0,4873,48.485,35.16,thermal,1.0,3,0
2000.0,0,4873,48.485,35.16,thermal,2.111111111111111,0,0
2000.0,0,4873,48.48544200000004,35.16044400000004,visual,1.0,1,0
2000.0,0,4873,48.48544200000004,35.16044400000004,visual,1.0,1,0
2000.0,0,4873,48.48544200000004,35.16044400000004,visual,1.0,2,0
2000.0,0,4873,48.48544200000004,35.16044400000004,visual,1.0,2,0
2000.0,0,4873,48.48544200000004,35.16044400000004,visual,1.0,3,0
2000.0,0,4873,48.48544200000004,35.16044400000004,visual,2.111111111111111,0,0
2040.0,0,3154,47.19450500000005,38.52187500000008,visual,1.0,1,0
2040.0,0,3154,47.19450500000005,38.52187500000008,visual,1.0,1,0
2040.0,0,3154,47.19450500000005,38.52187500000008,visual,1.0,2,0
2040.0,0,3154,47.19450500000005,38.52187500000008,visual,1.0,2,0
2040.0,0,3154,47.19450500000005,38.52187500000008,visual,1.0,3,0
2040.0,0,3154,47.19450500000005,38.52187500000008,visual,2.1333333333333333,0,0
2040.0,0,3154,47.195,38.522,sar,1.0,1,0
2040.0,0,3154,47.195,38.522,sar,1.0,1,0
2040.0,0,3154,47.195,38.522,sar,1.0,2,0
2040.0,0,3154,47.195,38.522,sar,2.1333333333333333,0,0
2040.0,0,3154,47.195,38.522,thermal,1.0,1,0
2040.0,0,3154,47.195,38.522,thermal,1.0,1,0
2040.0,0,3154,47.195,38.522,thermal,1.0,2,0
2040.0,0,3154,47.195,38.522,thermal,1.0,2,0
2040.0,0,3154,47.195,38.522,thermal,1.0,3,0
2040.0,0,3154,47.195,38.522,thermal,2.1333333333333333,0,0
2050.0,0,652,46.259,38.289,sar,1.0,1,0
2050.0,0,652,46.259,38.289,sar,1.0,1,0
2050.0,0,652,46.259,38.289,sar,1.0,2,0
2050.0,0,652,46.259,38.289,sar,2.138888888888889,0,0
2050.0,0,652,46.259,38.289,thermal,1.0,1,0
2050.0,0,652,46.259,38.289,thermal,1.0,1,0
2050.0,0,652,46.259,38.289,thermal,1.0,2,0
2050.0,0,652,46.259,38.289,thermal,1.0,2,0
2050.0,0,652,46.259,38.289,thermal,1.0,3,0
2050.0,0,652,46.259,38.289,thermal,2.138888888888889,0,0
2050.0,0,652,46.25946900000008,38.28856900000005,visual,1.0,1,0
2050.0,0,652,46.25946900000008,38.28856900000005,visual,1.0,1,0
2050.0,0,652,46.25946900000008,38.28856900000005,visual,1.0,2,0
2050.0,0,652,46.25946900000008,38.28856900000005,visual,1.0,2,0
2050.0,0,652,46.25946900000008,38.28856900000005,visual,1.0,3,0
2050.0,0,652,46.25946900000008,38.28856900000005,visual,2.138888888888889,0,0
2060.0,0,4302,45.706,37.748,sar,1.0,1,0
2060.0,0,4302,45.706,37.748,sar,1.0,1,0
2060.0,0,4302,45.706,37.748,sar,1.0,2,0
2060.0,0,4302,45.706,37.748,sar,2.1444444444444444,0,0
2060.0,0,4302,45.706,37.748,thermal,1.0,1,0
2060.0,0,4302,45.706,37.748,thermal,1.0,1,0
2060.0,0,4302,45.706,37.748,thermal,1.0,2,0
2060.0,0,4302,45.706,37.748,thermal,1.0,2,0
2060.0,0,4302,45.706,37.748,thermal,1.0,3,0
2060.0,0,4302,45.706,37.748,thermal,2.1444444444444444,0,0
2060.0,0,4302,45.70614900000004,37.74799500000006,visual,1.0,1,0
2060.0,0,4302,45.70614900000004,37.74799500000006,visual,1.0,1,0
2060.0,0,4302,45.70614900000004,37.74799500000006,visual,1.0,2,0
2060.0,0,4302,45.70614900000004,37.74799500000006,visual,1.0,2,0
2060.0,0,4302,45.70614900000004,37.74799500000006,visual,1.0,3,0
2060.0,0,4302,45.70614900000004,37.74799500000006,visual,2.1444444444444444,0,0
2070.0,0,4783,44.98794700000008,38.474909000000025,visual,1.0,1,0
2070.0,0,4783,44.98794700000008,38.474909000000025,visual,1.0,1,0
2070.0,0,4783,44.98794700000008,38.474909000000025,visual,1.0,2,0
2070.0,0,4783,44.98794700000008,38.474909000000025,visual,1.0,2,0
2070.0,0,4783,44.98794700000008,38.474909000000025,visual,1.0,3,0
2070.0,0,4783,44.98794700000008,38.474909000000025,visual,2.15,0,0
2070.0,0,4783,44.988,38.475,sar,1.0,1,0
2070.0,0,4783,44.988,38.475,sar,1.0,1,0
2070.0,0,4783,44.988,38.475,sar,1.0,2,0
2070.0,0,4783,44.988,38.475,sar,2.15,0,0
2070.0,0,4783,44.988,38.475,thermal,1.0,1,0
2070.0,0,4783,44.988,38.475,thermal,1.0,1,0
2070.0,0,4783,44.988,38.475,thermal,1.0,2,0
2070.0,0,4783,44.988,38.475,thermal,1.0,2,0
2070.0,0,4783,44.988,38.475,thermal,1.0,3,0
2070.0,0,4783,44.988,38.475,thermal,2.15,0,0
2080.0,0,3281,45.158874000000026,39.53233300000005,visual,1.0,1,0
2080.0,0,3281,45.158874000000026,39.53233300000005,visual,1.0,1,0
2080.0,0,3281,45.158874000000026,39.53233300000005,visual,1.0,2,0
2080.0,0,3281,45.158874000000026,39.53233300000005,visual,1.0,2,0
2080.0,0,3281,45.158874000000026,39.53233300000005,visual,1.0,3,0
2080.0,0,3281,45.158874000000026,39.53233300000005,visual,2.1555555555555554,0,0
2080.0,0,3281,45.159,39.532,sar,1.0,1,0
2080.0,0,3281,45.159,39.532,sar,1.0,1,0
2080.0,0,3281,45.159,39.532,sar,1.0,2,0
2080.0,0,3281,45.159,39.532,sar,2.1555555555555554,0,0
2080.0,0,3281,45.159,39.532,thermal,1.0,1,0
2080.0,0,3281,45.159,39.532,thermal,1.0,1,0
2080.0,0,3281,45.159,39.532,thermal,1.0,2,0
2080.0,0,3281,45.159,39.532,thermal,1.0,2,0
2080.0,0,3281,45.159,39.532,thermal,1.0,3,0
2080.0,0,3281,45.159,39.532,thermal,2.1555555555555554,0,0
2100.0,0,4062,45.019,41.7,sar,1.0,1,0
2100.0,0,4062,45.019,41.7,sar,1.0,1,0
2100.0,0,4062,45.019,41.7,sar,1.0,2,0
2100.0,0,4062,45.019,41.7,sar,1.0,2,0
2100.0,0,4062,45.019,41.7,sar,1.0,3,0
2100.0,0,4062,45.019,41.7,sar,1.0,3,0
2100.0,0,4062,45.019,41.7,sar,1.0,4,0
2100.0,0,4062,45.019,41.7,sar,2.166666666666667,0,0
2100.0,0,4062,45.019,41.7,thermal,1.0,1,0
2100.0,0,4062,45.019,41.7,thermal,1.0,1,0
2100.0,0,4062,45.019,41.7,thermal,1.0,2,0
2100.0,0,4062,45.019,41.7,thermal,1.0,2,0
2100.0,0,4062,45.019,41.7,thermal,1.0,3,0
2100.0,0,4062,45.019,41.7,thermal,1.0,3,0
2100.0,0,4062,45.019,41.7,thermal,1.0,4,0
2100.0,0,4062,45.019,41.7,thermal,1.0,4,0
2100.0,0,4062,45.019,41.7,thermal,1.0,5,0
2100.0,0,4062,45.019,41.7,thermal,1.0,5,0
2100.0,0,4062,45.019,41.7,thermal,1.0,6,0
2100.0,0,4062,45.019,41.7,thermal,2.166666666666667,0,0
2100.0,0,4062,45.019240000000025,41.69964200000004,visual,1.0,1,0
2100.0,0,4062,45.019240000000025,41.69964200000004,visual,1.0,1,0
2100.0,0,4062,45.019240000000025,41.69964200000004,visual,1.0,2,0
2100.0,0,4062,45.019240000000025,41.69964200000004,visual,1.0,2,0
2100.0,0,4062,45.019240000000025,41.69964200000004,visual,1.0,3,0
2100.0,0,4062,45.019240000000025,41.69964200000004,visual,1.0,3,0
2100.0,0,4062,45.019240000000025,41.69964200000004,visual,1.0,4,0
2100.0,0,4062,45.019240000000025,41.69964200000004,visual,1.0,4,0
2100.0,0,4062,45.019240000000025,41.69964200000004,visual,1.0,5,0
2100.0,0,4062,45.019240000000025,41.69964200000004,visual,1.0,5,0
2100.0,0,4062,45.019240000000025,41.69964200000004,visual,1.0,6,0
2100.0,0,4062,45.019240000000025,41.69964200000004,visual,2.166666666666667,0,0
2110.0,0,4341,44.23953600000005,42.23138200000005,visual,1.0,1,0
2110.0,0,4341,44.23953600000005,42.23138200000005,visual,1.0,1,0
2110.0,0,4341,44.23953600000005,42.23138200000005,visual,1.0,2,0
2110.0,0,4341,44.23953600000005,42.23138200000005,visual,1.0,2,0
2110.0,0,4341,44.23953600000005,42.23138200000005,visual,1.0,3,0
2110.0,0,4341,44.23953600000005,42.23138200000005,visual,2.1722222222222225,0,0
2110.0,0,4341,44.24,42.231,sar,1.0,1,0
2110.0,0,4341,44.24,42.231,sar,1.0,1,0
2110.0,0,4341,44.24,42.231,sar,1.0,2,0
2110.0,0,4341,44.24,42.231,sar,2.1722222222222225,0,0
2110.0,0,4341,44.24,42.231,thermal,1.0,1,0
2110.0,0,4341,44.24,42.231,thermal,1.0,1,0
2110.0,0,4341,44.24,42.231,thermal,1.0,2,0
2110.0,0,4341,44.24,42.231,thermal,1.0,2,0
2110.0,0,4341,44.24,42.231,thermal,1.0,3,0
2110.0,0,4341,44.24,42.231,thermal,2.1722222222222225,0,0
2150.0,0,3427,43.58,47.455,sar,1.0,1,0
2150.0,0,3427,43.58,47.455,sar,1.0,1,0
2150.0,0,3427,43.58,47.455,sar,1.0,2,0
2150.0,0,3427,43.58,47.455,sar,2.1944444444444446,0,0
2150.0,0,3427,43.58,47.455,thermal,1.0,1,0
2150.0,0,3427,43.58,47.455,thermal,1.0,1,0
2150.0,0,3427,43.58,47.455,thermal,1.0,2,0
2150.0,0,3427,43.58,47.455,thermal,1.0,2,0
2150.0,0,3427,43.58,47.455,thermal,1.0,3,0
2150.0,0,3427,43.58,47.455,thermal,2.1944444444444446,0,0
2150.0,0,3427,43.58024800000004,47.45539500000007,visual,1.0,1,0
2150.0,0,3427,43.58024800000004,47.45539500000007,visual,1.0,1,0
2150.0,0,3427,43.58024800000004,47.45539500000007,visual,1.0,2,0
2150.0,0,3427,43.58024800000004,47.45539500000007,visual,1.0,2,0
2150.0,0,3427,43.58024800000004,47.45539500000007,visual,1.0,3,0
2150.0,0,3427,43.58024800000004,47.45539500000007,visual,2.1944444444444446,0,0
2160.0,0,4084,43.27881500000007,47.50773800000008,visual,1.0,1,0
2160.0,0,4084,43.27881500000007,47.50773800000008,visual,1.0,1,0
2160.0,0,4084,43.27881500000007,47.50773800000008,visual,1.0,2,0
2160.0,0,4084,43.27881500000007,47.50773800000008,visual,1.0,2,0
2160.0,0,4084,43.27881500000007,47.50773800000008,visual,1.0,3,0
2160.0,0,4084,43.27881500000007,47.50773800000008,visual,2.2,0,0
2160.0,0,4084,43.279,47.508,sar,1.0,1,0
2160.0,0,4084,43.279,47.508,sar,1.0,1,0
2160.0,0,4084,43.279,47.508,sar,1.0,2,0
2160.0,0,4084,43.279,47.508,sar,2.2,0,0
2160.0,0,4084,43.279,47.508,thermal,1.0,1,0
2160.0,0,4084,43.279,47.508,thermal,1.0,1,0
2160.0,0,4084,43.279,47.508,thermal,1.0,2,0
2160.0,0,4084,43.279,47.508,thermal,1.0,2,0
2160.0,0,4084,43.279,47.508,thermal,1.0,3,0
2160.0,0,4084,43.279,47.508,thermal,2.2,0,0
2190.0,0,2772,43.26458300000007,51.51458300000007,visual,1.0,1,0
2190.0,0,2772,43.26458300000007,51.51458300000007,visual,1.0,1,0
2190.0,0,2772,43.26458300000007,51.51458300000007,visual,1.0,2,0
2190.0,0,2772,43.26458300000007,51.51458300000007,visual,1.0,2,0
2190.0,0,2772,43.26458300000007,51.51458300000007,visual,1.0,3,0
2190.0,0,2772,43.26458300000007,51.51458300000007,visual,2.216666666666667,0,0
2190.0,0,2772,43.265,51.515,sar,1.0,1,0
2190.0,0,2772,43.265,51.515,sar,1.0,1,0
2190.0,0,2772,43.265,51.515,sar,1.0,2,0
2190.0,0,2772,43.265,51.515,sar,2.216666666666667,0,0
2190.0,0,2772,43.265,51.515,thermal,1.0,1,0
2190.0,0,2772,43.265,51.515,thermal,1.0,1,0
2190.0,0,2772,43.265,51.515,thermal,1.0,2,0
2190.0,0,2772,43.265,51.515,thermal,1.0,2,0
2190.0,0,2772,43.265,51.515,thermal,1.0,3,0
2190.0,0,2772,43.265,51.515,thermal,2.216666666666667,0,0
2230.0,0,2497,40.621590000000026,52.837230000000034,visual,1.0,1,0
2230.0,0,2497,40.621590000000026,52.837230000000034,visual,1.0,1,0
2230.0,0,2497,40.621590000000026,52.837230000000034,visual,1.0,2,0
2230.0,0,2497,40.621590000000026,52.837230000000034,visual,1.0,2,0
2230.0,0,2497,40.621590000000026,52.837230000000034,visual,1.0,3,0
2230.0,0,2497,40.621590000000026,52.837230000000034,visual,2.238888888888889,0,0
2230.0,0,2497,40.622,52.837,sar,1.0,1,0
2230.0,0,2497,40.622,52.837,sar,1.0,1,0
2230.0,0,2497,40.622,52.837,sar,1.0,2,0
2230.0,0,2497,40.622,52.837,sar,2.238888888888889,0,0
2230.0,0,2497,40.622,52.837,thermal,1.0,1,0
2230.0,0,2497,40.622,52.837,thermal,1.0,1,0
2230.0,0,2497,40.622,52.837,thermal,1.0,2,0
2230.0,0,2497,40.622,52.837,thermal,1.0,2,0
2230.0,0,2497,40.622,52.837,thermal,1.0,3,0
2230.0,0,2497,40.622,52.837,thermal,2.238888888888889,0,0
2240.0,0,4952,40.59570500000007,53.43771700000008,visual,1.0,1,0
2240.0,0,4952,40.59570500000007,53.43771700000008,visual,1.0,1,0
2240.0,0,4952,40.59570500000007,53.43771700000008,visual,1.0,2,0
2240.0,0,4952,40.59570500000007,53.43771700000008,visual,1.0,2,0
2240.0,0,4952,40.59570500000007,53.43771700000008,visual,1.0,3,0
2240.0,0,4952,40.59570500000007,53.43771700000008,visual,2.2444444444444445,0,0
2240.0,0,4952,40.596,53.438,sar,1.0,1,0
2240.0,0,4952,40.596,53.438,sar,1.0,1,0
2240.0,0,4952,40.596,53.438,sar,1.0,2,0
2240.0,0,4952,40.596,53.438,sar,2.2444444444444445,0,0
2240.0,0,4952,40.596,53.438,thermal,1.0,1,0
2240.0,0,4952,40.596,53.438,thermal,1.0,1,0
2240.0,0,4952,40.596,53.438,thermal,1.0,2,0
2240.0,0,4952,40.596,53.438,thermal,1.0,2,0
2240.0,0,4952,40.596,53.438,thermal,1.0,3,0
2240.0,0,4952,40.596,53.438,thermal,2.2444444444444445,0,0
2300.0,0,1311,35.002,50.952,sar,1.0,1,0
2300.0,0,1311,35.002,50.952,sar,1.0,1,0
2300.0,0,1311,35.002,50.952,sar,1.0,2,0
2300.0,0,1311,35.002,50.952,sar,2.2777777777777777,0,0
2300.0,0,1311,35.002,50.952,thermal,1.0,1,0
2300.0,0,1311,35.002,50.952,thermal,1.0,1,0
2300.0,0,1311,35.002,50.952,thermal,1.0,2,0
2300.0,0,1311,35.002,50.952,thermal,1.0,2,0
2300.0,0,1311,35.002,50.952,thermal,1.0,3,0
2300.0,0,1311,35.002,50.952,thermal,2.2777777777777777,0,0
2300.0,0,1311,35.00208300000003,50.95208300000007,visual,1.0,1,0
2300.0,0,1311,35.00208300000003,50.95208300000007,visual,1.0,1,0
2300.0,0,1311,35.00208300000003,50.95208300000007,visual,1.0,2,0
2300.0,0,1311,35.00208300000003,50.95208300000007,visual,1.0,2,0
2300.0,0,1311,35.00208300000003,50.95208300000007,visual,1.0,3,0
2300.0,0,1311,35.00208300000003,50.95208300000007,visual,2.2777777777777777,0,0
2330.0,0,314,34.477,54.335,sar,1.0,1,0
2330.0,0,314,34.477,54.335,sar,1.0,1,0
2330.0,0,314,34.477,54.335,sar,1.0,2,0
2330.0,0,314,34.477,54.335,sar,2.2944444444444443,0,0
2330.0,0,314,34.477,54.335,thermal,1.0,1,0
2330.0,0,314,34.477,54.335,thermal,1.0,1,0
2330.0,0,314,34.477,54.335,thermal,1.0,2,0
2330.0,0,314,34.477,54.335,thermal,1.0,2,0
2330.0,0,314,34.477,54.335,thermal,1.0,3,0
2330.0,0,314,34.477,54.335,thermal,2.2944444444444443,0,0
2330.0,0,314,34.47708300000005,54.335417000000064,visual,1.0,1,0
2330.0,0,314,34.47708300000005,54.335417000000064,visual,1.0,1,0
2330.0,0,314,34.47708300000005,54.335417000000064,visual,1.0,2,0
2330.0,0,314,34.47708300000005,54.335417000000064,visual,1.0,2,0
2330.0,0,314,34.47708300000005,54.335417000000064,visual,1.0,3,0
2330.0,0,314,34.47708300000005,54.335417000000064,visual,2.2944444444444443,0,0
2380.0,0,3821,30.539638000000025,52.81841400000008,visual,1.0,1,0
2380.0,0,3821,30.539638000000025,52.81841400000008,visual,1.0,1,0
2380.0,0,3821,30.539638000000025,52.81841400000008,visual,1.0,2,0
2380.0,0,3821,30.539638000000025,52.81841400000008,visual,1.0,2,0
2380.0,0,3821,30.539638000000025,52.81841400000008,visual,1.0,3,0
2380.0,0,3821,30.539638000000025,52.81841400000008,visual,2.322222222222222,0,0
2380.0,0,3821,30.54,52.818,sar,1.0,1,0
2380.0,0,3821,30.54,52.818,sar,1.0,1,0
2380.0,0,3821,30.54,52.818,sar,1.0,2,0
2380.0,0,3821,30.54,52.818,sar,2.322222222222222,0,0
2380.0,0,3821,30.54,52.818,thermal,1.0,1,0
2380.0,0,3821,30.54,52.818,thermal,1.0,1,0
2380.0,0,3821,30.54,52.818,thermal,1.0,2,0
2380.0,0,3821,30.54,52.818,thermal,1.0,2,0
2380.0,0,3821,30.54,52.818,thermal,1.0,3,0
2380.0,0,3821,30.54,52.818,thermal,2.322222222222222,0,0
2390.0,0,4803,30.21,52.414,sar,1.0,1,0
2390.0,0,4803,30.21,52.414,sar,1.0,1,0
2390.0,0,4803,30.21,52.414,sar,1.0,2,0
2390.0,0,4803,30.21,52.414,sar,2.3277777777777775,0,0
2390.0,0,4803,30.21,52.414,thermal,1.0,1,0
2390.0,0,4803,30.21,52.414,thermal,1.0,1,0
2390.0,0,4803,30.21,52.414,thermal,1.0,2,0
2390.0,0,4803,30.21,52.414,thermal,1.0,2,0
2390.0,0,4803,30.21,52.414,thermal,1.0,3,0
2390.0,0,4803,30.21,52.414,thermal,2.3277777777777775,0,0
2390.0,0,4803,30.210342000000026,52.41404000000006,visual,1.0,1,0
2390.0,0,4803,30.210342000000026,52.41404000000006,visual,1.0,1,0
2390.0,0,4803,30.210342000000026,52.41404000000006,visual,1.0,2,0
2390.0,0,4803,30.210342000000026,52.41404000000006,visual,1.0,2,0
2390.0,0,4803,30.210342000000026,52.41404000000006,visual,1.0,3,0
2390.0,0,4803,30.210342000000026,52.41404000000006,visual,2.3277777777777775,0,0
2400.0,0,740,29.46458300000006,52.79791700000004,visual,1.0,1,0
2400.0,0,740,29.46458300000006,52.79791700000004,visual,1.0,1,0
2400.0,0,740,29.46458300000006,52.79791700000004,visual,1.0,2,0
2400.0,0,740,29.46458300000006,52.79791700000004,visual,1.0,2,0
2400.0,0,740,29.46458300000006,52.79791700000004,visual,1.0,3,0
2400.0,0,740,29.46458300000006,52.79791700000004,visual,2.333333333333333,0,0
2400.0,0,740,29.465,52.798,sar,1.0,1,0
2400.0,0,740,29.465,52.798,sar,1.0,1,0
2400.0,0,740,29.465,52.798,sar,1.0,2,0
2400.0,0,740,29.465,52.798,sar,2.333333333333333,0,0
2400.0,0,740,29.465,52.798,thermal,1.0,1,0
2400.0,0,740,29.465,52.798,thermal,1.0,1,0
2400.0,0,740,29.465,52.798,thermal,1.0,2,0
2400.0,0,740,29.465,52.798,thermal,1.0,2,0
2400.0,0,740,29.465,52.798,thermal,1.0,3,0
2400.0,0,740,29.465,52.798,thermal,2.333333333333333,0,0
2490.0,0,4761,24.430935000000037,54.56053200000008,visual,1.0,1,0
2490.0,0,4761,24.430935000000037,54.56053200000008,visual,1.0,1,0
2490.0,0,4761,24.430935000000037,54.56053200000008,visual,1.0,2,0
2490.0,0,4761,24.430935000000037,54.56053200000008,visual,1.0,2,0
2490.0,0,4761,24.430935000000037,54.56053200000008,visual,1.0,3,0
2490.0,0,4761,24.430935000000037,54.56053200000008,visual,2.3833333333333333,0,0
2490.0,0,4761,24.431,54.561,sar,1.0,1,0
2490.0,0,4761,24.431,54.561,sar,1.0,1,0
2490.0,0,4761,24.431,54.561,sar,1.0,2,0
2490.0,0,4761,24.431,54.561,sar,2.3833333333333333,0,0
2490.0,0,4761,24.431,54.561,thermal,1.0,1,0
2490.0,0,4761,24.431,54.561,thermal,1.0,1,0
2490.0,0,4761,24.431,54.561,thermal,1.0,2,0
2490.0,0,4761,24.431,54.561,thermal,1.0,2,0
2490.0,0,4761,24.431,54.561,thermal,1.0,3,0
2490.0,0,4761,24.431,54.561,thermal,2.3833333333333333,0,0
6450.0,0,4869,28.99855800000006,-111.92980999999996,visual,1.0,1,0
6450.0,0,4869,28.99855800000006,-111.92980999999996,visual,1.0,1,0
6450.0,0,4869,28.99855800000006,-111.92980999999996,visual,1.0,2,0
6450.0,0,4869,28.99855800000006,-111.92980999999996,visual,1.0,2,0
6450.0,0,4869,28.99855800000006,-111.92980999999996,visual,1.0,3,0
6450.0,0,4869,28.99855800000006,-111.92980999999996,visual,4.583333333333334,0,0
6450.0,0,4869,28.999,-111.93,sar,1.0,1,0
6450.0,0,4869,28.999,-111.93,sar,1.0,1,0
6450.0,0,4869,28.999,-111.93,sar,1.0,2,0
6450.0,0,4869,28.999,-111.93,sar,4.583333333333334,0,0
6450.0,0,4869,28.999,-111.93,thermal,1.0,1,0
6450.0,0,4869,28.999,-111.93,thermal,1.0,1,0
6450.0,0,4869,28.999,-111.93,thermal,1.0,2,0
6450.0,0,4869,28.999,-111.93,thermal,1.0,2,0
6450.0,0,4869,28.999,-111.93,thermal,1.0,3,0
6450.0,0,4869,28.999,-111.93,thermal,4.583333333333334,0,0
6530.0,0,4190,33.677,-111.156,sar,1.0,1,0
6530.0,0,4190,33.677,-111.156,sar,1.0,1,0
6530.0,0,4190,33.677,-111.156,sar,1.0,2,0
6530.0,0,4190,33.677,-111.156,sar,4.627777777777778,0,0
6530.0,0,4190,33.677,-111.156,thermal,1.0,1,0
6530.0,0,4190,33.677,-111.156,thermal,1.0,1,0
6530.0,0,4190,33.677,-111.156,thermal,1.0,2,0
6530.0,0,4190,33.677,-111.156,thermal,1.0,2,0
6530.0,0,4190,33.677,-111.156,thermal,1.0,3,0
6530.0,0,4190,33.677,-111.156,thermal,4.627777777777778,0,0
6530.0,0,4190,33.67709700000006,-111.15623599999998,visual,1.0,1,0
6530.0,0,4190,33.67709700000006,-111.15623599999998,visual,1.0,1,0
6530.0,0,4190,33.67709700000006,-111.15623599999998,visual,1.0,2,0
6530.0,0,4190,33.67709700000006,-111.15623599999998,visual,1.0,2,0
6530.0,0,4190,33.67709700000006,-111.15623599999998,visual,1.0,3,0
6530.0,0,4190,33.67709700000006,-111.15623599999998,visual,4.627777777777778,0,0
6570.0,0,1420,36.93963500000007,-111.48522799999996,visual,1.0,1,0
6570.0,0,1420,36.93963500000007,-111.48522799999996,visual,1.0,1,0
6570.0,0,1420,36.93963500000007,-111.48522799999996,visual,1.0,2,0
6570.0,0,1420,36.93963500000007,-111.48522799999996,visual,1.0,2,0
6570.0,0,1420,36.93963500000007,-111.48522799999996,visual,1.0,3,0
6570.0,0,1420,36.93963500000007,-111.48522799999996,visual,4.65,0,0
6570.0,0,1420,36.94,-111.485,sar,1.0,1,0
6570.0,0,1420,36.94,-111.485,sar,1.0,1,0
6570.0,0,1420,36.94,-111.485,sar,1.0,2,0
6570.0,0,1420,36.94,-111.485,sar,4.65,0,0
6570.0,0,1420,36.94,-111.485,thermal,1.0,1,0
6570.0,0,1420,36.94,-111.485,thermal,1.0,1,0
6570.0,0,1420,36.94,-111.485,thermal,1.0,2,0
6570.0,0,1420,36.94,-111.485,thermal,1.0,2,0
6570.0,0,1420,36.94,-111.485,thermal,1.0,3,0
6570.0,0,1420,36.94,-111.485,thermal,4.65,0,0
6580.0,0,1252,37.365,-110.727,sar,1.0,1,0
6580.0,0,1252,37.365,-110.727,sar,1.0,1,0
6580.0,0,1252,37.365,-110.727,sar,1.0,2,0
6580.0,0,1252,37.365,-110.727,sar,4.655555555555555,0,0
6580.0,0,1252,37.365,-110.727,thermal,1.0,1,0
6580.0,0,1252,37.365,-110.727,thermal,1.0,1,0
6580.0,0,1252,37.365,-110.727,thermal,1.0,2,0
6580.0,0,1252,37.365,-110.727,thermal,1.0,2,0
6580.0,0,1252,37.365,-110.727,thermal,1.0,3,0
6580.0,0,1252,37.365,-110.727,thermal,4.655555555555555,0,0
6580.0,0,1252,37.365174000000025,-110.72672199999994,visual,1.0,1,0
6580.0,0,1252,37.365174000000025,-110.72672199999994,visual,1.0,1,0
6580.0,0,1252,37.365174000000025,-110.72672199999994,visual,1.0,2,0
6580.0,0,1252,37.365174000000025,-110.72672199999994,visual,1.0,2,0
6580.0,0,1252,37.365174000000025,-110.72672199999994,visual,1.0,3,0
6580.0,0,1252,37.365174000000025,-110.72672199999994,visual,4.655555555555555,0,0
6620.0,0,2732,40.137,-111.028,sar,1.0,1,0
6620.0,0,2732,40.137,-111.028,sar,1.0,1,0
6620.0,0,2732,40.137,-111.028,sar,1.0,2,0
6620.0,0,2732,40.137,-111.028,sar,4.677777777777777,0,0
6620.0,0,2732,40.137,-111.028,thermal,1.0,1,0
6620.0,0,2732,40.137,-111.028,thermal,1.0,1,0
6620.0,0,2732,40.137,-111.028,thermal,1.0,2,0
6620.0,0,2732,40.137,-111.028,thermal,1.0,2,0
6620.0,0,2732,40.137,-111.028,thermal,1.0,3,0
6620.0,0,2732,40.137,-111.028,thermal,4.677777777777777,0,0
6620.0,0,2732,40.13714600000003,-111.02827499999997,visual,1.0,1,0
6620.0,0,2732,40.13714600000003,-111.02827499999997,visual,1.0,1,0
6620.0,0,2732,40.13714600000003,-111.02827499999997,visual,1.0,2,0
6620.0,0,2732,40.13714600000003,-111.02827499999997,visual,1.0,2,0
6620.0,0,2732,40.13714600000003,-111.02827499999997,visual,1.0,3,0
6620.0,0,2732,40.13714600000003,-111.02827499999997,visual,4.677777777777777,0,0
6640.0,0,1349,40.91566500000005,-109.42047099999996,visual,1.0,1,0
6640.0,0,1349,40.91566500000005,-109.42047099999996,visual,1.0,1,0
6640.0,0,1349,40.91566500000005,-109.42047099999996,visual,1.0,2,0
6640.0,0,1349,40.91566500000005,-109.42047099999996,visual,1.0,2,0
6640.0,0,1349,40.91566500000005,-109.42047099999996,visual,1.0,3,0
6640.0,0,1349,40.91566500000005,-109.42047099999996,visual,4.688888888888889,0,0
6640.0,0,1349,40.916,-109.42,sar,1.0,1,0
6640.0,0,1349,40.916,-109.42,sar,1.0,1,0
6640.0,0,1349,40.916,-109.42,sar,1.0,2,0
6640.0,0,1349,40.916,-109.42,sar,4.688888888888889,0,0
6640.0,0,1349,40.916,-109.42,thermal,1.0,1,0
6640.0,0,1349,40.916,-109.42,thermal,1.0,1,0
6640.0,0,1349,40.916,-109.42,thermal,1.0,2,0
6640.0,0,1349,40.916,-109.42,thermal,1.0,2,0
6640.0,0,1349,40.916,-109.42,thermal,1.0,3,0
6640.0,0,1349,40.916,-109.42,thermal,4.688888888888889,0,0
6680.0,0,2939,42.15483800000004,-106.90635799999995,visual,1.0,1,0
6680.0,0,2939,42.15483800000004,-106.90635799999995,visual,1.0,1,0
6680.0,0,2939,42.15483800000004,-106.90635799999995,visual,1.0,2,0
6680.0,0,2939,42.15483800000004,-106.90635799999995,visual,1.0,2,0
6680.0,0,2939,42.15483800000004,-106.90635799999995,visual,1.0,3,0
6680.0,0,2939,42.15483800000004,-106.90635799999995,visual,4.711111111111111,0,0
6680.0,0,2939,42.155,-106.906,sar,1.0,1,0
6680.0,0,2939,42.155,-106.906,sar,1.0,1,0
6680.0,0,2939,42.155,-106.906,sar,1.0,2,0
6680.0,0,2939,42.155,-106.906,sar,4.711111111111111,0,0
6680.0,0,2939,42.155,-106.906,thermal,1.0,1,0
6680.0,0,2939,42.155,-106.906,thermal,1.0,1,0
6680.0,0,2939,42.155,-106.906,thermal,1.0,2,0
6680.0,0,2939,42.155,-106.906,thermal,1.0,2,0
6680.0,0,2939,42.155,-106.906,thermal,1.0,3,0
6680.0,0,2939,42.155,-106.906,thermal,4.711111111111111,0,0
6700.0,0,4694,42.48,-104.953,sar,1.0,1,0
6700.0,0,4694,42.48,-104.953,sar,1.0,1,0
6700.0,0,4694,42.48,-104.953,sar,1.0,2,0
6700.0,0,4694,42.48,-104.953,sar,4.722222222222222,0,0
6700.0,0,4694,42.48,-104.953,thermal,1.0,1,0
6700.0,0,4694,42.48,-104.953,thermal,1.0,1,0
6700.0,0,4694,42.48,-104.953,thermal,1.0,2,0
6700.0,0,4694,42.48,-104.953,thermal,1.0,2,0
6700.0,0,4694,42.48,-104.953,thermal,1.0,3,0
6700.0,0,4694,42.48,-104.953,thermal,4.722222222222222,0,0
6700.0,0,4694,42.48023000000006,-104.95329899999996,visual,1.0,1,0
6700.0,0,4694,42.48023000000006,-104.95329899999996,visual,1.0,1,0
6700.0,0,4694,42.48023000000006,-104.95329899999996,visual,1.0,2,0
6700.0,0,4694,42.48023000000006,-104.95329899999996,visual,1.0,2,0
6700.0,0,4694,42.48023000000006,-104.95329899999996,visual,1.0,3,0
6700.0,0,4694,42.48023000000006,-104.95329899999996,visual,4.722222222222222,0,0
6750.0,0,152,44.456,-100.398,sar,1.0,1,0
6750.0,0,152,44.456,-100.398,sar,1.0,1,0
6750.0,0,152,44.456,-100.398,sar,1.0,2,0
6750.0,0,152,44.456,-100.398,sar,4.75,0,0
6750.0,0,152,44.456,-100.398,thermal,1.0,1,0
6750.0,0,152,44.456,-100.398,thermal,1.0,1,0
6750.0,0,152,44.456,-100.398,thermal,1.0,2,0
6750.0,0,152,44.456,-100.398,thermal,1.0,2,0
6750.0,0,152,44.456,-100.398,thermal,1.0,3,0
6750.0,0,152,44.456,-100.398,thermal,4.75,0,0
6750.0,0,152,44.45631600000007,-100.39797,visual,1.0,1,0
6750.0,0,152,44.45631600000007,-100.39797,visual,1.0,1,0
6750.0,0,152,44.45631600000007,-100.39797,visual,1.0,2,0
6750.0,0,152,44.45631600000007,-100.39797,visual,1.0,2,0
6750.0,0,152,44.45631600000007,-100.39797,visual,1.0,3,0
6750.0,0,152,44.45631600000007,-100.39797,visual,4.75,0,0
6790.0,0,3175,45.381,-97.415,sar,1.0,1,0
6790.0,0,3175,45.381,-97.415,sar,1.0,1,0
6790.0,0,3175,45.381,-97.415,sar,1.0,2,0
6790.0,0,3175,45.381,-97.415,sar,4.772222222222222,0,0
6790.0,0,3175,45.381,-97.415,thermal,1.0,1,0
6790.0,0,3175,45.381,-97.415,thermal,1.0,1,0
6790.0,0,3175,45.381,-97.415,thermal,1.0,2,0
6790.0,0,3175,45.381,-97.415,thermal,1.0,2,0
6790.0,0,3175,45.381,-97.415,thermal,1.0,3,0
6790.0,0,3175,45.381,-97.415,thermal,4.772222222222222,0,0
6790.0,0,3175,45.38125000000008,-97.41458299999994,visual,1.0,1,0
6790.0,0,3175,45.38125000000008,-97.41458299999994,visual,1.0,1,0
6790.0,0,3175,45.38125000000008,-97.41458299999994,visual,1.0,2,0
6790.0,0,3175,45.38125000000008,-97.41458299999994,visual,1.0,2,0
6790.0,0,3175,45.38125000000008,-97.41458299999994,visual,1.0,3,0
6790.0,0,3175,45.38125000000008,-97.41458299999994,visual,4.772222222222222,0,0
6800.0,0,3957,45.76774700000004,-96.63947099999996,visual,1.0,1,0
6800.0,0,3957,45.76774700000004,-96.63947099999996,visual,1.0,1,0
6800.0,0,3957,45.76774700000004,-96.63947099999996,visual,1.0,2,0
6800.0,0,3957,45.76774700000004,-96.63947099999996,visual,1.0,2,0
6800.0,0,3957,45.76774700000004,-96.63947099999996,visual,1.0,3,0
6800.0,0,3957,45.76774700000004,-96.63947099999996,visual,4.777777777777778,0,0
6800.0,0,3957,45.768,-96.639,sar,1.0,1,0
6800.0,0,3957,45.768,-96.639,sar,1.0,1,0
6800.0,0,3957,45.768,-96.639,sar,1.0,2,0
6800.0,0,3957,45.768,-96.639,sar,4.777777777777778,0,0
6800.0,0,3957,45.768,-96.639,thermal,1.0,1,0
6800.0,0,3957,45.768,-96.639,thermal,1.0,1,0
6800.0,0,3957,45.768,-96.639,thermal,1.0,2,0
6800.0,0,3957,45.768,-96.639,thermal,1.0,2,0
6800.0,0,3957,45.768,-96.639,thermal,1.0,3,0
6800.0,0,3957,45.768,-96.639,thermal,4.777777777777778,0,0
6810.0,0,3022,46.36182500000007,-95.73452499999996,visual,1.0,1,0
6810.0,0,3022,46.36182500000007,-95.73452499999996,visual,1.0,1,0
6810.0,0,3022,46.36182500000007,-95.73452499999996,visual,1.0,2,0
6810.0,0,3022,46.36182500000007,-95.73452499999996,visual,1.0,2,0
6810.0,0,3022,46.36182500000007,-95.73452499999996,visual,1.0,3,0
6810.0,0,3022,46.36182500000007,-95.73452499999996,visual,4.783333333333333,0,0
6810.0,0,3022,46.362,-95.735,sar,1.0,1,0
6810.0,0,3022,46.362,-95.735,sar,1.0,1,0
6810.0,0,3022,46.362,-95.735,sar,1.0,2,0
6810.0,0,3022,46.362,-95.735,sar,4.783333333333333,0,0
6810.0,0,3022,46.362,-95.735,thermal,1.0,1,0
6810.0,0,3022,46.362,-95.735,thermal,1.0,1,0
6810.0,0,3022,46.362,-95.735,thermal,1.0,2,0
6810.0,0,3022,46.362,-95.735,thermal,1.0,2,0
6810.0,0,3022,46.362,-95.735,thermal,1.0,3,0
6810.0,0,3022,46.362,-95.735,thermal,4.783333333333333,0,0
6840.0,0,2181,47.452,-94.486,sar,1.0,1,0
6840.0,0,2181,47.452,-94.486,sar,1.0,1,0
6840.0,0,2181,47.452,-94.486,sar,1.0,2,0
6840.0,0,2181,47.452,-94.486,sar,4.8,0,0
6840.0,0,2181,47.452,-94.486,thermal,1.0,1,0
6840.0,0,2181,47.452,-94.486,thermal,1.0,1,0
6840.0,0,2181,47.452,-94.486,thermal,1.0,2,0
6840.0,0,2181,47.452,-94.486,thermal,1.0,2,0
6840.0,0,2181,47.452,-94.486,thermal,1.0,3,0
6840.0,0,2181,47.452,-94.486,thermal,4.8,0,0
6840.0,0,2181,47.452274000000045,-94.48570599999994,visual,1.0,1,0
6840.0,0,2181,47.452274000000045,-94.48570599999994,visual,1.0,1,0
6840.0,0,2181,47.452274000000045,-94.48570599999994,visual,1.0,2,0
6840.0,0,2181,47.452274000000045,-94.48570599999994,visual,1.0,2,0
6840.0,0,2181,47.452274000000045,-94.48570599999994,visual,1.0,3,0
6840.0,0,2181,47.452274000000045,-94.48570599999994,visual,4.8,0,0
6860.0,0,692,49.614,-94.782,sar,1.0,1,0
6860.0,0,692,49.614,-94.782,sar,1.0,1,0
6860.0,0,692,49.614,-94.782,sar,1.0,2,0
6860.0,0,692,49.614,-94.782,sar,4.811111111111111,0,0
6860.0,0,692,49.614,-94.782,thermal,1.0,1,0
6860.0,0,692,49.614,-94.782,thermal,1.0,1,0
6860.0,0,692,49.614,-94.782,thermal,1.0,2,0
6860.0,0,692,49.614,-94.782,thermal,1.0,2,0
6860.0,0,692,49.614,-94.782,thermal,1.0,3,0
6860.0,0,692,49.614,-94.782,thermal,4.811111111111111,0,0
6860.0,0,692,49.61438300000003,-94.78235999999998,visual,1.0,1,0
6860.0,0,692,49.61438300000003,-94.78235999999998,visual,1.0,1,0
6860.0,0,692,49.61438300000003,-94.78235999999998,visual,1.0,2,0
6860.0,0,692,49.61438300000003,-94.78235999999998,visual,1.0,2,0
6860.0,0,692,49.61438300000003,-94.78235999999998,visual,1.0,3,0
6860.0,0,692,49.61438300000003,-94.78235999999998,visual,4.811111111111111,0,0
6870.0,0,54,49.764,-94.518,sar,1.0,1,0
6870.0,0,54,49.764,-94.518,sar,1.0,1,0
6870.0,0,54,49.764,-94.518,sar,1.0,2,0
6870.0,0,54,49.764,-94.518,sar,4.816666666666666,0,0
6870.0,0,54,49.764,-94.518,thermal,1.0,1,0
6870.0,0,54,49.764,-94.518,thermal,1.0,1,0
6870.0,0,54,49.764,-94.518,thermal,1.0,2,0
6870.0,0,54,49.764,-94.518,thermal,1.0,2,0
6870.0,0,54,49.764,-94.518,thermal,1.0,3,0
6870.0,0,54,49.764,-94.518,thermal,4.816666666666666,0,0
6870.0,0,54,49.76436800000005,-94.518399,visual,1.0,1,0
6870.0,0,54,49.76436800000005,-94.518399,visual,1.0,1,0
6870.0,0,54,49.76436800000005,-94.518399,visual,1.0,2,0
6870.0,0,54,49.76436800000005,-94.518399,visual,1.0,2,0
6870.0,0,54,49.76436800000005,-94.518399,visual,1.0,3,0
6870.0,0,54,49.76436800000005,-94.518399,visual,4.816666666666666,0,0
6880.0,0,2443,50.676,-93.969,sar,1.0,1,0
6880.0,0,2443,50.676,-93.969,sar,1.0,1,0
6880.0,0,2443,50.676,-93.969,sar,1.0,2,0
6880.0,0,2443,50.676,-93.969,sar,4.822222222222223,0,0
6880.0,0,2443,50.676,-93.969,thermal,1.0,1,0
6880.0,0,2443,50.676,-93.969,thermal,1.0,1,0
6880.0,0,2443,50.676,-93.969,thermal,1.0,2,0
6880.0,0,2443,50.676,-93.969,thermal,1.0,2,0
6880.0,0,2443,50.676,-93.969,thermal,1.0,3,0
6880.0,0,2443,50.676,-93.969,thermal,4.822222222222223,0,0
6880.0,0,2443,50.676022000000046,-93.96851499999995,visual,1.0,1,0
6880.0,0,2443,50.676022000000046,-93.96851499999995,visual,1.0,1,0
6880.0,0,2443,50.676022000000046,-93.96851499999995,visual,1.0,2,0
6880.0,0,2443,50.676022000000046,-93.96851499999995,visual,1.0,2,0
6880.0,0,2443,50.676022000000046,-93.96851499999995,visual,1.0,3,0
6880.0,0,2443,50.676022000000046,-93.96851499999995,visual,4.822222222222223,0,0
6880.0,0,4054,50.42328600000008,-93.86047399999995,sar,4.822222222222223,0,0
6880.0,0,4054,50.42328600000008,-93.86047399999995,sar,10.0,0,1
6880.0,0,4054,50.42328600000008,-93.86047399999995,sar,10.0,0,1
6880.0,0,4054,50.42328600000008,-93.86047399999995,sar,10.0,0,2
6880.0,0,4054,50.42328600000008,-93.86047399999995,sar,10.0,0,2
6880.0,0,4054,50.42328600000008,-93.86047399999995,sar,10.0,0,3
6880.0,0,4054,50.42328600000008,-93.86047399999995,visual,4.822222222222223,0,0
6880.0,0,4054,50.42328600000008,-93.86047399999995,visual,10.0,0,1
6880.0,0,4054,50.42328600000008,-93.86047399999995,visual,10.0,0,1
6880.0,0,4054,50.42328600000008,-93.86047399999995,visual,10.0,1,1
6890.0,0,1072,51.02529400000003,-93.76582599999996,visual,1.0,1,0
6890.0,0,1072,51.02529400000003,-93.76582599999996,visual,4.8277777777777775,0,0
6900.0,0,1483,51.33254600000004,-92.35747499999997,visual,1.0,1,0
6900.0,0,1483,51.33254600000004,-92.35747499999997,visual,1.0,1,0
6900.0,0,1483,51.33254600000004,-92.35747499999997,visual,1.0,2,0
6900.0,0,1483,51.33254600000004,-92.35747499999997,visual,1.0,2,0
6900.0,0,1483,51.33254600000004,-92.35747499999997,visual,1.0,3,0
6900.0,0,1483,51.33254600000004,-92.35747499999997,visual,4.833333333333334,0,0
6900.0,0,1483,51.333,-92.357,sar,1.0,1,0
6900.0,0,1483,51.333,-92.357,sar,1.0,1,0
6900.0,0,1483,51.333,-92.357,sar,1.0,2,0
6900.0,0,1483,51.333,-92.357,sar,4.833333333333334,0,0
6900.0,0,1483,51.333,-92.357,thermal,1.0,1,0
6900.0,0,1483,51.333,-92.357,thermal,1.0,1,0
6900.0,0,1483,51.333,-92.357,thermal,1.0,2,0
6900.0,0,1483,51.333,-92.357,thermal,1.0,2,0
6900.0,0,1483,51.333,-92.357,thermal,1.0,3,0
6900.0,0,1483,51.333,-92.357,thermal,4.833333333333334,0,0
6910.0,0,1557,51.591,-91.912,sar,1.0,1,0
6910.0,0,1557,51.591,-91.912,sar,1.0,1,0
6910.0,0,1557,51.591,-91.912,sar,1.0,2,0
6910.0,0,1557,51.591,-91.912,sar,4.838888888888889,0,0
6910.0,0,1557,51.591,-91.912,thermal,1.0,1,0
6910.0,0,1557,51.591,-91.912,thermal,1.0,1,0
6910.0,0,1557,51.591,-91.912,thermal,1.0,2,0
6910.0,0,1557,51.591,-91.912,thermal,1.0,2,0
6910.0,0,1557,51.591,-91.912,thermal,1.0,3,0
6910.0,0,1557,51.591,-91.912,thermal,4.838888888888889,0,0
6910.0,0,1557,51.59137900000008,-91.91180699999995,visual,1.0,1,0
6910.0,0,1557,51.59137900000008,-91.91180699999995,visual,1.0,1,0
6910.0,0,1557,51.59137900000008,-91.91180699999995,visual,1.0,2,0
6910.0,0,1557,51.59137900000008,-91.91180699999995,visual,1.0,2,0
6910.0,0,1557,51.59137900000008,-91.91180699999995,visual,1.0,3,0
6910.0,0,1557,51.59137900000008,-91.91180699999995,visual,4.838888888888889,0,0
6920.0,0,2104,52.62961000000007,-91.55051599999996,visual,1.0,1,0
6920.0,0,2104,52.62961000000007,-91.55051599999996,visual,1.0,1,0
6920.0,0,2104,52.62961000000007,-91.55051599999996,visual,1.0,2,0
6920.0,0,2104,52.62961000000007,-91.55051599999996,visual,1.0,2,0
6920.0,0,2104,52.62961000000007,-91.55051599999996,visual,1.0,3,0
6920.0,0,2104,52.62961000000007,-91.55051599999996,visual,4.844444444444445,0,0
6920.0,0,2104,52.63,-91.551,sar,1.0,1,0
6920.0,0,2104,52.63,-91.551,sar,1.0,1,0
6920.0,0,2104,52.63,-91.551,sar,1.0,2,0
6920.0,0,2104,52.63,-91.551,sar,4.844444444444445,0,0
6920.0,0,2104,52.63,-91.551,thermal,1.0,1,0
6920.0,0,2104,52.63,-91.551,thermal,1.0,1,0
6920.0,0,2104,52.63,-91.551,thermal,1.0,2,0
6920.0,0,2104,52.63,-91.551,thermal,1.0,2,0
6920.0,0,2104,52.63,-91.551,thermal,1.0,3,0
6920.0,0,2104,52.63,-91.551,thermal,4.844444444444445,0,0
6930.0,0,1117,53.064,-91.893,sar,1.0,1,0
6930.0,0,1117,53.064,-91.893,sar,1.0,1,0
6930.0,0,1117,53.064,-91.893,sar,1.0,2,0
6930.0,0,1117,53.064,-91.893,sar,4.85,0,0
6930.0,0,1117,53.064,-91.893,thermal,1.0,1,0
6930.0,0,1117,53.064,-91.893,thermal,1.0,1,0
6930.0,0,1117,53.064,-91.893,thermal,1.0,2,0
6930.0,0,1117,53.064,-91.893,thermal,1.0,2,0
6930.0,0,1117,53.064,-91.893,thermal,1.0,3,0
6930.0,0,1117,53.064,-91.893,thermal,4.85,0,0
6930.0,0,1117,53.06409100000008,-91.89270799999996,visual,1.0,1,0
6930.0,0,1117,53.06409100000008,-91.89270799999996,visual,1.0,1,0
6930.0,0,1117,53.06409100000008,-91.89270799999996,visual,1.0,2,0
6930.0,0,1117,53.06409100000008,-91.89270799999996,visual,1.0,2,0
6930.0,0,1117,53.06409100000008,-91.89270799999996,visual,1.0,3,0
6930.0,0,1117,53.06409100000008,-91.89270799999996,visual,4.85,0,0
6940.0,0,1917,53.485,-90.935,sar,1.0,1,0
6940.0,0,1917,53.485,-90.935,sar,1.0,1,0
6940.0,0,1917,53.485,-90.935,sar,1.0,2,0
6940.0,0,1917,53.485,-90.935,sar,4.855555555555556,0,0
6940.0,0,1917,53.485,-90.935,thermal,1.0,1,0
6940.0,0,1917,53.485,-90.935,thermal,1.0,1,0
6940.0,0,1917,53.485,-90.935,thermal,1.0,2,0
6940.0,0,1917,53.485,-90.935,thermal,1.0,2,0
6940.0,0,1917,53.485,-90.935,thermal,1.0,3,0
6940.0,0,1917,53.485,-90.935,thermal,4.855555555555556,0,0
6940.0,0,1917,53.48541700000004,-90.93541699999996,visual,1.0,1,0
6940.0,0,1917,53.48541700000004,-90.93541699999996,visual,1.0,1,0
6940.0,0,1917,53.48541700000004,-90.93541699999996,visual,1.0,2,0
6940.0,0,1917,53.48541700000004,-90.93541699999996,visual,1.0,2,0
6940.0,0,1917,53.48541700000004,-90.93541699999996,visual,1.0,3,0
6940.0,0,1917,53.48541700000004,-90.93541699999996,visual,4.855555555555556,0,0
6950.0,0,258,53.761,-89.562,sar,1.0,1,0
6950.0,0,258,53.761,-89.562,sar,1.0,1,0
6950.0,0,258,53.761,-89.562,sar,1.0,2,0
6950.0,0,258,53.761,-89.562,sar,4.861111111111111,0,0
6950.0,0,258,53.761,-89.562,thermal,1.0,1,0
6950.0,0,258,53.761,-89.562,thermal,1.0,1,0
6950.0,0,258,53.761,-89.562,thermal,1.0,2,0
6950.0,0,258,53.761,-89.562,thermal,1.0,2,0
6950.0,0,258,53.761,-89.562,thermal,1.0,3,0
6950.0,0,258,53.761,-89.562,thermal,1.0,3,0
6950.0,0,258,53.761,-89.562,thermal,4.861111111111111,0,0
6950.0,0,258,53.761,-89.562,thermal,10.0,3,1
6950.0,0,258,53.761,-89.562,thermal,10.0,3,1
6950.0,0,258,53.761,-89.562,thermal,10.0,3,2
6950.0,0,258,53.761,-89.562,thermal,10.0,3,2
6950.0,0,258,53.761,-89.562,thermal,10.0,3,3
6950.0,0,258,53.76133200000004,-89.56219999999996,visual,1.0,1,0
6950.0,0,258,53.76133200000004,-89.56219999999996,visual,1.0,1,0
6950.0,0,258,53.76133200000004,-89.56219999999996,visual,1.0,2,0
6950.0,0,258,53.76133200000004,-89.56219999999996,visual,1.0,2,0
6950.0,0,258,53.76133200000004,-89.56219999999996,visual,1.0,3,0
6950.0,0,258,53.76133200000004,-89.56219999999996,visual,1.0,3,0
6950.0,0,258,53.76133200000004,-89.56219999999996,visual,4.861111111111111,0,0
6950.0,0,258,53.76133200000004,-89.56219999999996,visual,10.0,3,1
6950.0,0,258,53.76133200000004,-89.56219999999996,visual,10.0,3,1
6950.0,0,258,53.76133200000004,-89.56219999999996,visual,10.0,3,2
6950.0,0,258,53.76133200000004,-89.56219999999996,visual,10.0,3,2
6950.0,0,258,53.76133200000004,-89.56219999999996,visual,10.0,3,3
6950.0,0,258,53.76133200000004,-89.56219999999996,visual,10.0,3,3
6950.0,0,258,53.76133200000004,-89.56219999999996,visual,10.0,4,3
6950.0,0,258,53.76133200000004,-89.56219999999996,visual,10.0,4,3
6950.0,0,258,53.76133200000004,-89.56219999999996,visual,10.0,5,3
6950.0,0,258,53.76133200000004,-89.56219999999996,visual,10.0,5,3
6950.0,0,258,53.76133200000004,-89.56219999999996,visual,10.0,6,3
6970.0,0,3302,54.32440000000008,-87.52448499999997,visual,1.0,1,0
6970.0,0,3302,54.32440000000008,-87.52448499999997,visual,4.872222222222222,0,0
6990.0,0,4564,54.413722000000064,-84.67432999999994,visual,1.0,1,0
6990.0,0,4564,54.413722000000064,-84.67432999999994,visual,4.883333333333333,0,0
