t,x_pos,y_pos,z_pos,x_vel,y_vel,z_vel,attitude,status
0.0,-7148.78,0.0,0.0,-0.0,-2.903,-6.839,0.0,SENSING
0.0,-7148.78,0.0,0.0,-0.0,-2.903,-6.839,0.0,LISTENING
500.0,-6196.507,-1383.993,-3264.471,3.727,-2.517,-5.926,0.0,SENSING
500.0,-6196.507,-1383.993,-3264.471,3.727,-2.517,-5.926,0.0,LISTENING
1000.0,-3587.679,-2398.249,-5654.538,6.48,-1.453,-3.414,0.0,SENSING
1000.0,-3587.679,-2398.249,-5654.538,6.48,-1.453,-3.414,0.0,LISTENING
1500.0,-11.162,-2765.336,-6514.742,7.505,0.019,0.06,0.0,SENSING
1500.0,-11.162,-2765.336,-6514.742,7.505,0.019,0.06,0.0,LISTENING
2000.0,3565.766,-2375.825,-5587.91,6.471,1.508,3.57,0.0,SENSING
2000.0,3565.766,-2375.825,-5587.91,6.471,1.508,3.57,0.0,LISTENING
2500.0,6148.669,-1327.239,-3106.989,3.614,2.595,6.125,0.0,SENSING
2500.0,6148.669,-1327.239,-3106.989,3.614,2.595,6.125,0.0,LISTENING
3000.0,7002.308,93.237,246.693,-0.282,2.96,6.972,0.0,SENSING
3000.0,7002.308,93.237,246.693,-0.282,2.96,6.972,0.0,LISTENING
3018.9,6995.533,149.057,378.339,-0.435,2.957,6.965,0.0,SENSING
3018.9,6995.533,149.057,378.339,-0.435,2.957,6.965,0.0,LISTENING
3033.01,6988.59,190.691,476.523,-0.549,2.955,6.958,0.0,SENSING
3033.01,6988.59,190.691,476.523,-0.549,2.955,6.958,0.0,LISTENING
3160.0,6854.003,562.282,1352.53,-1.568,2.899,6.824,0.0,SENSING
3160.0,6854.003,562.282,1352.53,-1.568,2.899,6.824,0.0,LISTENING
3241.0,6701.251,794.273,1899.143,-2.204,2.836,6.671,0.0,SENSING
3241.0,6701.251,794.273,1899.143,-2.204,2.836,6.671,0.0,LISTENING
3256.9,6665.261,839.161,2004.88,-2.326,2.821,6.635,0.0,SENSING
3256.9,6665.261,839.161,2004.88,-2.326,2.821,6.635,0.0,LISTENING
3400.0,6255.254,1230.616,2926.521,-3.396,2.65,6.227,0.0,SENSING
3400.0,6255.254,1230.616,2926.521,-3.396,2.65,6.227,0.0,LISTENING
3500.0,5880.499,1487.514,3530.851,-4.097,2.493,5.854,0.0,SENSING
3500.0,5880.499,1487.514,3530.851,-4.097,2.493,5.854,0.0,LISTENING
3541.6,5704.399,1589.517,3770.667,-4.374,2.419,5.679,0.0,SENSING
3541.6,5704.399,1589.517,3770.667,-4.374,2.419,5.679,0.0,LISTENING
3549.44,5669.927,1608.394,3815.036,-4.426,2.405,5.645,0.0,SENSING
3549.44,5669.927,1608.394,3815.036,-4.426,2.405,5.645,0.0,LISTENING
3620.0,5341.959,1773.017,4201.851,-4.873,2.268,5.32,0.0,SENSING
3620.0,5341.959,1773.017,4201.851,-4.873,2.268,5.32,0.0,LISTENING
3895.5,3789.143,2311.255,5463.963,-6.325,1.619,3.783,0.0,SENSING
3895.5,3789.143,2311.255,5463.963,-6.325,1.619,3.783,0.0,LISTENING
3904.95,3729.225,2326.411,5499.412,-6.365,1.594,3.724,0.0,SENSING
3904.95,3729.225,2326.411,5499.412,-6.365,1.594,3.724,0.0,LISTENING
3990.0,3173.629,2452.001,5792.838,-6.7,1.363,3.176,0.0,SENSING
3990.0,3173.629,2452.001,5792.838,-6.7,1.363,3.176,0.0,LISTENING
4000.0,3106.496,2465.462,5824.246,-6.736,1.335,3.109,0.0,SENSING
4000.0,3106.496,2465.462,5824.246,-6.736,1.335,3.109,0.0,LISTENING
4500.0,-532.26,2760.736,6500.783,-7.483,-0.175,-0.457,0.0,SENSING
4500.0,-532.26,2760.736,6500.783,-7.483,-0.175,-0.457,0.0,LISTENING
5000.0,-4028.009,2302.243,5397.8,-6.187,-1.616,-3.846,0.0,SENSING
5000.0,-4028.009,2302.243,5397.8,-6.187,-1.616,-3.846,0.0,LISTENING
5132.3,-4804.555,2067.426,4838.791,-5.542,-1.935,-4.595,0.0,SENSING
5132.3,-4804.555,2067.426,4838.791,-5.542,-1.935,-4.595,0.0,LISTENING
5133.07,-4808.818,2065.938,4835.253,-5.538,-1.936,-4.599,0.0,SENSING
5133.07,-4808.818,2065.938,4835.253,-5.538,-1.936,-4.599,0.0,LISTENING
5140.0,-4847.04,2052.489,4803.273,-5.501,-1.952,-4.635,0.0,SENSING
5140.0,-4847.04,2052.489,4803.273,-5.501,-1.952,-4.635,0.0,LISTENING
5142.1,-4858.572,2048.392,4793.532,-5.49,-1.957,-4.647,0.0,SENSING
5142.1,-4858.572,2048.392,4793.532,-5.49,-1.957,-4.647,0.0,MANEUVERING
5142.1,-4858.572,2048.392,4793.532,-5.49,-1.957,-4.647,0.0,LISTENING
5146.89,-4884.788,2039.011,4771.226,-5.464,-1.968,-4.672,-4.79,MANEUVERING
5146.89,-4884.788,2039.011,4771.226,-5.464,-1.968,-4.672,-4.79,SENSING
5146.89,-4884.788,2039.011,4771.226,-5.464,-1.968,-4.672,-4.79,LISTENING
5186.5,-5096.789,1959.484,4582.211,-5.247,-2.055,-4.876,-4.79,SENSING
5186.5,-5096.789,1959.484,4582.211,-5.247,-2.055,-4.876,-4.79,LISTENING
5190.0,-5115.104,1952.293,4565.124,-5.227,-2.062,-4.893,-4.79,SENSING
5190.0,-5115.104,1952.293,4565.124,-5.227,-2.062,-4.893,-4.79,MEASURING
5190.0,-5115.104,1952.293,4565.124,-5.227,-2.062,-4.893,-4.79,SENSING
5190.0,-5115.104,1952.293,4565.124,-5.227,-2.062,-4.893,-4.79,LISTENING
5199.85,-5166.278,1931.915,4516.708,-5.171,-2.083,-4.942,-4.79,SENSING
5199.85,-5166.278,1931.915,4516.708,-5.171,-2.083,-4.942,-4.79,LISTENING
5309.2,-5696.241,1692.398,3948.094,-4.518,-2.301,-5.451,-4.79,SENSING
5309.2,-5696.241,1692.398,3948.094,-4.518,-2.301,-5.451,-4.79,MANEUVERING
5309.2,-5696.241,1692.398,3948.094,-4.518,-2.301,-5.451,-4.79,LISTENING
5319.28,-5741.436,1669.155,3892.954,-4.455,-2.319,-5.495,-14.87,MANEUVERING
5319.28,-5741.436,1669.155,3892.954,-4.455,-2.319,-5.495,-14.87,SENSING
5319.28,-5741.436,1669.155,3892.954,-4.455,-2.319,-5.495,-14.87,LISTENING
5320.0,-5744.639,1667.488,3888.999,-4.451,-2.321,-5.498,-14.87,SENSING
5320.0,-5744.639,1667.488,3888.999,-4.451,-2.321,-5.498,-14.87,LISTENING
5410.0,-6118.849,1451.947,3377.946,-3.865,-2.474,-5.856,-14.87,SENSING
5410.0,-6118.849,1451.947,3377.946,-3.865,-2.474,-5.856,-14.87,MEASURING
5410.0,-6118.849,1451.947,3377.946,-3.865,-2.474,-5.856,-14.87,SENSING
5410.0,-6118.849,1451.947,3377.946,-3.865,-2.474,-5.856,-14.87,LISTENING
5500.0,-6438.869,1223.575,2836.963,-3.246,-2.606,-6.163,-14.87,SENSING
5500.0,-6438.869,1223.575,2836.963,-3.246,-2.606,-6.163,-14.87,LISTENING
6000.0,-7129.928,-181.664,-483.037,0.541,-2.897,-6.82,-14.87,SENSING
6000.0,-7129.928,-181.664,-483.037,0.541,-2.897,-6.82,-14.87,LISTENING
6500.0,-5921.323,-1538.549,-3674.114,4.189,-2.416,-5.658,-14.87,SENSING
6500.0,-5921.323,-1538.549,-3674.114,4.189,-2.416,-5.658,-14.87,LISTENING
7000.0,-3128.12,-2483.959,-5879.985,6.739,-1.283,-2.962,-14.87,SENSING
7000.0,-3128.12,-2483.959,-5879.985,6.739,-1.283,-2.962,-14.87,LISTENING
7112.7,-2348.93,-2610.501,-6171.414,7.082,-0.964,-2.206,-14.87,SENSING
7112.7,-2348.93,-2610.501,-6171.414,7.082,-0.964,-2.206,-14.87,LISTENING
7113.43,-2343.762,-2611.203,-6173.022,7.084,-0.962,-2.201,-14.87,SENSING
7113.43,-2343.762,-2611.203,-6173.022,7.084,-0.962,-2.201,-14.87,LISTENING
7120.0,-2297.196,-2617.448,-6187.328,7.101,-0.943,-2.156,-14.87,SENSING
7120.0,-2297.196,-2617.448,-6187.328,7.101,-0.943,-2.156,-14.87,LISTENING
7124.9,-2262.394,-2622.025,-6197.805,7.114,-0.929,-2.122,-14.87,SENSING
7124.9,-2262.394,-2622.025,-6197.805,7.114,-0.929,-2.122,-14.87,LISTENING
7137.41,-2173.272,-2633.391,-6223.801,7.145,-0.892,-2.036,-14.87,SENSING
7137.41,-2173.272,-2633.391,-6223.801,7.145,-0.892,-2.036,-14.87,LISTENING
7250.0,-1356.008,-2714.874,-6408.446,7.366,-0.556,-1.242,-14.87,SENSING
7250.0,-1356.008,-2714.874,-6408.446,7.366,-0.556,-1.242,-14.87,LISTENING
7500.0,510.018,-2757.842,-6492.091,7.485,0.215,0.578,-14.87,SENSING
7500.0,510.018,-2757.842,-6492.091,7.485,0.215,0.578,-14.87,LISTENING
8000.0,4005.355,-2275.601,-5319.683,6.171,1.676,4.011,-14.87,SENSING
8000.0,4005.355,-2275.601,-5319.683,6.171,1.676,4.011,-14.87,LISTENING
8500.0,6382.5,-1160.963,-2665.195,3.111,2.686,6.361,-14.87,SENSING
8500.0,6382.5,-1160.963,-2665.195,3.111,2.686,6.361,-14.87,LISTENING
9000.0,6963.051,279.3,738.649,-0.845,2.947,6.932,-14.87,SENSING
9000.0,6963.051,279.3,738.649,-0.845,2.947,6.932,-14.87,LISTENING
9500.0,5579.532,1641.097,3934.36,-4.556,2.38,5.55,-14.87,SENSING
9500.0,5579.532,1641.097,3934.36,-4.556,2.38,5.55,-14.87,LISTENING
10000.0,2630.128,2544.152,6027.411,-6.963,1.155,2.632,-14.87,SENSING
10000.0,2630.128,2544.152,6027.411,-6.963,1.155,2.632,-14.87,LISTENING
10500.0,-1050.44,2744.093,6450.375,-7.421,-0.369,-0.97,-14.87,SENSING
10500.0,-1050.44,2744.093,6450.375,-7.421,-0.369,-0.97,-14.87,LISTENING
11000.0,-4446.787,2196.362,5111.248,-5.862,-1.772,-4.257,-14.87,SENSING
11000.0,-4446.787,2196.362,5111.248,-5.862,-1.772,-4.257,-14.87,LISTENING
11033.6,-4640.792,2135.594,4965.14,-5.693,-1.852,-4.444,-14.87,SENSING
11033.6,-4640.792,2135.594,4965.14,-5.693,-1.852,-4.444,-14.87,LISTENING
11038.24,-4667.135,2126.992,4944.474,-5.67,-1.863,-4.469,-14.87,SENSING
11038.24,-4667.135,2126.992,4944.474,-5.67,-1.863,-4.469,-14.87,LISTENING
11080.0,-4899.174,2047.338,4753.264,-5.45,-1.959,-4.692,-14.87,SENSING
11080.0,-4899.174,2047.338,4753.264,-5.45,-1.959,-4.692,-14.87,LISTENING
11355.5,-6176.085,1431.671,3282.466,-3.764,-2.488,-5.916,-14.87,SENSING
11355.5,-6176.085,1431.671,3282.466,-3.764,-2.488,-5.916,-14.87,LISTENING
11365.95,-6215.019,1405.638,3220.484,-3.693,-2.504,-5.953,-14.87,SENSING
11365.95,-6215.019,1405.638,3220.484,-3.693,-2.504,-5.953,-14.87,LISTENING
11460.0,-6531.513,1164.188,2646.251,-3.037,-2.636,-6.255,-14.87,SENSING
11460.0,-6531.513,1164.188,2646.251,-3.037,-2.636,-6.255,-14.87,LISTENING
11500.0,-6647.16,1057.958,2393.947,-2.749,-2.685,-6.365,-14.87,SENSING
11500.0,-6647.16,1057.958,2393.947,-2.749,-2.685,-6.365,-14.87,LISTENING
11726.6,-7078.494,426.979,899.032,-1.044,-2.869,-6.774,-14.87,SENSING
11726.6,-7078.494,426.979,899.032,-1.044,-2.869,-6.774,-14.87,MANEUVERING
11726.6,-7078.494,426.979,899.032,-1.044,-2.869,-6.774,-14.87,LISTENING
11730.94,-7082.947,414.547,869.638,-1.01,-2.871,-6.778,-10.53,MANEUVERING
11730.94,-7082.947,414.547,869.638,-1.01,-2.871,-6.778,-10.53,SENSING
11730.94,-7082.947,414.547,869.638,-1.01,-2.871,-6.778,-10.53,LISTENING
11770.0,-7116.476,302.307,604.358,-0.708,-2.886,-6.81,-10.53,SENSING
11770.0,-7116.476,302.307,604.358,-0.708,-2.886,-6.81,-10.53,MEASURING
11770.0,-7116.476,302.307,604.358,-0.708,-2.886,-6.81,-10.53,SENSING
11770.0,-7116.476,302.307,604.358,-0.708,-2.886,-6.81,-10.53,LISTENING
11905.3,-7140.988,-89.17,-319.501,0.346,-2.902,-6.831,-10.53,SENSING
11905.3,-7140.988,-89.17,-319.501,0.346,-2.902,-6.831,-10.53,MANEUVERING
11905.3,-7140.988,-89.17,-319.501,0.346,-2.902,-6.831,-10.53,LISTENING
11908.77,-7139.742,-99.22,-343.19,0.373,-2.902,-6.83,-14.0,MANEUVERING
11908.77,-7139.742,-99.22,-343.19,0.373,-2.902,-6.83,-14.0,SENSING
11908.77,-7139.742,-99.22,-343.19,0.373,-2.902,-6.83,-14.0,LISTENING
11940.0,-7124.32,-189.597,-556.15,0.616,-2.897,-6.814,-14.0,SENSING
11940.0,-7124.32,-189.597,-556.15,0.616,-2.897,-6.814,-14.0,MEASURING
11940.0,-7124.32,-189.597,-556.15,0.616,-2.897,-6.814,-14.0,SENSING
11940.0,-7124.32,-189.597,-556.15,0.616,-2.897,-6.814,-14.0,LISTENING
12000.0,-7073.467,-362.586,-963.441,1.08,-2.879,-6.765,-14.0,SENSING
12000.0,-7073.467,-362.586,-963.441,1.08,-2.879,-6.765,-14.0,LISTENING
12500.0,-5614.742,-1686.598,-4063.625,4.629,-2.306,-5.357,-14.0,SENSING
12500.0,-5614.742,-1686.598,-4063.625,4.629,-2.306,-5.357,-14.0,LISTENING
13000.0,-2651.766,-2558.991,-6072.826,6.962,-1.107,-2.492,-14.0,SENSING
13000.0,-2651.766,-2558.991,-6072.826,6.962,-1.107,-2.492,-14.0,LISTENING
13500.0,1028.429,-2738.253,-6432.873,7.425,0.41,1.094,-14.0,SENSING
13500.0,1028.429,-2738.253,-6432.873,7.425,0.41,1.094,-14.0,LISTENING
14000.0,4422.784,-2165.199,-5021.036,5.835,1.836,4.43,-14.0,SENSING
14000.0,4422.784,-2165.199,-5021.036,5.835,1.836,4.43,-14.0,LISTENING
14500.0,6580.642,-989.409,-2208.004,2.59,2.764,6.56,-14.0,SENSING
14500.0,6580.642,-989.409,-2208.004,2.59,2.764,6.56,-14.0,LISTENING
15000.0,6884.768,464.135,1226.328,-1.402,2.92,6.851,-14.0,SENSING
15000.0,6884.768,464.135,1226.328,-1.402,2.92,6.851,-14.0,LISTENING
15500.0,5247.498,1787.326,4315.221,-4.989,2.256,5.214,-14.0,SENSING
15500.0,5247.498,1787.326,4315.221,-4.989,2.256,5.214,-14.0,LISTENING
16000.0,2139.329,2611.579,6196.32,-7.151,0.971,2.141,-14.0,SENSING
16000.0,2139.329,2611.579,6196.32,-7.151,0.971,2.141,-14.0,LISTENING
16500.0,-1562.894,2715.51,6363.886,-7.32,-0.561,-1.477,-14.0,SENSING
16500.0,-1562.894,2715.51,6363.886,-7.32,-0.561,-1.477,-14.0,LISTENING
17000.0,-4841.812,2081.064,4796.518,-5.506,-1.92,-4.643,-14.0,SENSING
17000.0,-4841.812,2081.064,4796.518,-5.506,-1.92,-4.643,-14.0,LISTENING
17128.2,-5501.332,1817.417,4160.089,-4.776,-2.195,-5.275,-14.0,SENSING
17128.2,-5501.332,1817.417,4160.089,-4.776,-2.195,-5.275,-14.0,LISTENING
17138.38,-5549.6,1795.015,4106.178,-4.714,-2.215,-5.322,-14.0,SENSING
17138.38,-5549.6,1795.015,4106.178,-4.714,-2.215,-5.322,-14.0,LISTENING
17230.0,-5955.008,1584.552,3600.733,-4.136,-2.385,-5.709,-14.0,SENSING
17230.0,-5955.008,1584.552,3600.733,-4.136,-2.385,-5.709,-14.0,LISTENING
17254.5,-6054.289,1525.728,3459.765,-3.974,-2.426,-5.804,-14.0,SENSING
17254.5,-6054.289,1525.728,3459.765,-3.974,-2.426,-5.804,-14.0,LISTENING
17268.05,-6107.494,1492.763,3380.818,-3.884,-2.449,-5.855,-14.0,SENSING
17268.05,-6107.494,1492.763,3380.818,-3.884,-2.449,-5.855,-14.0,LISTENING
17390.0,-6529.957,1183.429,2641.688,-3.04,-2.627,-6.257,-14.0,SENSING
17390.0,-6529.957,1183.429,2641.688,-3.04,-2.627,-6.257,-14.0,LISTENING
17500.0,-6820.309,887.825,1937.856,-2.237,-2.752,-6.532,-14.0,SENSING
17500.0,-6820.309,887.825,1937.856,-2.237,-2.752,-6.532,-14.0,LISTENING
18000.0,-6979.689,-542.028,-1438.592,1.613,-2.848,-6.672,-14.0,SENSING
18000.0,-6979.689,-542.028,-1438.592,1.613,-2.848,-6.672,-14.0,LISTENING
18500.0,-5278.353,-1827.52,-4430.842,5.045,-2.185,-5.027,-14.0,SENSING
18500.0,-5278.353,-1827.52,-4430.842,5.045,-2.185,-5.027,-14.0,LISTENING
19000.0,-2161.151,-2622.999,-6231.92,7.149,-0.926,-2.008,-14.0,SENSING
19000.0,-2161.151,-2622.999,-6231.92,7.149,-0.926,-2.008,-14.0,LISTENING
19005.5,-2121.825,-2628.041,-6242.851,7.162,-0.91,-1.969,-14.0,SENSING
19005.5,-2121.825,-2628.041,-6242.851,7.162,-0.91,-1.969,-14.0,LISTENING
19014.95,-2054.09,-2636.498,-6261.141,7.184,-0.883,-1.903,-14.0,SENSING
19014.95,-2054.09,-2636.498,-6261.141,7.184,-0.883,-1.903,-14.0,LISTENING
19100.0,-1436.097,-2700.739,-6397.504,7.349,-0.63,-1.302,-14.0,SENSING
19100.0,-1436.097,-2700.739,-6397.504,7.349,-0.63,-1.302,-14.0,LISTENING
19375.9,622.215,-2757.678,-6480.801,7.476,0.22,0.705,-14.0,SENSING
19375.9,622.215,-2757.678,-6480.801,7.476,0.22,0.705,-14.0,LISTENING
19385.31,692.479,-2755.472,-6473.842,7.469,0.25,0.774,-14.0,SENSING
19385.31,692.479,-2755.472,-6473.842,7.469,0.25,0.774,-14.0,LISTENING
19470.0,1320.914,-2723.302,-6382.229,7.373,0.511,1.389,-14.0,SENSING
19470.0,1320.914,-2723.302,-6382.229,7.373,0.511,1.389,-14.0,LISTENING
19500.0,1541.223,-2706.614,-6337.336,7.324,0.603,1.605,-14.0,SENSING
19500.0,1541.223,-2706.614,-6337.336,7.324,0.603,1.605,-14.0,LISTENING
19525.4,1726.534,-2690.337,-6294.282,7.277,0.681,1.787,-14.0,SENSING
19525.4,1726.534,-2690.337,-6294.282,7.277,0.681,1.787,-14.0,LISTENING
19542.86,1853.195,-2678.011,-6262.02,7.242,0.734,1.911,-14.0,SENSING
19542.86,1853.195,-2678.011,-6262.02,7.242,0.734,1.911,-14.0,LISTENING
19700.0,2959.147,-2526.141,-5875.833,6.811,1.199,2.996,-14.0,SENSING
19700.0,2959.147,-2526.141,-5875.833,6.811,1.199,2.996,-14.0,LISTENING
19939.8,4477.069,-2160.21,-4973.925,5.787,1.843,4.49,-14.0,SENSING
19939.8,4477.069,-2160.21,-4973.925,5.787,1.843,4.49,-14.0,LISTENING
19943.82,4500.276,-2152.795,-4955.838,5.767,1.853,4.513,-14.0,SENSING
19943.82,4500.276,-2152.795,-4955.838,5.767,1.853,4.513,-14.0,LISTENING
19980.0,4705.339,-2084.287,-4788.968,5.576,1.941,4.715,-14.0,SENSING
19980.0,4705.339,-2084.287,-4788.968,5.576,1.941,4.715,-14.0,LISTENING
20000.0,4815.688,-2045.072,-4693.624,5.467,1.988,4.824,-14.0,SENSING
20000.0,4815.688,-2045.072,-4693.624,5.467,1.988,4.824,-14.0,LISTENING
20500.0,6741.952,-813.323,-1738.045,2.054,2.83,6.722,-14.0,SENSING
20500.0,6741.952,-813.323,-1738.045,2.054,2.83,6.722,-14.0,LISTENING
21000.0,6767.913,646.926,1706.906,-1.952,2.88,6.731,-14.0,SENSING
21000.0,6767.913,646.926,1706.906,-1.952,2.88,6.731,-14.0,LISTENING
21500.0,4886.3,1925.572,4671.277,-5.393,2.122,4.849,-14.0,SENSING
21500.0,4886.3,1925.572,4671.277,-5.393,2.122,4.849,-14.0,LISTENING
22000.0,1636.835,2667.481,6330.09,-7.299,0.783,1.639,-14.0,SENSING
22000.0,1636.835,2667.481,6330.09,-7.299,0.783,1.639,-14.0,LISTENING
22500.0,-2066.859,2675.131,6241.878,-7.178,-0.75,-1.974,-14.0,SENSING
22500.0,-2066.859,2675.131,6241.878,-7.178,-0.75,-1.974,-14.0,LISTENING
23000.0,-5211.019,1956.841,4455.39,-5.121,-2.06,-5.003,-14.0,SENSING
23000.0,-5211.019,1956.841,4455.39,-5.121,-2.06,-5.003,-14.0,LISTENING
23500.0,-6957.428,713.874,1471.188,-1.714,-2.807,-6.664,-14.0,SENSING
23500.0,-6957.428,713.874,1471.188,-1.714,-2.807,-6.664,-14.0,LISTENING
24000.0,-6849.075,-719.255,-1905.896,2.138,-2.805,-6.543,-14.0,SENSING
24000.0,-6849.075,-719.255,-1905.896,2.138,-2.805,-6.543,-14.0,LISTENING
24500.0,-4913.907,-1960.717,-4773.712,5.435,-2.055,-4.669,-14.0,SENSING
24500.0,-4913.907,-1960.717,-4773.712,5.435,-2.055,-4.669,-14.0,LISTENING
25000.0,-1658.896,-2675.683,-6356.309,7.297,-0.741,-1.511,-14.0,SENSING
25000.0,-1658.896,-2675.683,-6356.309,7.297,-0.741,-1.511,-14.0,LISTENING
25500.0,2045.568,-2663.023,-6205.939,7.183,0.795,2.108,-14.0,SENSING
25500.0,2045.568,-2663.023,-6205.939,7.183,0.795,2.108,-14.0,LISTENING
26000.0,5181.833,-1915.718,-4339.276,5.067,2.132,5.191,-14.0,SENSING
26000.0,5181.833,-1915.718,-4339.276,5.067,2.132,5.191,-14.0,LISTENING
26500.0,6865.497,-633.473,-1258.029,1.506,2.884,6.845,-14.0,SENSING
26500.0,6865.497,-633.473,-1258.029,1.506,2.884,6.845,-14.0,LISTENING
27000.0,6613.167,826.872,2177.608,-2.49,2.827,6.572,-14.0,SENSING
27000.0,6613.167,826.872,2177.608,-2.49,2.827,6.572,-14.0,LISTENING
27500.0,4498.001,2055.246,5000.526,-5.767,1.979,4.456,-14.0,SENSING
27500.0,4498.001,2055.246,5000.526,-5.767,1.979,4.456,-14.0,LISTENING
27610.3,3832.533,2258.35,5455.939,-6.293,1.707,3.796,-14.0,SENSING
27610.3,3832.533,2258.35,5455.939,-6.293,1.707,3.796,-14.0,LISTENING
27620.27,3769.616,2275.207,5493.458,-6.337,1.681,3.734,-14.0,SENSING
27620.27,3769.616,2275.207,5493.458,-6.337,1.681,3.734,-14.0,LISTENING
27710.0,3185.017,2415.121,5802.619,-6.693,1.441,3.156,-14.0,SENSING
27710.0,3185.017,2415.121,5802.619,-6.693,1.441,3.156,-14.0,LISTENING
27893.8,1902.713,2631.747,6267.602,-7.225,0.913,1.892,-14.0,SENSING
27893.8,1902.713,2631.747,6267.602,-7.225,0.913,1.892,-14.0,LISTENING
27896.42,1883.789,2634.125,6272.531,-7.231,0.905,1.873,-14.0,SENSING
27896.42,1883.789,2634.125,6272.531,-7.231,0.905,1.873,-14.0,LISTENING
27920.0,1712.828,2654.61,6314.697,-7.279,0.835,1.705,-14.0,SENSING
27920.0,1712.828,2654.61,6314.697,-7.279,0.835,1.705,-14.0,LISTENING
27924.6,1679.348,2658.413,6322.461,-7.288,0.821,1.672,-14.0,SENSING
27924.6,1679.348,2658.413,6322.461,-7.288,0.821,1.672,-14.0,LISTENING
27932.0,1625.405,2664.397,6334.633,-7.302,0.799,1.619,-14.0,SENSING
27932.0,1625.405,2664.397,6334.633,-7.302,0.799,1.619,-14.0,LISTENING
27932.14,1624.384,2664.508,6334.859,-7.302,0.798,1.618,-14.0,SENSING
27932.14,1624.384,2664.508,6334.859,-7.302,0.798,1.618,-14.0,LISTENING
27934.8,1604.968,2666.618,6339.136,-7.307,0.79,1.599,-14.0,SENSING
27934.8,1604.968,2666.618,6339.136,-7.307,0.79,1.599,-14.0,LISTENING
27960.0,1420.414,2685.547,6377.133,-7.35,0.714,1.418,-14.0,SENSING
27960.0,1420.414,2685.547,6377.133,-7.35,0.714,1.418,-14.0,LISTENING
28000.0,1125.434,2711.642,6428.043,-7.407,0.592,1.129,-14.0,SENSING
28000.0,1125.434,2711.642,6428.043,-7.407,0.592,1.129,-14.0,LISTENING
28500.0,-2559.629,2623.152,6085.111,-6.999,-0.935,-2.46,-14.0,SENSING
28500.0,-2559.629,2623.152,6085.111,-6.999,-0.935,-2.46,-14.0,LISTENING
29000.0,-5552.482,1824.216,4089.782,-4.709,-2.19,-5.335,-14.0,SENSING
29000.0,-5552.482,1824.216,4089.782,-4.709,-2.19,-5.335,-14.0,LISTENING
29500.0,-7057.813,536.814,996.497,-1.182,-2.851,-6.759,-14.0,SENSING
29500.0,-7057.813,536.814,996.497,-1.182,-2.851,-6.759,-14.0,LISTENING
30000.0,-6682.297,-893.539,-2362.799,2.652,-2.751,-6.378,-14.0,SENSING
30000.0,-6682.297,-893.539,-2362.799,2.652,-2.751,-6.378,-14.0,LISTENING
30500.0,-4523.305,-2085.62,-5090.309,5.796,-1.915,-4.284,-14.0,SENSING
30500.0,-4523.305,-2085.62,-5090.309,5.796,-1.915,-4.284,-14.0,LISTENING
31000.0,-1147.698,-2716.785,-6445.221,7.406,-0.552,-1.004,-14.0,SENSING
31000.0,-1147.698,-2716.785,-6445.221,7.406,-0.552,-1.004,-14.0,LISTENING
31124.3,-220.574,-2761.671,-6513.985,7.501,-0.17,-0.1,-14.0,SENSING
31124.3,-220.574,-2761.671,-6513.985,7.501,-0.17,-0.1,-14.0,MANEUVERING
31124.3,-220.574,-2761.671,-6513.985,7.501,-0.17,-0.1,-14.0,LISTENING
31128.87,-186.317,-2762.415,-6514.367,7.502,-0.156,-0.067,-9.43,MANEUVERING
31128.87,-186.317,-2762.415,-6514.367,7.502,-0.156,-0.067,-9.43,SENSING
31128.87,-186.317,-2762.415,-6514.367,7.502,-0.156,-0.067,-9.43,LISTENING
31170.0,122.103,-2766.205,-6510.926,7.504,-0.028,0.234,-9.43,SENSING
31170.0,122.103,-2766.205,-6510.926,7.504,-0.028,0.234,-9.43,MEASURING
31170.0,122.103,-2766.205,-6510.926,7.504,-0.028,0.234,-9.43,SENSING
31170.0,122.103,-2766.205,-6510.926,7.504,-0.028,0.234,-9.43,LISTENING
31400.4,1828.87,-2690.563,-6263.719,7.248,0.684,1.904,-9.43,SENSING
31400.4,1828.87,-2690.563,-6263.719,7.248,0.684,1.904,-9.43,MANEUVERING
31400.4,1828.87,-2690.563,-6263.719,7.248,0.684,1.904,-9.43,LISTENING
31405.36,1864.77,-2687.14,-6254.192,7.238,0.699,1.939,-4.47,MANEUVERING
31405.36,1864.77,-2687.14,-6254.192,7.238,0.699,1.939,-4.47,SENSING
31405.36,1864.77,-2687.14,-6254.192,7.238,0.699,1.939,-4.47,LISTENING
31450.0,2185.416,-2652.983,-6160.645,7.135,0.834,2.253,-4.47,SENSING
31450.0,2185.416,-2652.983,-6160.645,7.135,0.834,2.253,-4.47,MEASURING
31450.0,2185.416,-2652.983,-6160.645,7.135,0.834,2.253,-4.47,SENSING
31450.0,2185.416,-2652.983,-6160.645,7.135,0.834,2.253,-4.47,LISTENING
31500.0,2538.668,-2607.629,-6039.347,7.001,0.983,2.6,-4.47,SENSING
31500.0,2538.668,-2607.629,-6039.347,7.001,0.983,2.6,-4.47,LISTENING
32000.0,5519.134,-1777.68,-3959.985,4.639,2.266,5.529,-4.47,SENSING
32000.0,5519.134,-1777.68,-3959.985,4.639,2.266,5.529,-4.47,LISTENING
32500.0,6950.567,-450.646,-770.73,0.949,2.924,6.928,-4.47,SENSING
32500.0,6950.567,-450.646,-770.73,0.949,2.924,6.928,-4.47,LISTENING
33000.0,6421.431,1003.181,2635.718,-3.014,2.761,6.375,-4.47,SENSING
33000.0,6421.431,1003.181,2635.718,-3.014,2.761,6.375,-4.47,LISTENING
33500.0,4084.813,2175.795,5301.129,-6.109,1.827,4.039,-4.47,SENSING
33500.0,4084.813,2175.795,5301.129,-6.109,1.827,4.039,-4.47,LISTENING
33782.5,2202.011,2585.254,6185.189,-7.128,1.056,2.178,-4.47,SENSING
33782.5,2202.011,2585.254,6185.189,-7.128,1.056,2.178,-4.47,MANEUVERING
33782.5,2202.011,2585.254,6185.189,-7.128,1.056,2.178,-4.47,LISTENING
33785.25,2182.414,2588.143,6191.149,-7.135,1.048,2.159,-7.22,MANEUVERING
33785.25,2182.414,2588.143,6191.149,-7.135,1.048,2.159,-7.22,SENSING
33785.25,2182.414,2588.143,6191.149,-7.135,1.048,2.159,-7.22,LISTENING
33810.0,2005.22,2613.142,6242.391,-7.193,0.975,1.984,-7.22,SENSING
33810.0,2005.22,2613.142,6242.391,-7.193,0.975,1.984,-7.22,MEASURING
33810.0,2005.22,2613.142,6242.391,-7.193,0.975,1.984,-7.22,SENSING
33810.0,2005.22,2613.142,6242.391,-7.193,0.975,1.984,-7.22,LISTENING
33844.3,1757.382,2644.796,6306.239,-7.266,0.873,1.74,-7.22,SENSING
33844.3,1757.382,2644.796,6306.239,-7.266,0.873,1.74,-7.22,MANEUVERING
33844.3,1757.382,2644.796,6306.239,-7.266,0.873,1.74,-7.22,LISTENING
33847.87,1731.446,2647.889,6312.404,-7.274,0.863,1.715,-10.79,MANEUVERING
33847.87,1731.446,2647.889,6312.404,-7.274,0.863,1.715,-10.79,SENSING
33847.87,1731.446,2647.889,6312.404,-7.274,0.863,1.715,-10.79,LISTENING
33880.0,1496.95,2674.013,6363.78,-7.332,0.766,1.485,-10.79,SENSING
33880.0,1496.95,2674.013,6363.78,-7.332,0.766,1.485,-10.79,MEASURING
33880.0,1496.95,2674.013,6363.78,-7.332,0.766,1.485,-10.79,SENSING
33880.0,1496.95,2674.013,6363.78,-7.332,0.766,1.485,-10.79,LISTENING
34000.0,607.952,2743.897,6489.708,-7.475,0.399,0.613,-10.79,SENSING
34000.0,607.952,2743.897,6489.708,-7.475,0.399,0.613,-10.79,LISTENING
34500.0,-3038.573,2559.81,5894.532,-6.782,-1.116,-2.93,-10.79,SENSING
34500.0,-3038.573,2559.81,5894.532,-6.782,-1.116,-2.93,-10.79,LISTENING
35000.0,-5864.426,1683.744,3701.736,-4.273,-2.312,-5.638,-10.79,SENSING
35000.0,-5864.426,1683.744,3701.736,-4.273,-2.312,-5.638,-10.79,LISTENING
35500.0,-7120.953,357.37,516.372,-0.644,-2.882,-6.818,-10.79,SENSING
35500.0,-7120.953,357.37,516.372,-0.644,-2.882,-6.818,-10.79,LISTENING
36000.0,-6480.215,-1064.162,-2806.797,3.152,-2.685,-6.178,-10.79,SENSING
36000.0,-6480.215,-1064.162,-2806.797,3.152,-2.685,-6.178,-10.79,LISTENING
36500.0,-4108.594,-2201.687,-5378.842,6.128,-1.767,-3.875,-10.79,SENSING
36500.0,-4108.594,-2201.687,-5378.842,6.128,-1.767,-3.875,-10.79,LISTENING
37000.0,-630.314,-2746.09,-6498.078,7.475,-0.36,-0.491,-10.79,SENSING
37000.0,-630.314,-2746.09,-6498.078,7.475,-0.36,-0.491,-10.79,LISTENING
37013.8,-527.173,-2750.755,-6504.162,7.484,-0.317,-0.391,-10.79,SENSING
37013.8,-527.173,-2750.755,-6504.162,7.484,-0.317,-0.391,-10.79,LISTENING
37018.42,-492.617,-2752.186,-6505.889,7.486,-0.303,-0.357,-10.79,SENSING
37018.42,-492.617,-2752.186,-6505.889,7.486,-0.303,-0.357,-10.79,LISTENING
37060.0,-181.182,-2762.103,-6514.415,7.502,-0.174,-0.053,-10.79,SENSING
37060.0,-181.182,-2762.103,-6514.415,7.502,-0.174,-0.053,-10.79,LISTENING
37202.3,883.605,-2755.504,-6447.909,7.446,0.268,0.987,-10.79,SENSING
37202.3,883.605,-2755.504,-6447.909,7.446,0.268,0.987,-10.79,LISTENING
37212.07,956.248,-2752.746,-6437.92,7.435,0.298,1.058,-10.79,SENSING
37212.07,956.248,-2752.746,-6437.92,7.435,0.298,1.058,-10.79,LISTENING
37258.6,1300.662,-2735.555,-6380.853,7.376,0.442,1.395,-10.79,SENSING
37258.6,1300.662,-2735.555,-6380.853,7.376,0.442,1.395,-10.79,MANEUVERING
37258.6,1300.662,-2735.555,-6380.853,7.376,0.442,1.395,-10.79,LISTENING
37264.74,1345.891,-2732.787,-6372.154,7.367,0.461,1.44,-4.65,MANEUVERING
37264.74,1345.891,-2732.787,-6372.154,7.367,0.461,1.44,-4.65,SENSING
37264.74,1345.891,-2732.787,-6372.154,7.367,0.461,1.44,-4.65,LISTENING
37300.0,1604.457,-2714.648,-6316.952,7.308,0.57,1.693,-4.65,SENSING
37300.0,1604.457,-2714.648,-6316.952,7.308,0.57,1.693,-4.65,LISTENING
37320.0,1750.14,-2702.665,-6281.686,7.27,0.631,1.835,-4.65,SENSING
37320.0,1750.14,-2702.665,-6281.686,7.27,0.631,1.835,-4.65,MEASURING
37320.0,1750.14,-2702.665,-6281.686,7.27,0.631,1.835,-4.65,SENSING
37320.0,1750.14,-2702.665,-6281.686,7.27,0.631,1.835,-4.65,LISTENING
37358.1,2025.419,-2676.464,-6206.648,7.189,0.747,2.105,-4.65,SENSING
37358.1,2025.419,-2676.464,-6206.648,7.189,0.747,2.105,-4.65,MANEUVERING
37358.1,2025.419,-2676.464,-6206.648,7.189,0.747,2.105,-4.65,LISTENING
37359.29,2033.966,-2675.574,-6204.139,7.186,0.751,2.113,-5.84,MANEUVERING
37359.29,2033.966,-2675.574,-6204.139,7.186,0.751,2.113,-5.84,SENSING
37359.29,2033.966,-2675.574,-6204.139,7.186,0.751,2.113,-5.84,LISTENING
37370.0,2110.737,-2667.378,-6181.112,7.161,0.783,2.189,-5.84,SENSING
37370.0,2110.737,-2667.378,-6181.112,7.161,0.783,2.189,-5.84,MEASURING
37370.0,2110.737,-2667.378,-6181.112,7.161,0.783,2.189,-5.84,SENSING
37370.0,2110.737,-2667.378,-6181.112,7.161,0.783,2.189,-5.84,LISTENING
37500.0,3017.777,-2540.629,-5838.43,6.781,1.168,3.078,-5.84,SENSING
37500.0,3017.777,-2540.629,-5838.43,6.781,1.168,3.078,-5.84,LISTENING
38000.0,5825.662,-1631.538,-3557.897,4.184,2.391,5.835,-5.84,SENSING
38000.0,5825.662,-1631.538,-3557.897,4.184,2.391,5.835,-5.84,LISTENING
38500.0,6996.671,-265.645,-278.966,0.387,2.951,6.971,-5.84,SENSING
38500.0,6996.671,-265.645,-278.966,0.387,2.951,6.971,-5.84,LISTENING
39000.0,6193.816,1175.079,3078.601,-3.521,2.683,6.142,-5.84,SENSING
39000.0,6193.816,1175.079,3078.601,-3.521,2.683,6.142,-5.84,LISTENING
39500.0,3649.079,2286.71,5571.419,-6.416,1.667,3.6,-5.84,SENSING
39500.0,3649.079,2286.71,5571.419,-6.416,1.667,3.6,-5.84,LISTENING
40000.0,87.233,2764.131,6514.82,-7.502,0.204,0.095,-5.84,SENSING
40000.0,87.233,2764.131,6514.82,-7.502,0.204,0.095,-5.84,LISTENING
40066.7,-412.561,2770.864,6504.906,-7.489,-0.003,-0.392,-5.84,SENSING
40066.7,-412.561,2770.864,6504.906,-7.489,-0.003,-0.392,-5.84,LISTENING
40073.03,-459.925,2770.787,6502.277,-7.486,-0.022,-0.439,-5.84,SENSING
40073.03,-459.925,2770.787,6502.277,-7.486,-0.022,-0.439,-5.84,LISTENING
40130.0,-885.016,2764.514,6465.508,-7.443,-0.199,-0.852,-5.84,SENSING
40130.0,-885.016,2764.514,6465.508,-7.443,-0.199,-0.852,-5.84,LISTENING
40207.6,-1458.581,2739.884,6377.721,-7.342,-0.437,-1.41,-5.84,SENSING
40207.6,-1458.581,2739.884,6377.721,-7.342,-0.437,-1.41,-5.84,LISTENING
40207.84,-1460.341,2739.78,6377.383,-7.341,-0.438,-1.411,-5.84,SENSING
40207.84,-1460.341,2739.78,6377.383,-7.341,-0.438,-1.411,-5.84,LISTENING
40210.0,-1476.183,2738.829,6374.319,-7.338,-0.445,-1.427,-5.84,SENSING
40210.0,-1476.183,2738.829,6374.319,-7.338,-0.445,-1.427,-5.84,LISTENING
40500.0,-3501.142,2485.389,5671.267,-6.53,-1.292,-3.384,-5.84,SENSING
40500.0,-3501.142,2485.389,5671.267,-6.53,-1.292,-3.384,-5.84,LISTENING
41000.0,-6145.238,1536.009,3293.408,-3.816,-2.423,-5.909,-5.84,SENSING
41000.0,-6145.238,1536.009,3293.408,-3.816,-2.423,-5.909,-5.84,LISTENING
41500.0,-7146.528,176.272,33.432,-0.103,-2.901,-6.839,-5.84,SENSING
41500.0,-7146.528,176.272,33.432,-0.103,-2.901,-6.839,-5.84,LISTENING
42000.0,-6243.871,-1230.416,-3235.45,3.636,-2.607,-5.944,-5.84,SENSING
42000.0,-6243.871,-1230.416,-3235.45,3.636,-2.607,-5.944,-5.84,LISTENING
42500.0,-3671.954,-2308.408,-5637.665,6.427,-1.612,-3.444,-5.84,SENSING
42500.0,-3671.954,-2308.408,-5637.665,6.427,-1.612,-3.444,-5.84,LISTENING
42663.3,-2574.292,-2535.897,-6113.934,6.994,-1.172,-2.377,-5.84,SENSING
42663.3,-2574.292,-2535.897,-6113.934,6.994,-1.172,-2.377,-5.84,LISTENING
42681.97,-2443.322,-2557.253,-6157.098,7.046,-1.119,-2.249,-5.84,SENSING
42681.97,-2443.322,-2557.253,-6157.098,7.046,-1.119,-2.249,-5.84,LISTENING
42850.0,-1228.14,-2704.034,-6436.293,7.391,-0.626,-1.066,-5.84,SENSING
42850.0,-1228.14,-2704.034,-6436.293,7.391,-0.626,-1.066,-5.84,LISTENING
42951.3,-474.387,-2751.714,-6507.072,7.487,-0.316,-0.331,-5.84,SENSING
42951.3,-474.387,-2751.714,-6507.072,7.487,-0.316,-0.331,-5.84,LISTENING
42956.17,-437.944,-2753.215,-6508.594,7.49,-0.301,-0.295,-5.84,SENSING
42956.17,-437.944,-2753.215,-6508.594,7.49,-0.301,-0.295,-5.84,LISTENING
43000.0,-109.545,-2763.43,-6514.499,7.503,-0.165,0.026,-5.84,SENSING
43000.0,-109.545,-2763.43,-6514.499,7.503,-0.165,0.026,-5.84,LISTENING
43500.0,3480.216,-2462.272,-5604.259,6.523,1.348,3.54,-5.84,SENSING
43500.0,3480.216,-2462.272,-5604.259,6.523,1.348,3.54,-5.84,LISTENING
44000.0,6099.663,-1477.912,-3135.299,3.705,2.505,6.108,-5.84,SENSING
44000.0,6099.663,-1477.912,-3135.299,3.705,2.505,6.108,-5.84,LISTENING
44500.0,7003.547,-79.281,214.413,-0.177,2.965,6.973,-5.84,SENSING
44500.0,7003.547,-79.281,214.413,-0.177,2.965,6.973,-5.84,LISTENING
45000.0,5931.641,1341.815,3503.717,-4.007,2.592,5.873,-5.84,SENSING
45000.0,5931.641,1341.815,3503.717,-4.007,2.592,5.873,-5.84,LISTENING
45500.0,3193.264,2387.521,5809.915,-6.686,1.5,3.141,-5.84,SENSING
45500.0,3193.264,2387.521,5809.915,-6.686,1.5,3.141,-5.84,LISTENING
45559.8,2787.482,2472.155,5985.683,-6.89,1.335,2.739,-5.84,SENSING
45559.8,2787.482,2472.155,5985.683,-6.89,1.335,2.739,-5.84,LISTENING
45563.82,2759.779,2477.488,5996.634,-6.903,1.323,2.712,-5.84,SENSING
45563.82,2759.779,2477.488,5996.634,-6.903,1.323,2.712,-5.84,LISTENING
45600.0,2508.234,2523.438,6090.215,-7.011,1.221,2.463,-5.84,SENSING
45600.0,2508.234,2523.438,6090.215,-7.011,1.221,2.463,-5.84,LISTENING
45678.2,1952.326,2609.909,6261.425,-7.209,0.993,1.915,-5.84,SENSING
45678.2,1952.326,2609.909,6261.425,-7.209,0.993,1.915,-5.84,LISTENING
45678.38,1951.029,2610.087,6261.77,-7.209,0.993,1.914,-5.84,SENSING
45678.38,1951.029,2610.087,6261.77,-7.209,0.993,1.914,-5.84,LISTENING
45680.0,1939.356,2611.689,6264.86,-7.213,0.988,1.903,-5.84,SENSING
45680.0,1939.356,2611.689,6264.86,-7.213,0.988,1.903,-5.84,LISTENING
46000.0,-433.871,2772.276,6503.322,-7.487,0.009,-0.422,-5.84,SENSING
46000.0,-433.871,2772.276,6503.322,-7.487,0.009,-0.422,-5.84,LISTENING
46500.0,-3944.888,2400.211,5416.62,-6.243,-1.462,-3.818,-5.84,SENSING
46500.0,-3944.888,2400.211,5416.62,-6.243,-1.462,-3.818,-5.84,LISTENING
47000.0,-6393.468,1381.618,2867.057,-3.338,-2.525,-6.147,-5.84,SENSING
47000.0,-6393.468,1381.618,2867.057,-3.338,-2.525,-6.147,-5.84,LISTENING
47500.0,-7134.41,-5.741,-449.69,0.438,-2.909,-6.823,-5.84,SENSING
47500.0,-7134.41,-5.741,-449.69,0.438,-2.909,-6.823,-5.84,LISTENING
48000.0,-5974.487,-1391.608,-3646.397,4.102,-2.518,-5.677,-5.84,SENSING
48000.0,-5974.487,-1391.608,-3646.397,4.102,-2.518,-5.677,-5.84,LISTENING
48500.0,-3215.69,-2405.306,-5865.288,6.692,-1.448,-2.993,-5.84,SENSING
48500.0,-3215.69,-2405.306,-5865.288,6.692,-1.448,-2.993,-5.84,LISTENING
49000.0,411.774,-2768.686,-6494.31,7.491,0.03,0.544,-5.84,SENSING
49000.0,411.774,-2768.686,-6494.31,7.491,0.03,0.544,-5.84,LISTENING
49500.0,3923.389,-2372.858,-5338.102,6.229,1.522,3.982,-5.84,SENSING
49500.0,3923.389,-2372.858,-5338.102,6.229,1.522,3.982,-5.84,LISTENING
50000.0,6339.564,-1317.457,-2694.605,3.205,2.607,6.347,-5.84,SENSING
50000.0,6339.564,-1317.457,-2694.605,3.205,2.607,6.347,-5.84,LISTENING
50500.0,6971.163,107.624,706.55,-0.74,2.966,6.936,-5.84,SENSING
50500.0,6971.163,107.624,706.55,-0.74,2.966,6.936,-5.84,LISTENING
51000.0,5636.423,1502.657,3908.636,-4.47,2.49,5.571,-5.84,SENSING
51000.0,5636.423,1502.657,3908.636,-4.47,2.49,5.571,-5.84,LISTENING
51500.0,2719.932,2477.807,6015.322,-6.92,1.326,2.664,-5.84,SENSING
51500.0,2719.932,2477.807,6015.322,-6.92,1.326,2.664,-5.84,LISTENING
52000.0,-952.525,2768.317,6455.365,-7.433,-0.186,-0.936,-5.84,SENSING
52000.0,-952.525,2768.317,6455.365,-7.433,-0.186,-0.936,-5.84,LISTENING
52030.6,-1179.262,2761.2,6423.38,-7.396,-0.281,-1.156,-5.84,SENSING
52030.6,-1179.262,2761.2,6423.38,-7.396,-0.281,-1.156,-5.84,MANEUVERING
52030.6,-1179.262,2761.2,6423.38,-7.396,-0.281,-1.156,-5.84,LISTENING
52032.54,-1193.597,2760.651,6421.126,-7.394,-0.286,-1.17,-7.78,MANEUVERING
52032.54,-1193.597,2760.651,6421.126,-7.394,-0.286,-1.17,-7.78,SENSING
52032.54,-1193.597,2760.651,6421.126,-7.394,-0.286,-1.17,-7.78,LISTENING
52050.0,-1322.386,2755.195,6399.62,-7.369,-0.34,-1.295,-7.78,SENSING
52050.0,-1322.386,2755.195,6399.62,-7.369,-0.34,-1.295,-7.78,MEASURING
52050.0,-1322.386,2755.195,6399.62,-7.369,-0.34,-1.295,-7.78,SENSING
52050.0,-1322.386,2755.195,6399.62,-7.369,-0.34,-1.295,-7.78,LISTENING
52127.3,-1886.567,2719.842,6278.376,-7.231,-0.576,-1.842,-7.78,SENSING
52127.3,-1886.567,2719.842,6278.376,-7.231,-0.576,-1.842,-7.78,MANEUVERING
52127.3,-1886.567,2719.842,6278.376,-7.231,-0.576,-1.842,-7.78,LISTENING
52144.57,-2011.029,2709.465,6245.544,-7.193,-0.628,-1.962,9.49,MANEUVERING
52144.57,-2011.029,2709.465,6245.544,-7.193,-0.628,-1.962,9.49,SENSING
52144.57,-2011.029,2709.465,6245.544,-7.193,-0.628,-1.962,9.49,LISTENING
52300.0,-3096.334,2576.269,5858.409,-6.751,-1.085,-3.01,9.49,SENSING
52300.0,-3096.334,2576.269,5858.409,-6.751,-1.085,-3.01,9.49,MEASURING
52300.0,-3096.334,2576.269,5858.409,-6.751,-1.085,-3.01,9.49,SENSING
52300.0,-3096.334,2576.269,5858.409,-6.751,-1.085,-3.01,9.49,LISTENING
52500.0,-4367.472,2304.643,5132.057,-5.923,-1.626,-4.23,9.49,SENSING
52500.0,-4367.472,2304.643,5132.057,-5.923,-1.626,-4.23,9.49,LISTENING
53000.0,-6607.839,1221.206,2425.034,-2.844,-2.615,-6.352,9.49,SENSING
53000.0,-6607.839,1221.206,2425.034,-2.844,-2.615,-6.352,9.49,LISTENING
53500.0,-7084.664,-187.926,-930.361,0.977,-2.903,-6.77,9.49,SENSING
53500.0,-7084.664,-187.926,-930.361,0.977,-2.903,-6.77,9.49,LISTENING
54000.0,-5673.459,-1547.061,-4037.365,4.546,-2.418,-5.379,9.49,SENSING
54000.0,-5673.459,-1547.061,-4037.365,4.546,-2.418,-5.379,9.49,LISTENING
54500.0,-2742.221,-2491.939,-6060.385,6.921,-1.278,-2.524,9.49,SENSING
54500.0,-2742.221,-2491.939,-6060.385,6.921,-1.278,-2.524,9.49,LISTENING
55000.0,930.792,-2761.787,-6437.538,7.438,0.226,1.06,9.49,SENSING
55000.0,930.792,-2761.787,-6437.538,7.438,0.226,1.06,9.49,LISTENING
55500.0,4344.798,-2272.735,-5041.419,5.899,1.691,4.403,9.49,SENSING
55500.0,4344.798,-2272.735,-5041.419,5.899,1.691,4.403,9.49,LISTENING
56000.0,6543.988,-1150.861,-2238.344,2.687,2.699,6.548,9.49,SENSING
56000.0,6543.988,-1150.861,-2238.344,2.687,2.699,6.548,9.49,LISTENING
56500.0,6899.713,294.248,1194.595,-1.298,2.952,6.858,9.49,SENSING
56500.0,6899.713,294.248,1194.595,-1.298,2.952,6.858,9.49,LISTENING
57000.0,5309.862,1656.903,4291.056,-4.908,2.377,5.237,9.49,SENSING
57000.0,5309.862,1656.903,4291.056,-4.908,2.377,5.237,9.49,LISTENING
57500.0,2231.738,2557.19,6186.544,-7.115,1.147,2.174,9.49,SENSING
57500.0,2231.738,2557.19,6186.544,-7.115,1.147,2.174,9.49,LISTENING
58000.0,-1465.918,2752.286,6371.3,-7.338,-0.38,-1.443,9.49,SENSING
58000.0,-1465.918,2752.286,6371.3,-7.338,-0.38,-1.443,9.49,LISTENING
58500.0,-4766.676,2199.089,4819.202,-5.573,-1.783,-4.618,9.49,SENSING
58500.0,-4766.676,2199.089,4819.202,-5.573,-1.783,-4.618,9.49,LISTENING
59000.0,-6787.251,1055.428,1969.765,-2.335,-2.695,-6.522,9.49,SENSING
59000.0,-6787.251,1055.428,1969.765,-2.335,-2.695,-6.522,9.49,LISTENING
59500.0,-6997.551,-369.537,-1405.959,1.512,-2.886,-6.679,9.49,SENSING
59500.0,-6997.551,-369.537,-1405.959,1.512,-2.886,-6.679,9.49,LISTENING
59545.8,-6920.391,-500.997,-1709.996,1.859,-2.864,-6.602,9.49,SENSING
59545.8,-6920.391,-500.997,-1709.996,1.859,-2.864,-6.602,9.49,LISTENING
59547.22,-6917.744,-505.057,-1719.363,1.87,-2.863,-6.599,9.49,SENSING
59547.22,-6917.744,-505.057,-1719.363,1.87,-2.863,-6.599,9.49,LISTENING
59560.0,-6893.244,-541.538,-1803.498,1.967,-2.856,-6.574,9.49,SENSING
59560.0,-6893.244,-541.538,-1803.498,1.967,-2.856,-6.574,9.49,LISTENING
59575.3,-6862.298,-585.086,-1903.798,2.081,-2.847,-6.543,9.49,SENSING
59575.3,-6862.298,-585.086,-1903.798,2.081,-2.847,-6.543,9.49,LISTENING
59579.77,-6852.925,-597.781,-1933.011,2.115,-2.844,-6.534,9.49,SENSING
59579.77,-6852.925,-597.781,-1933.011,2.115,-2.844,-6.534,9.49,LISTENING
59598.8,-6811.355,-651.679,-2056.899,2.257,-2.831,-6.493,9.49,SENSING
59598.8,-6811.355,-651.679,-2056.899,2.257,-2.831,-6.493,9.49,LISTENING
59615.92,-6771.657,-699.949,-2167.659,2.384,-2.818,-6.453,9.49,SENSING
59615.92,-6771.657,-699.949,-2167.659,2.384,-2.818,-6.453,9.49,LISTENING
59620.0,-6761.876,-711.42,-2193.954,2.414,-2.815,-6.443,9.49,SENSING
59620.0,-6761.876,-711.42,-2193.954,2.414,-2.815,-6.443,9.49,LISTENING
59770.0,-6318.598,-1122.501,-3129.086,3.489,-2.665,-6.006,9.49,SENSING
59770.0,-6318.598,-1122.501,-3129.086,3.489,-2.665,-6.006,9.49,LISTENING
59788.6,-6252.562,-1171.759,-3240.137,3.617,-2.641,-5.941,9.49,SENSING
59788.6,-6252.562,-1171.759,-3240.137,3.617,-2.641,-5.941,9.49,LISTENING
59794.74,-6230.242,-1187.924,-3276.529,3.659,-2.633,-5.919,9.49,SENSING
59794.74,-6230.242,-1187.924,-3276.529,3.659,-2.633,-5.919,9.49,LISTENING
59845.8,-6034.766,-1320.389,-3573.782,4.002,-2.563,-5.727,9.49,SENSING
59845.8,-6034.766,-1320.389,-3573.782,4.002,-2.563,-5.727,9.49,LISTENING
59850.0,-6017.913,-1331.123,-3597.791,4.029,-2.557,-5.711,9.49,SENSING
59850.0,-6017.913,-1331.123,-3597.791,4.029,-2.557,-5.711,9.49,LISTENING
59854.22,-6000.862,-1341.882,-3621.843,4.057,-2.551,-5.694,9.49,SENSING
59854.22,-6000.862,-1341.882,-3621.843,4.057,-2.551,-5.694,9.49,LISTENING
59930.0,-5675.077,-1530.445,-4041.284,4.543,-2.432,-5.376,9.49,SENSING
59930.0,-5675.077,-1530.445,-4041.284,4.543,-2.432,-5.376,9.49,LISTENING
60000.0,-5342.353,-1696.114,-4406.18,4.966,-2.308,-5.051,9.49,SENSING
60000.0,-5342.353,-1696.114,-4406.18,4.966,-2.308,-5.051,9.49,LISTENING
60500.0,-2254.065,-2567.904,-6221.804,7.114,-1.102,-2.041,9.49,SENSING
60500.0,-2254.065,-2567.904,-6221.804,7.114,-1.102,-2.041,9.49,LISTENING
61000.0,1444.66,-2742.711,-6344.42,7.344,0.422,1.571,9.49,SENSING
61000.0,1444.66,-2742.711,-6344.42,7.344,0.422,1.571,9.49,LISTENING
61500.0,4742.062,-2162.3,-4715.853,5.536,1.852,4.799,9.49,SENSING
61500.0,4742.062,-2162.3,-4715.853,5.536,1.852,4.799,9.49,LISTENING
62000.0,6711.761,-978.843,-1769.14,2.154,2.778,6.712,9.49,SENSING
62000.0,6711.761,-978.843,-1769.14,2.154,2.778,6.712,9.49,LISTENING
62500.0,6789.621,479.765,1675.724,-1.849,2.926,6.74,9.49,SENSING
62500.0,6789.621,479.765,1675.724,-1.849,2.926,6.74,9.49,LISTENING
63000.0,4953.834,1803.881,4648.811,-5.317,2.253,4.874,9.49,SENSING
63000.0,4953.834,1803.881,4648.811,-5.317,2.253,4.874,9.49,LISTENING
63500.0,1731.406,2625.339,6322.684,-7.27,0.963,1.673,9.49,SENSING
63500.0,1731.406,2625.339,6322.684,-7.27,0.963,1.673,9.49,LISTENING
64000.0,-1971.279,2724.265,6251.677,-7.204,-0.572,-1.941,9.49,SENSING
64000.0,-1971.279,2724.265,6251.677,-7.204,-0.572,-1.941,9.49,LISTENING
64500.0,-5140.413,2083.989,4479.825,-5.193,-1.932,-4.979,9.49,SENSING
64500.0,-5140.413,2083.989,4479.825,-5.193,-1.932,-4.979,9.49,LISTENING
65000.0,-6930.787,884.959,1503.747,-1.814,-2.763,-6.656,9.49,SENSING
65000.0,-6930.787,884.959,1503.747,-1.814,-2.763,-6.656,9.49,LISTENING
65500.0,-6873.521,-549.829,-1873.888,2.038,-2.856,-6.553,9.49,SENSING
65500.0,-6873.521,-549.829,-1873.888,2.038,-2.856,-6.553,9.49,LISTENING
66000.0,-4982.892,-1838.13,-4750.784,5.361,-2.187,-4.694,9.49,SENSING
66000.0,-4982.892,-1838.13,-4750.784,5.361,-2.187,-4.694,9.49,LISTENING
66500.0,-1753.832,-2632.835,-6348.571,7.269,-0.92,-1.545,9.49,SENSING
66500.0,-1753.832,-2632.835,-6348.571,7.269,-0.92,-1.545,9.49,LISTENING
66514.1,-1651.217,-2645.5,-6369.636,7.296,-0.879,-1.445,9.49,SENSING
66514.1,-1651.217,-2645.5,-6369.636,7.296,-0.879,-1.445,9.49,LISTENING
66528.69,-1544.652,-2657.989,-6389.944,7.322,-0.836,-1.341,9.49,SENSING
66528.69,-1544.652,-2657.989,-6389.944,7.322,-0.836,-1.341,9.49,LISTENING
66660.0,-572.096,-2741.693,-6503.819,7.478,-0.439,-0.391,9.49,SENSING
66660.0,-572.096,-2741.693,-6503.819,7.478,-0.439,-0.391,9.49,LISTENING
66857.1,902.473,-2767.952,-6438.886,7.441,0.174,1.05,9.49,SENSING
66857.1,902.473,-2767.952,-6438.886,7.441,0.174,1.05,9.49,LISTENING
66865.39,964.079,-2766.408,-6429.94,7.432,0.2,1.11,9.49,SENSING
66865.39,964.079,-2766.408,-6429.94,7.432,0.2,1.11,9.49,LISTENING
66940.0,1514.586,-2742.897,-6327.061,7.328,0.432,1.648,9.49,SENSING
66940.0,1514.586,-2742.897,-6327.061,7.328,0.432,1.648,9.49,LISTENING
67000.0,1950.542,-2711.488,-6215.401,7.21,0.617,2.075,9.49,SENSING
67000.0,1950.542,-2711.488,-6215.401,7.21,0.617,2.075,9.49,LISTENING
67500.0,5112.928,-2041.996,-4363.222,5.142,2.005,5.168,9.49,SENSING
67500.0,5112.928,-2041.996,-4363.222,5.142,2.005,5.168,9.49,LISTENING
68000.0,6841.92,-802.149,-1289.699,1.608,2.845,6.838,9.49,SENSING
68000.0,6841.92,-802.149,-1289.699,1.608,2.845,6.838,9.49,LISTENING
68005.1,6850.011,-787.655,-1254.824,1.568,2.849,6.845,9.49,SENSING
68005.1,6850.011,-787.655,-1254.824,1.568,2.849,6.845,9.49,LISTENING
68017.59,6868.956,-752.062,-1169.26,1.468,2.861,6.863,9.49,SENSING
68017.59,6868.956,-752.062,-1169.26,1.468,2.861,6.863,9.49,LISTENING
68130.0,6983.352,-426.397,-391.546,0.566,2.937,6.964,9.49,SENSING
68130.0,6983.352,-426.397,-391.546,0.566,2.937,6.964,9.49,LISTENING
68212.6,7002.466,-182.86,184.215,-0.103,2.966,6.974,9.49,SENSING
68212.6,7002.466,-182.86,184.215,-0.103,2.966,6.974,9.49,LISTENING
68216.0,7002.069,-172.791,207.914,-0.131,2.967,6.974,9.49,SENSING
68216.0,7002.069,-172.791,207.914,-0.131,2.967,6.974,9.49,LISTENING
68219.4,7001.578,-162.72,231.611,-0.158,2.968,6.973,9.49,SENSING
68219.4,7001.578,-162.72,231.611,-0.158,2.968,6.973,9.49,LISTENING
68222.34,7001.078,-154.01,252.099,-0.182,2.968,6.972,9.49,SENSING
68222.34,7001.078,-154.01,252.099,-0.182,2.968,6.972,9.49,LISTENING
68250.0,6992.948,-72.0,444.705,-0.406,2.972,6.961,9.49,SENSING
68250.0,6992.948,-72.0,444.705,-0.406,2.972,6.961,9.49,LISTENING
68304.3,6959.001,89.116,821.509,-0.845,2.971,6.921,9.49,SENSING
68304.3,6959.001,89.116,821.509,-0.845,2.971,6.921,9.49,LISTENING
68310.0,6954.059,106.021,860.923,-0.89,2.971,6.915,9.49,SENSING
68310.0,6954.059,106.021,860.923,-0.89,2.971,6.915,9.49,LISTENING
68317.87,6946.806,129.354,915.288,-0.954,2.97,6.907,9.49,SENSING
68317.87,6946.806,129.354,915.288,-0.954,2.97,6.907,9.49,LISTENING
68440.0,6770.908,489.246,1748.144,-1.924,2.926,6.719,9.49,SENSING
68440.0,6770.908,489.246,1748.144,-1.924,2.926,6.719,9.49,LISTENING
68500.0,6641.534,663.358,2147.157,-2.39,2.886,6.584,9.49,SENSING
68500.0,6641.534,663.358,2147.157,-2.39,2.886,6.584,9.49,LISTENING
69000.0,4570.379,1942.951,4979.889,-5.696,2.119,4.483,9.49,SENSING
69000.0,4570.379,1942.951,4979.889,-5.696,2.119,4.483,9.49,LISTENING
69217.9,3217.872,2347.49,5813.025,-6.669,1.584,3.134,9.49,SENSING
69217.9,3217.872,2347.49,5813.025,-6.669,1.584,3.134,9.49,LISTENING
69235.11,3102.636,2374.307,5865.958,-6.731,1.538,3.02,9.49,SENSING
69235.11,3102.636,2374.307,5865.958,-6.731,1.538,3.02,9.49,LISTENING
69390.0,2023.315,2578.822,6251.638,-7.183,1.102,1.952,9.49,SENSING
69390.0,2023.315,2578.822,6251.638,-7.183,1.102,1.952,9.49,LISTENING
69420.4,1804.085,2610.912,6307.673,-7.249,1.012,1.736,9.49,SENSING
69420.4,1804.085,2610.912,6307.673,-7.249,1.012,1.736,9.49,LISTENING
69421.36,1797.13,2611.882,6309.335,-7.251,1.01,1.729,9.49,SENSING
69421.36,1797.13,2611.882,6309.335,-7.251,1.01,1.729,9.49,LISTENING
69430.0,1734.452,2620.482,6324.001,-7.268,0.984,1.667,9.49,SENSING
69430.0,1734.452,2620.482,6324.001,-7.268,0.984,1.667,9.49,LISTENING
69500.0,1221.714,2681.974,6423.051,-7.385,0.775,1.163,9.49,SENSING
69500.0,1221.714,2681.974,6423.051,-7.385,0.775,1.163,9.49,LISTENING
70000.0,-2465.898,2684.38,6097.242,-7.031,-0.762,-2.427,9.49,SENSING
70000.0,-2465.898,2684.38,6097.242,-7.031,-0.762,-2.427,9.49,LISTENING
70500.0,-5486.736,1959.822,4115.835,-4.787,-2.073,-5.314,9.49,SENSING
70500.0,-5486.736,1959.822,4115.835,-4.787,-2.073,-5.314,9.49,LISTENING
71000.0,-7037.716,710.494,1029.527,-1.284,-2.819,-6.754,9.49,SENSING
71000.0,-7037.716,710.494,1029.527,-1.284,-2.819,-6.754,9.49,LISTENING
71500.0,-6713.216,-728.058,-2331.591,2.554,-2.814,-6.39,9.49,SENSING
71500.0,-6713.216,-728.058,-2331.591,2.554,-2.814,-6.39,9.49,LISTENING
71517.6,-6667.166,-777.376,-2443.6,2.683,-2.8,-6.344,9.49,SENSING
71517.6,-6667.166,-777.376,-2443.6,2.683,-2.8,-6.344,9.49,MANEUVERING
71517.6,-6667.166,-777.376,-2443.6,2.683,-2.8,-6.344,9.49,LISTENING
71522.84,-6653.019,-792.009,-2476.791,2.721,-2.795,-6.33,4.25,MANEUVERING
71522.84,-6653.019,-792.009,-2476.791,2.721,-2.795,-6.33,4.25,SENSING
71522.84,-6653.019,-792.009,-2476.791,2.721,-2.795,-6.33,4.25,LISTENING
71570.0,-6516.773,-922.591,-2772.04,3.06,-2.751,-6.195,4.25,SENSING
71570.0,-6516.773,-922.591,-2772.04,3.06,-2.751,-6.195,4.25,MEASURING
71570.0,-6516.773,-922.591,-2772.04,3.06,-2.751,-6.195,4.25,SENSING
71570.0,-6516.773,-922.591,-2772.04,3.06,-2.751,-6.195,4.25,LISTENING
71795.8,-5651.76,-1511.437,-4080.167,4.572,-2.449,-5.343,4.25,SENSING
71795.8,-5651.76,-1511.437,-4080.167,4.572,-2.449,-5.343,4.25,MANEUVERING
71795.8,-5651.76,-1511.437,-4080.167,4.572,-2.449,-5.343,4.25,LISTENING
71796.22,-5649.841,-1512.463,-4082.409,4.575,-2.449,-5.341,3.83,MANEUVERING
71796.22,-5649.841,-1512.463,-4082.409,4.575,-2.449,-5.341,3.83,SENSING
71796.22,-5649.841,-1512.463,-4082.409,4.575,-2.449,-5.341,3.83,LISTENING
71800.0,-5632.516,-1521.691,-4102.557,4.598,-2.442,-5.324,3.83,SENSING
71800.0,-5632.516,-1521.691,-4102.557,4.598,-2.442,-5.324,3.83,MEASURING
71800.0,-5632.516,-1521.691,-4102.557,4.598,-2.442,-5.324,3.83,SENSING
71800.0,-5632.516,-1521.691,-4102.557,4.598,-2.442,-5.324,3.83,LISTENING
71949.6,-4878.858,-1866.301,-4845.072,5.464,-2.163,-4.587,3.83,SENSING
71949.6,-4878.858,-1866.301,-4845.072,5.464,-2.163,-4.587,3.83,MANEUVERING
71949.6,-4878.858,-1866.301,-4845.072,5.464,-2.163,-4.587,3.83,LISTENING
71949.64,-4878.64,-1866.388,-4845.255,5.465,-2.163,-4.587,3.79,MANEUVERING
71949.64,-4878.64,-1866.388,-4845.255,5.465,-2.163,-4.587,3.79,SENSING
71949.64,-4878.64,-1866.388,-4845.255,5.465,-2.163,-4.587,3.79,LISTENING
71950.0,-4876.673,-1867.165,-4846.905,5.467,-2.163,-4.585,3.79,SENSING
71950.0,-4876.673,-1867.165,-4846.905,5.467,-2.163,-4.585,3.79,MEASURING
71950.0,-4876.673,-1867.165,-4846.905,5.467,-2.163,-4.585,3.79,SENSING
71950.0,-4876.673,-1867.165,-4846.905,5.467,-2.163,-4.585,3.79,LISTENING
72000.0,-4596.955,-1972.492,-5069.239,5.728,-2.057,-4.311,3.79,SENSING
72000.0,-4596.955,-1972.492,-5069.239,5.728,-2.057,-4.311,3.79,LISTENING
72500.0,-1244.207,-2686.41,-6439.903,7.385,-0.734,-1.039,3.79,SENSING
72500.0,-1244.207,-2686.41,-6439.903,7.385,-0.734,-1.039,3.79,LISTENING
73000.0,2445.636,-2668.197,-6051.13,7.036,0.81,2.567,3.79,SENSING
73000.0,2445.636,-2668.197,-6051.13,7.036,0.81,2.567,3.79,LISTENING
73500.0,5455.285,-1912.315,-3985.509,4.719,2.15,5.508,3.79,SENSING
73500.0,5455.285,-1912.315,-3985.509,4.719,2.15,5.508,3.79,LISTENING
74000.0,6933.721,-621.547,-802.79,1.053,2.899,6.924,3.79,SENSING
74000.0,6933.721,-621.547,-802.79,1.053,2.899,6.924,3.79,LISTENING
74500.0,6456.319,844.215,2606.174,-2.916,2.833,6.389,3.79,SENSING
74500.0,6456.319,844.215,2606.174,-2.916,2.833,6.389,3.79,LISTENING
75000.0,4161.686,2073.508,5282.44,-6.043,1.976,4.068,3.79,SENSING
75000.0,4161.686,2073.508,5282.44,-6.043,1.976,4.068,3.79,LISTENING
75067.4,3744.238,2200.981,5542.524,-6.347,1.811,3.651,3.79,SENSING
75067.4,3744.238,2200.981,5542.524,-6.347,1.811,3.651,3.79,MANEUVERING
75067.4,3744.238,2200.981,5542.524,-6.347,1.811,3.651,3.79,LISTENING
75079.66,3666.155,2222.965,5586.783,-6.399,1.781,3.573,-8.47,MANEUVERING
75079.66,3666.155,2222.965,5586.783,-6.399,1.781,3.573,-8.47,SENSING
75079.66,3666.155,2222.965,5586.783,-6.399,1.781,3.573,-8.47,LISTENING
75190.0,2936.815,2403.306,5941.219,-6.814,1.49,2.848,-8.47,SENSING
75190.0,2936.815,2403.306,5941.219,-6.814,1.49,2.848,-8.47,MEASURING
75190.0,2936.815,2403.306,5941.219,-6.814,1.49,2.848,-8.47,SENSING
75190.0,2936.815,2403.306,5941.219,-6.814,1.49,2.848,-8.47,LISTENING
75294.3,2209.917,2543.356,6200.827,-7.119,1.197,2.128,-8.47,SENSING
75294.3,2209.917,2543.356,6200.827,-7.119,1.197,2.128,-8.47,MANEUVERING
75294.3,2209.917,2543.356,6200.827,-7.119,1.197,2.128,-8.47,LISTENING
75305.87,2127.437,2556.993,6224.966,-7.148,1.164,2.047,3.1,MANEUVERING
75305.87,2127.437,2556.993,6224.966,-7.148,1.164,2.047,3.1,SENSING
75305.87,2127.437,2556.993,6224.966,-7.148,1.164,2.047,3.1,LISTENING
75410.0,1372.143,2662.122,6399.398,-7.354,0.856,1.302,3.1,SENSING
75410.0,1372.143,2662.122,6399.398,-7.354,0.856,1.302,3.1,MEASURING
75410.0,1372.143,2662.122,6399.398,-7.354,0.856,1.302,3.1,SENSING
75410.0,1372.143,2662.122,6399.398,-7.354,0.856,1.302,3.1,LISTENING
75500.0,705.481,2726.861,6487.159,-7.46,0.583,0.648,3.1,SENSING
75500.0,705.481,2726.861,6487.159,-7.46,0.583,0.648,3.1,LISTENING
76000.0,-2947.133,2632.808,5908.928,-6.821,-0.948,-2.899,3.1,SENSING
76000.0,-2947.133,2632.808,5908.928,-6.821,-0.948,-2.899,3.1,LISTENING
76500.0,-5803.849,1827.099,3729.264,-4.355,-2.205,-5.618,3.1,SENSING
76500.0,-5803.849,1827.099,3729.264,-4.355,-2.205,-5.618,3.1,LISTENING
76648.4,-6377.319,1479.95,2854.464,-3.364,-2.474,-6.154,3.1,SENSING
76648.4,-6377.319,1479.95,2854.464,-3.364,-2.474,-6.154,3.1,MANEUVERING
76648.4,-6377.319,1479.95,2854.464,-3.364,-2.474,-6.154,3.1,LISTENING
76653.56,-6394.571,1467.19,2822.684,-3.328,-2.482,-6.17,-2.06,MANEUVERING
76653.56,-6394.571,1467.19,2822.684,-3.328,-2.482,-6.17,-2.06,SENSING
76653.56,-6394.571,1467.19,2822.684,-3.328,-2.482,-6.17,-2.06,LISTENING
76700.0,-6541.415,1350.477,2533.087,-3.0,-2.553,-6.306,-2.06,SENSING
76700.0,-6541.415,1350.477,2533.087,-3.0,-2.553,-6.306,-2.06,MEASURING
76700.0,-6541.415,1350.477,2533.087,-3.0,-2.553,-6.306,-2.06,SENSING
76700.0,-6541.415,1350.477,2533.087,-3.0,-2.553,-6.306,-2.06,LISTENING
76842.8,-6895.199,972.94,1608.256,-1.95,-2.735,-6.629,-2.06,SENSING
76842.8,-6895.199,972.94,1608.256,-1.95,-2.735,-6.629,-2.06,MANEUVERING
76842.8,-6895.199,972.94,1608.256,-1.95,-2.735,-6.629,-2.06,LISTENING
76846.52,-6902.396,962.78,1583.595,-1.922,-2.739,-6.636,1.66,MANEUVERING
76846.52,-6902.396,962.78,1583.595,-1.922,-2.739,-6.636,1.66,SENSING
76846.52,-6902.396,962.78,1583.595,-1.922,-2.739,-6.636,1.66,LISTENING
76880.0,-6962.47,870.699,1360.615,-1.669,-2.772,-6.69,1.66,SENSING
76880.0,-6962.47,870.699,1360.615,-1.669,-2.772,-6.69,1.66,MEASURING
76880.0,-6962.47,870.699,1360.615,-1.669,-2.772,-6.69,1.66,SENSING
76880.0,-6962.47,870.699,1360.615,-1.669,-2.772,-6.69,1.66,LISTENING
77000.0,-7107.495,532.742,549.693,-0.747,-2.864,-6.815,1.66,SENSING
77000.0,-7107.495,532.742,549.693,-0.747,-2.864,-6.815,1.66,LISTENING
77500.0,-6517.467,-903.487,-2776.558,3.057,-2.76,-6.193,1.66,SENSING
77500.0,-6517.467,-903.487,-2776.558,3.057,-2.76,-6.193,1.66,LISTENING
78000.0,-4186.567,-2098.611,-5359.746,6.064,-1.917,-3.904,1.66,SENSING
78000.0,-4186.567,-2098.611,-5359.746,6.064,-1.917,-3.904,1.66,LISTENING
78500.0,-727.939,-2728.348,-6495.207,7.461,-0.544,-0.526,1.66,SENSING
78500.0,-727.939,-2728.348,-6495.207,7.461,-0.544,-0.526,1.66,LISTENING
78537.7,-446.342,-2746.65,-6509.854,7.486,-0.428,-0.251,1.66,SENSING
78537.7,-446.342,-2746.65,-6509.854,7.486,-0.428,-0.251,1.66,LISTENING
78544.93,-392.243,-2749.661,-6511.477,7.49,-0.406,-0.198,1.66,SENSING
78544.93,-392.243,-2749.661,-6511.477,7.49,-0.406,-0.198,1.66,LISTENING
78610.0,95.301,-2769.502,-6508.88,7.5,-0.204,0.278,1.66,SENSING
78610.0,95.301,-2769.502,-6508.88,7.5,-0.204,0.278,1.66,LISTENING
78784.1,1391.146,-2757.798,-6349.909,7.354,0.34,1.545,1.66,SENSING
78784.1,1391.146,-2757.798,-6349.909,7.354,0.34,1.545,1.66,LISTENING
78784.69,1395.481,-2757.597,-6348.997,7.353,0.341,1.549,1.66,SENSING
78784.69,1395.481,-2757.597,-6348.997,7.353,0.341,1.549,1.66,LISTENING
78790.0,1434.475,-2755.745,-6340.674,7.344,0.358,1.587,1.66,SENSING
78790.0,1434.475,-2755.745,-6340.674,7.344,0.358,1.587,1.66,LISTENING
78827.3,1707.026,-2740.268,-6276.524,7.278,0.474,1.854,1.66,SENSING
78827.3,1707.026,-2740.268,-6276.524,7.278,0.474,1.854,1.66,LISTENING
78828.57,1716.261,-2739.665,-6274.166,7.276,0.478,1.863,1.66,SENSING
78828.57,1716.261,-2739.665,-6274.166,7.276,0.478,1.863,1.66,LISTENING
78840.0,1799.233,-2734.014,-6252.421,7.253,0.513,1.944,1.66,SENSING
78840.0,1799.233,-2734.014,-6252.421,7.253,0.513,1.944,1.66,LISTENING
79000.0,2927.189,-2612.971,-5852.466,6.822,1.0,3.047,1.66,SENSING
79000.0,2927.189,-2612.971,-5852.466,6.822,1.0,3.047,1.66,LISTENING
79500.0,5767.184,-1773.79,-3584.852,4.269,2.286,5.816,1.66,SENSING
79500.0,5767.184,-1773.79,-3584.852,4.269,2.286,5.816,1.66,LISTENING
80000.0,6986.642,-437.827,-311.233,0.492,2.94,6.969,1.66,SENSING
80000.0,6986.642,-437.827,-311.233,0.492,2.94,6.969,1.66,LISTENING
80500.0,6235.06,1021.535,3050.135,-3.425,2.767,6.158,1.66,SENSING
80500.0,6235.06,1021.535,3050.135,-3.425,2.767,6.158,1.66,LISTENING
81000.0,3730.077,2194.986,5554.788,-6.356,1.824,3.629,1.66,SENSING
81000.0,3730.077,2194.986,5554.788,-6.356,1.824,3.629,1.66,LISTENING
81500.0,185.548,2759.815,6514.731,-7.494,0.389,0.13,1.66,SENSING
81500.0,185.548,2759.815,6514.731,-7.494,0.389,0.13,1.66,LISTENING
81521.9,21.522,2767.59,6515.824,-7.496,0.321,-0.03,1.66,SENSING
81521.9,21.522,2767.59,6515.824,-7.496,0.321,-0.03,1.66,MANEUVERING
81521.9,21.522,2767.59,6515.824,-7.496,0.321,-0.03,1.66,LISTENING
81535.71,-81.923,2771.729,6514.71,-7.496,0.278,-0.131,15.47,MANEUVERING
81535.71,-81.923,2771.729,6514.71,-7.496,0.278,-0.131,15.47,SENSING
81535.71,-81.923,2771.729,6514.71,-7.496,0.278,-0.131,15.47,LISTENING
81660.0,-1009.495,2782.332,6442.162,-7.42,-0.108,-1.035,15.47,SENSING
81660.0,-1009.495,2782.332,6442.162,-7.42,-0.108,-1.035,15.47,MEASURING
81660.0,-1009.495,2782.332,6442.162,-7.42,-0.108,-1.035,15.47,SENSING
81660.0,-1009.495,2782.332,6442.162,-7.42,-0.108,-1.035,15.47,LISTENING
81691.1,-1239.49,2777.484,6406.531,-7.38,-0.205,-1.258,15.47,SENSING
81691.1,-1239.49,2777.484,6406.531,-7.38,-0.205,-1.258,15.47,MANEUVERING
81691.1,-1239.49,2777.484,6406.531,-7.38,-0.205,-1.258,15.47,LISTENING
81702.99,-1327.081,2774.84,6391.078,-7.363,-0.242,-1.343,3.58,MANEUVERING
81702.99,-1327.081,2774.84,6391.078,-7.363,-0.242,-1.343,3.58,SENSING
81702.99,-1327.081,2774.84,6391.078,-7.363,-0.242,-1.343,3.58,LISTENING
81810.0,-2104.342,2731.485,6207.018,-7.159,-0.57,-2.095,3.58,SENSING
81810.0,-2104.342,2731.485,6207.018,-7.159,-0.57,-2.095,3.58,MEASURING
81810.0,-2104.342,2731.485,6207.018,-7.159,-0.57,-2.095,3.58,SENSING
81810.0,-2104.342,2731.485,6207.018,-7.159,-0.57,-2.095,3.58,LISTENING
82000.0,-3412.424,2569.768,5687.852,-6.575,-1.13,-3.353,3.58,SENSING
82000.0,-3412.424,2569.768,5687.852,-6.575,-1.13,-3.353,3.58,LISTENING
82500.0,-6090.114,1686.362,3322.261,-3.902,-2.327,-5.891,3.58,SENSING
82500.0,-6090.114,1686.362,3322.261,-3.902,-2.327,-5.891,3.58,LISTENING
83000.0,-7139.774,352.426,66.863,-0.207,-2.896,-6.839,3.58,SENSING
83000.0,-7139.774,352.426,66.863,-0.207,-2.896,-6.839,3.58,LISTENING
83500.0,-6287.285,-1075.382,-3206.347,3.543,-2.695,-5.961,3.58,SENSING
83500.0,-6287.285,-1075.382,-3206.347,3.543,-2.695,-5.961,3.58,LISTENING
84000.0,-3753.887,-2215.925,-5620.647,6.369,-1.769,-3.474,3.58,SENSING
84000.0,-3753.887,-2215.925,-5620.647,6.369,-1.769,-3.474,3.58,LISTENING
84500.0,-207.823,-2758.415,-6514.091,7.497,-0.35,-0.009,3.58,SENSING
84500.0,-207.823,-2758.415,-6514.091,7.497,-0.35,-0.009,3.58,LISTENING
85000.0,3392.51,-2545.994,-5620.466,6.571,1.186,3.51,3.58,SENSING
85000.0,3392.51,-2545.994,-5620.466,6.571,1.186,3.51,3.58,LISTENING
85500.0,6046.843,-1626.998,-3163.529,3.794,2.411,6.092,3.58,SENSING
85500.0,6046.843,-1626.998,-3163.529,3.794,2.411,6.092,3.58,LISTENING
86000.0,7000.388,-251.794,182.128,-0.072,2.967,6.974,3.58,SENSING
86000.0,7000.388,-251.794,182.128,-0.072,2.967,6.974,3.58,LISTENING
86400.0,6335.077,919.771,2868.73,-3.204,2.811,6.258,3.58,SENSING
