observer,t_img,lat,lon,range,look,incidence,zenith,instrument_name
sar_sat_0_0,610.0,34.205,-85.617,644.1,-2.2,2.42,,sar
sar_sat_0_0,610.0,34.174,-85.753,643.9,-1.46,1.6,,sar
vis_sat_0_0,610.0,34.205,-85.617,644.1,-2.2,2.42,,visual
vis_sat_0_0,610.0,34.174,-85.753,643.9,-1.46,1.6,,visual
vis_sat_0_0,620.0,35.002,-85.618,644.4,1.78,1.96,,visual
sar_sat_0_0,620.0,35.002,-85.618,644.4,1.78,1.96,,sar
sar_sat_0_0,800.0,44.582,-78.799,654.0,2.3,2.54,,sar
sar_sat_0_0,800.0,44.273,-78.749,653.8,-1.72,1.9,,sar
vis_sat_0_0,800.0,44.582,-78.799,654.0,2.3,2.54,,visual
vis_sat_0_0,800.0,44.273,-78.749,653.8,-1.72,1.9,,visual
vis_sat_0_0,820.0,45.416,-77.79,655.0,-1.98,2.19,,visual
sar_sat_0_0,820.0,45.416,-77.79,655.0,-1.98,2.19,,sar
vis_sat_0_0,850.0,47.147,-76.627,656.9,2.25,2.48,,visual
sar_sat_0_0,850.0,47.147,-76.627,656.9,2.25,2.48,,sar
sar_sat_0_0,860.0,47.178,-76.203,657.6,-2.4,2.64,,sar
sar_sat_0_0,860.0,47.311,-76.472,657.4,1.96,2.16,,sar
vis_sat_0_0,860.0,47.178,-76.203,657.6,-2.4,2.64,,visual
vis_sat_0_0,860.0,47.311,-76.472,657.4,1.96,2.16,,visual
vis_sat_0_0,900.0,49.348,-74.016,659.6,-1.38,1.52,,visual
vis_sat_0_0,900.0,49.198,-74.045,660.0,-2.31,2.55,,visual
vis_sat_0_0,900.0,49.281,-74.149,659.6,-1.31,1.45,,visual
sar_sat_0_0,900.0,49.348,-74.016,659.6,-1.38,1.52,,sar
sar_sat_0_0,900.0,49.198,-74.045,660.0,-2.31,2.55,,sar
sar_sat_0_0,900.0,49.281,-74.149,659.6,-1.31,1.45,,sar
vis_sat_0_0,940.0,51.293,-72.349,662.4,2.06,2.27,,visual
sar_sat_0_0,940.0,51.293,-72.349,662.4,2.06,2.27,,sar
vis_sat_0_0,970.0,52.877,-70.272,663.9,1.03,1.13,,visual
sar_sat_0_0,970.0,52.877,-70.272,663.9,1.03,1.13,,sar
vis_sat_0_0,990.0,53.948,-68.964,665.8,2.37,2.62,,visual
vis_sat_0_0,990.0,53.779,-68.733,665.4,-1.63,1.8,,visual
vis_sat_0_0,990.0,53.726,-68.609,665.7,-2.17,2.39,,visual
vis_sat_0_0,990.0,53.659,-68.763,665.3,-1.34,1.48,,visual
sar_sat_0_0,990.0,53.948,-68.964,665.8,2.37,2.62,,sar
sar_sat_0_0,990.0,53.779,-68.733,665.4,-1.63,1.8,,sar
sar_sat_0_0,990.0,53.726,-68.609,665.7,-2.17,2.39,,sar
sar_sat_0_0,990.0,53.659,-68.763,665.3,-1.34,1.48,,sar
sar_sat_0_0,1010.0,54.825,-67.749,666.9,2.06,2.28,,sar
vis_sat_0_0,1010.0,54.825,-67.749,666.9,2.06,2.28,,visual
vis_sat_0_0,1040.0,56.032,-65.493,668.6,0.92,1.02,,visual
sar_sat_0_0,1040.0,56.032,-65.493,668.6,0.92,1.02,,sar
vis_sat_0_0,1050.0,56.233,-64.726,669.4,-1.62,1.79,,visual
vis_sat_0_0,1050.0,56.428,-64.498,669.6,-1.93,2.13,,visual
sar_sat_0_0,1050.0,56.233,-64.726,669.4,-1.62,1.79,,sar
sar_sat_0_0,1050.0,56.428,-64.498,669.6,-1.93,2.13,,sar
sar_sat_0_0,1070.0,57.116,-62.962,671.1,-2.31,2.55,,sar
vis_sat_0_0,1070.0,57.116,-62.962,671.1,-2.31,2.55,,visual
sar_sat_0_0,1660.0,64.083,11.631,714.3,-2.08,2.32,,sar
vis_sat_0_0,1660.0,64.083,11.631,714.3,-2.08,2.32,,visual
sar_sat_0_0,1680.0,63.772,13.067,715.9,-2.29,2.55,,sar
vis_sat_0_0,1680.0,63.772,13.067,715.9,-2.29,2.55,,visual
vis_sat_0_0,1690.0,63.548,14.284,716.7,2.3,2.56,,visual
vis_sat_0_0,1690.0,63.374,14.384,716.3,-1.58,1.76,,visual
vis_sat_0_0,1690.0,63.304,14.467,716.3,-1.53,1.71,,visual
sar_sat_0_0,1690.0,63.548,14.284,716.7,2.3,2.56,,sar
sar_sat_0_0,1690.0,63.374,14.384,716.3,-1.58,1.76,,sar
sar_sat_0_0,1690.0,63.304,14.467,716.3,-1.53,1.71,,sar
vis_sat_0_0,1760.0,61.048,22.157,721.1,-0.7,0.78,,visual
sar_sat_0_0,1760.0,61.048,22.157,721.1,-0.7,0.78,,sar
vis_sat_0_0,1780.0,60.167,23.861,723.1,-2.21,2.46,,visual
sar_sat_0_0,1780.0,60.167,23.861,723.1,-2.21,2.46,,sar
vis_sat_0_0,1820.0,58.985,27.731,725.5,1.26,1.41,,visual
sar_sat_0_0,1820.0,58.985,27.731,725.5,1.26,1.41,,sar
sar_sat_0_0,1990.0,51.548,39.137,736.8,-1.03,1.15,,sar
vis_sat_0_0,1990.0,51.548,39.137,736.8,-1.03,1.15,,visual
vis_sat_0_0,2160.0,43.279,47.508,747.1,1.5,1.68,,visual
sar_sat_0_0,2160.0,43.279,47.508,747.1,1.5,1.68,,sar
therm_sat_0_0,3550.0,32.825,-98.962,642.8,-1.65,1.82,,thermal
therm_sat_0_0,3620.0,36.702,-96.927,645.8,0.52,0.57,,thermal
therm_sat_0_0,3660.0,39.112,-95.432,648.4,2.31,2.55,,thermal
therm_sat_0_0,3810.0,46.586,-89.549,656.3,1.41,1.55,,thermal
therm_sat_0_0,3870.0,49.79,-86.703,660.3,2.16,2.38,,thermal
therm_sat_0_0,3870.0,49.784,-86.548,660.0,1.38,1.52,,thermal
therm_sat_0_0,4030.0,57.138,-76.024,670.4,1.17,1.29,,thermal
therm_sat_0_0,4040.0,57.563,-75.648,671.2,1.53,1.69,,thermal
therm_sat_0_0,4050.0,57.914,-74.611,671.6,0.24,0.26,,thermal
therm_sat_0_0,4060.0,58.478,-73.681,672.6,1.77,1.96,,thermal
therm_sat_0_0,4070.0,58.721,-72.532,673.5,-2.11,2.33,,thermal
therm_sat_0_0,4100.0,59.706,-70.636,675.7,-2.23,2.47,,thermal
therm_sat_0_0,4270.0,65.237,-51.316,687.5,1.04,1.16,,thermal
therm_sat_0_0,4280.0,65.18,-50.234,688.6,-1.94,2.15,,thermal
therm_sat_0_0,4280.0,65.535,-50.488,688.5,1.71,1.89,,thermal
therm_sat_0_0,4280.0,65.576,-50.603,688.7,2.28,2.53,,thermal
therm_sat_0_0,4720.0,61.328,8.79,721.2,-1.79,2.0,,thermal
therm_sat_0_0,4740.0,60.399,11.228,722.5,-1.61,1.79,,thermal
therm_sat_0_0,4750.0,60.312,11.671,723.3,-1.89,2.1,,thermal
therm_sat_0_0,4760.0,59.871,13.146,723.7,0.97,1.08,,thermal
therm_sat_0_0,4760.0,59.615,13.31,724.4,-2.48,2.76,,thermal
therm_sat_0_0,4790.0,58.514,15.97,726.4,2.43,2.7,,thermal
therm_sat_0_0,4790.0,58.532,15.039,726.5,-2.49,2.77,,thermal
therm_sat_0_0,5050.0,46.827,31.59,742.6,-0.66,0.73,,thermal
therm_sat_0_0,5080.0,45.443,33.202,744.5,1.28,1.43,,thermal
sar_sat_0_0,6420.0,27.584,-114.119,639.0,-1.91,2.11,,sar
vis_sat_0_0,6420.0,27.584,-114.119,639.0,-1.91,2.11,,visual
sar_sat_0_0,6530.0,33.677,-111.156,643.4,-1.13,1.24,,sar
vis_sat_0_0,6530.0,33.677,-111.156,643.4,-1.13,1.24,,visual
sar_sat_0_0,6790.0,47.506,-101.432,657.5,1.92,2.11,,sar
sar_sat_0_0,6790.0,47.603,-101.263,657.3,1.56,1.72,,sar
vis_sat_0_0,6790.0,47.506,-101.432,657.5,1.92,2.11,,visual
vis_sat_0_0,6790.0,47.603,-101.263,657.3,1.56,1.72,,visual
sar_sat_0_0,6900.0,52.75,-95.33,664.1,1.15,1.27,,sar
vis_sat_0_0,6900.0,52.75,-95.33,664.1,1.15,1.27,,visual
vis_sat_0_0,6920.0,53.969,-93.815,665.8,2.29,2.53,,visual
sar_sat_0_0,6920.0,53.969,-93.815,665.8,2.29,2.53,,sar
vis_sat_0_0,6930.0,54.204,-93.638,666.4,2.18,2.41,,visual
vis_sat_0_0,6930.0,54.23,-93.003,666.1,-1.42,1.57,,visual
sar_sat_0_0,6930.0,54.204,-93.638,666.4,2.18,2.41,,sar
sar_sat_0_0,6930.0,54.23,-93.003,666.1,-1.42,1.57,,sar
vis_sat_0_0,6940.0,54.593,-92.499,666.6,-0.7,0.77,,visual
vis_sat_0_0,6940.0,54.625,-92.229,667.0,-1.97,2.18,,visual
vis_sat_0_0,6940.0,54.684,-92.531,666.6,0.45,0.5,,visual
vis_sat_0_0,6940.0,54.509,-92.611,666.8,-1.33,1.47,,visual
sar_sat_0_0,6940.0,54.593,-92.499,666.6,-0.7,0.77,,sar
sar_sat_0_0,6940.0,54.625,-92.229,667.0,-1.97,2.18,,sar
sar_sat_0_0,6940.0,54.684,-92.531,666.6,0.45,0.5,,sar
sar_sat_0_0,6940.0,54.509,-92.611,666.8,-1.33,1.47,,sar
sar_sat_0_0,7190.0,64.106,-69.314,684.4,-1.32,1.46,,sar
vis_sat_0_0,7190.0,64.106,-69.314,684.4,-1.32,1.46,,visual
vis_sat_0_0,7330.0,66.788,-50.832,694.7,1.02,1.13,,visual
sar_sat_0_0,7330.0,66.788,-50.832,694.7,1.02,1.13,,sar
vis_sat_0_0,7540.0,65.218,-19.681,710.7,-2.04,2.27,,visual
vis_sat_0_0,7540.0,65.563,-20.449,710.9,2.28,2.53,,visual
sar_sat_0_0,7540.0,65.218,-19.681,710.7,-2.04,2.27,,sar
sar_sat_0_0,7540.0,65.563,-20.449,710.9,2.28,2.53,,sar
sar_sat_0_0,7570.0,64.947,-15.793,713.0,2.17,2.41,,sar
vis_sat_0_0,7570.0,64.947,-15.793,713.0,2.17,2.41,,visual
vis_sat_0_0,7820.0,56.003,8.132,730.3,0.62,0.69,,visual
sar_sat_0_0,7820.0,56.003,8.132,730.3,0.62,0.69,,sar
sar_sat_0_0,7880.0,53.456,12.278,734.7,2.01,2.24,,sar
vis_sat_0_0,7880.0,53.456,12.278,734.7,2.01,2.24,,visual
vis_sat_0_0,8320.0,31.061,29.739,758.7,-1.95,2.18,,visual
vis_sat_0_0,8320.0,31.106,29.848,758.4,-1.08,1.21,,visual
sar_sat_0_0,8320.0,31.061,29.739,758.7,-1.95,2.18,,sar
sar_sat_0_0,8320.0,31.106,29.848,758.4,-1.08,1.21,,sar
vis_sat_0_0,8350.0,29.477,30.66,759.7,-1.23,1.38,,visual
sar_sat_0_0,8350.0,29.477,30.66,759.7,-1.23,1.38,,sar
vis_sat_0_0,8900.0,-0.039,42.56,771.4,2.43,2.73,,visual
sar_sat_0_0,8900.0,-0.039,42.56,771.4,2.43,2.73,,sar
sar_sat_0_0,9210.0,-17.426,48.58,767.1,-1.56,1.75,86.64,sar
vis_sat_0_0,9210.0,-17.426,48.58,767.1,-1.56,1.75,86.64,visual
vis_sat_0_0,9230.0,-18.463,49.292,766.6,1.58,1.77,85.54,visual
sar_sat_0_0,9230.0,-18.463,49.292,766.6,1.58,1.77,85.54,sar
therm_sat_0_0,9610.0,40.106,-119.581,649.2,-1.55,1.71,,thermal
therm_sat_0_0,9680.0,43.64,-117.239,653.1,1.86,2.05,,thermal
therm_sat_0_0,9700.0,44.523,-116.053,654.2,-1.69,1.86,,thermal
therm_sat_0_0,9890.0,53.954,-106.081,665.6,0.39,0.43,,thermal
therm_sat_0_0,9890.0,54.04,-106.423,666.2,2.28,2.51,,thermal
therm_sat_0_0,9890.0,54.085,-106.069,665.7,1.01,1.12,,thermal
therm_sat_0_0,9900.0,54.468,-104.992,666.8,-2.14,2.36,,thermal
therm_sat_0_0,9900.0,54.542,-105.598,666.6,1.6,1.77,,thermal
therm_sat_0_0,9920.0,55.392,-104.364,668.1,2.0,2.21,,thermal
therm_sat_0_0,9920.0,55.407,-104.275,667.9,1.59,1.76,,thermal
therm_sat_0_0,9930.0,55.631,-103.183,668.6,-1.56,1.73,,thermal
therm_sat_0_0,9930.0,55.94,-103.108,668.7,1.85,2.04,,thermal
therm_sat_0_0,9950.0,56.627,-101.778,669.7,-0.39,0.44,,thermal
therm_sat_0_0,9950.0,56.398,-101.899,670.3,-2.44,2.69,,thermal
therm_sat_0_0,9960.0,57.163,-100.879,670.5,-1.3,1.44,,thermal
therm_sat_0_0,9960.0,57.069,-101.34,670.5,1.35,1.49,,thermal
therm_sat_0_0,9960.0,56.945,-101.015,670.5,-1.33,1.47,,thermal
therm_sat_0_0,9970.0,57.668,-100.17,671.4,1.71,1.89,,thermal
therm_sat_0_0,9980.0,57.964,-99.47,671.7,0.46,0.5,,thermal
therm_sat_0_0,10000.0,58.714,-98.241,673.5,1.91,2.11,,thermal
therm_sat_0_0,10000.0,58.83,-97.6,673.4,-1.53,1.69,,thermal
therm_sat_0_0,10360.0,67.16,-53.326,699.7,1.46,1.62,,thermal
therm_sat_0_0,10370.0,66.996,-52.28,700.6,1.69,1.88,,thermal
therm_sat_0_0,10380.0,67.007,-50.702,701.2,1.5,1.67,,thermal
therm_sat_0_0,10380.0,66.788,-50.832,701.7,-2.48,2.75,,thermal
therm_sat_0_0,10770.0,56.399,-5.142,729.9,2.23,2.49,,thermal
therm_sat_0_0,10780.0,56.011,-4.59,730.2,-1.44,1.6,,thermal
therm_sat_0_0,10940.0,48.601,4.711,740.7,-1.85,2.06,,thermal
therm_sat_0_0,10980.0,47.002,7.019,743.2,2.11,2.36,,thermal
therm_sat_0_0,11860.0,-0.068,30.161,770.9,1.43,1.6,,thermal
therm_sat_0_0,11890.0,-1.815,30.827,771.3,2.34,2.62,,thermal
therm_sat_0_0,12120.0,-14.418,35.236,768.3,1.65,1.85,88.91,thermal
therm_sat_0_0,12130.0,-14.768,35.277,767.8,0.63,0.71,88.7,thermal
therm_sat_0_0,12140.0,-15.298,35.715,768.1,1.99,2.23,88.06,thermal
sar_sat_0_0,12790.0,50.788,-122.224,661.9,-1.9,2.1,,sar
vis_sat_0_0,12790.0,50.788,-122.224,661.9,-1.9,2.1,,visual
vis_sat_0_0,12820.0,52.423,-120.328,663.9,-2.09,2.31,,visual
sar_sat_0_0,12820.0,52.423,-120.328,663.9,-2.09,2.31,,sar
vis_sat_0_0,12880.0,55.168,-116.777,667.4,0.4,0.44,,visual
sar_sat_0_0,12880.0,55.168,-116.777,667.4,0.4,0.44,,sar
sar_sat_0_0,12900.0,55.925,-115.391,668.8,-0.87,0.96,,sar
vis_sat_0_0,12900.0,55.925,-115.391,668.8,-0.87,0.96,,visual
sar_sat_0_0,12910.0,56.501,-114.538,669.4,-0.8,0.89,,sar
vis_sat_0_0,12910.0,56.501,-114.538,669.4,-0.8,0.89,,visual
vis_sat_0_0,12960.0,58.398,-110.966,673.2,-1.88,2.07,,visual
sar_sat_0_0,12960.0,58.398,-110.966,673.2,-1.88,2.07,,sar
vis_sat_0_0,12980.0,59.509,-108.607,674.9,-2.46,2.72,,visual
sar_sat_0_0,12980.0,59.509,-108.607,674.9,-2.46,2.72,,sar
vis_sat_0_0,12980.0,59.509,-108.607,674.9,-2.46,2.72,,visual
sar_sat_0_0,12980.0,59.509,-108.607,674.9,-2.46,2.72,,sar
vis_sat_0_0,12990.0,59.938,-108.222,675.3,1.94,2.15,,visual
sar_sat_0_0,12990.0,59.938,-108.222,675.3,1.94,2.15,,sar
sar_sat_0_0,13000.0,60.137,-107.318,675.6,0.51,0.57,,sar
vis_sat_0_0,13000.0,60.137,-107.318,675.6,0.51,0.57,,visual
sar_sat_0_0,13010.0,60.535,-106.476,676.4,0.97,1.07,,sar
vis_sat_0_0,13010.0,60.535,-106.476,676.4,0.97,1.07,,visual
vis_sat_0_0,13020.0,60.722,-105.76,677.7,2.4,2.65,,visual
vis_sat_0_0,13020.0,60.684,-105.304,677.4,-1.71,1.89,,visual
vis_sat_0_0,13020.0,60.783,-105.712,677.5,1.92,2.13,,visual
vis_sat_0_0,13020.0,60.807,-105.787,677.6,2.17,2.41,,visual
vis_sat_0_0,13020.0,61.03,-105.073,677.5,1.94,2.15,,visual
sar_sat_0_0,13020.0,60.722,-105.76,677.7,2.4,2.65,,sar
sar_sat_0_0,13020.0,60.684,-105.304,677.4,-1.71,1.89,,sar
sar_sat_0_0,13020.0,60.783,-105.712,677.5,1.92,2.13,,sar
sar_sat_0_0,13020.0,60.807,-105.787,677.6,2.17,2.41,,sar
sar_sat_0_0,13020.0,61.03,-105.073,677.5,1.94,2.15,,sar
vis_sat_0_0,13020.0,60.722,-105.76,677.7,2.4,2.65,,visual
vis_sat_0_0,13020.0,60.684,-105.304,677.4,-1.71,1.89,,visual
vis_sat_0_0,13020.0,60.783,-105.712,677.5,1.92,2.13,,visual
vis_sat_0_0,13020.0,60.807,-105.787,677.6,2.17,2.41,,visual
vis_sat_0_0,13020.0,61.03,-105.073,677.5,1.94,2.15,,visual
sar_sat_0_0,13020.0,60.722,-105.76,677.7,2.4,2.65,,sar
sar_sat_0_0,13020.0,60.684,-105.304,677.4,-1.71,1.89,,sar
sar_sat_0_0,13020.0,60.783,-105.712,677.5,1.92,2.13,,sar
sar_sat_0_0,13020.0,60.807,-105.787,677.6,2.17,2.41,,sar
sar_sat_0_0,13020.0,61.03,-105.073,677.5,1.94,2.15,,sar
vis_sat_0_0,13030.0,61.239,-104.724,678.1,1.69,1.87,,visual
vis_sat_0_0,13030.0,61.341,-104.416,677.9,1.12,1.24,,visual
sar_sat_0_0,13030.0,61.239,-104.724,678.1,1.69,1.87,,sar
sar_sat_0_0,13030.0,61.341,-104.416,677.9,1.12,1.24,,sar
vis_sat_0_0,13040.0,61.431,-103.731,679.0,-2.19,2.43,,visual
vis_sat_0_0,13040.0,61.599,-103.903,679.2,2.47,2.73,,visual
vis_sat_0_0,13040.0,61.691,-102.982,678.9,-1.96,2.17,,visual
vis_sat_0_0,13040.0,61.507,-102.88,679.0,-2.22,2.45,,visual
vis_sat_0_0,13040.0,61.69,-103.199,678.6,1.25,1.38,,visual
sar_sat_0_0,13040.0,61.431,-103.731,679.0,-2.19,2.43,,sar
sar_sat_0_0,13040.0,61.599,-103.903,679.2,2.47,2.73,,sar
sar_sat_0_0,13040.0,61.691,-102.982,678.9,-1.96,2.17,,sar
sar_sat_0_0,13040.0,61.507,-102.88,679.0,-2.22,2.45,,sar
sar_sat_0_0,13040.0,61.69,-103.199,678.6,1.25,1.38,,sar
sar_sat_0_0,13050.0,62.11,-102.485,679.6,1.88,2.09,,sar
sar_sat_0_0,13050.0,62.043,-102.103,679.4,1.5,1.66,,sar
sar_sat_0_0,13050.0,61.827,-102.564,679.4,-1.38,1.52,,sar
vis_sat_0_0,13050.0,62.11,-102.485,679.6,1.88,2.09,,visual
vis_sat_0_0,13050.0,62.043,-102.103,679.4,1.5,1.66,,visual
vis_sat_0_0,13050.0,61.827,-102.564,679.4,-1.38,1.52,,visual
vis_sat_0_0,13060.0,62.36,-100.791,680.5,-2.34,2.59,,visual
sar_sat_0_0,13060.0,62.36,-100.791,680.5,-2.34,2.59,,sar
sar_sat_0_0,13070.0,62.694,-100.28,680.8,1.05,1.16,,sar
sar_sat_0_0,13070.0,62.67,-100.034,680.8,1.09,1.21,,sar
sar_sat_0_0,13070.0,62.495,-100.645,681.1,2.06,2.28,,sar
sar_sat_0_0,13070.0,62.707,-100.634,681.2,2.14,2.37,,sar
vis_sat_0_0,13070.0,62.694,-100.28,680.8,1.05,1.16,,visual
vis_sat_0_0,13070.0,62.67,-100.034,680.8,1.09,1.21,,visual
vis_sat_0_0,13070.0,62.495,-100.645,681.1,2.06,2.28,,visual
vis_sat_0_0,13070.0,62.707,-100.634,681.2,2.14,2.37,,visual
vis_sat_0_0,13090.0,63.106,-98.416,682.6,2.04,2.26,,visual
vis_sat_0_0,13090.0,63.053,-97.989,682.3,-1.5,1.66,,visual
vis_sat_0_0,13090.0,63.059,-97.609,682.6,-2.18,2.42,,visual
sar_sat_0_0,13090.0,63.106,-98.416,682.6,2.04,2.26,,sar
sar_sat_0_0,13090.0,63.053,-97.989,682.3,-1.5,1.66,,sar
sar_sat_0_0,13090.0,63.059,-97.609,682.6,-2.18,2.42,,sar
vis_sat_0_0,13100.0,63.406,-96.37,683.4,-2.24,2.48,,visual
vis_sat_0_0,13100.0,63.591,-97.195,683.1,1.6,1.78,,visual
sar_sat_0_0,13100.0,63.406,-96.37,683.4,-2.24,2.48,,sar
sar_sat_0_0,13100.0,63.591,-97.195,683.1,1.6,1.78,,sar
sar_sat_0_0,13110.0,63.806,-95.319,683.8,-1.5,1.66,,sar
sar_sat_0_0,13110.0,63.705,-95.81,683.7,-1.05,1.16,,sar
vis_sat_0_0,13110.0,63.806,-95.319,683.8,-1.5,1.66,,visual
vis_sat_0_0,13110.0,63.705,-95.81,683.7,-1.05,1.16,,visual
vis_sat_0_0,13120.0,64.056,-94.186,684.5,-1.26,1.4,,visual
sar_sat_0_0,13120.0,64.056,-94.186,684.5,-1.26,1.4,,sar
vis_sat_0_0,13130.0,64.394,-93.052,685.1,-0.99,1.09,,visual
sar_sat_0_0,13130.0,64.394,-93.052,685.1,-0.99,1.09,,sar
vis_sat_0_0,13190.0,65.666,-85.775,689.6,-1.19,1.32,,visual
sar_sat_0_0,13190.0,65.666,-85.775,689.6,-1.19,1.32,,sar
vis_sat_0_0,13320.0,67.096,-66.864,699.5,1.58,1.75,,visual
sar_sat_0_0,13320.0,67.096,-66.864,699.5,1.58,1.75,,sar
sar_sat_0_0,13430.0,66.215,-49.851,707.7,1.7,1.88,,sar
sar_sat_0_0,13430.0,66.014,-50.206,707.5,-1.1,1.23,,sar
vis_sat_0_0,13430.0,66.215,-49.851,707.7,1.7,1.88,,visual
vis_sat_0_0,13430.0,66.014,-50.206,707.5,-1.1,1.23,,visual
sar_sat_0_0,14650.0,9.621,14.103,769.7,1.21,1.35,,sar
vis_sat_0_0,14650.0,9.621,14.103,769.7,1.21,1.35,,visual
vis_sat_0_0,14840.0,-0.69,17.819,771.1,1.91,2.14,,visual
sar_sat_0_0,14840.0,-0.69,17.819,771.1,1.91,2.14,,sar
vis_sat_0_0,14870.0,-2.715,18.178,771.1,-2.04,2.29,,visual
sar_sat_0_0,14870.0,-2.715,18.178,771.1,-2.04,2.29,,sar
sar_sat_0_0,15200.0,-20.821,25.063,765.7,-2.1,2.35,84.08,sar
sar_sat_0_0,15200.0,-20.716,24.83,765.7,-2.18,2.44,84.32,sar
vis_sat_0_0,15200.0,-20.821,25.063,765.7,-2.1,2.35,84.08,visual
vis_sat_0_0,15200.0,-20.716,24.83,765.7,-2.18,2.44,84.32,visual
vis_sat_0_0,15210.0,-21.032,25.523,765.3,1.96,2.19,83.57,visual
sar_sat_0_0,15210.0,-21.032,25.523,765.3,1.96,2.19,83.57,sar
sar_sat_0_0,15320.0,-26.883,28.115,761.7,2.06,2.3,78.84,sar
vis_sat_0_0,15320.0,-26.883,28.115,761.7,2.06,2.3,78.84,visual
therm_sat_0_0,15990.0,60.938,-117.43,677.7,-1.32,1.46,,thermal
therm_sat_0_0,16030.0,62.216,-113.151,680.8,-2.07,2.29,,thermal
therm_sat_0_0,16040.0,62.952,-111.898,681.5,2.01,2.23,,thermal
therm_sat_0_0,16050.0,63.031,-111.334,682.0,1.48,1.64,,thermal
therm_sat_0_0,16050.0,63.118,-111.553,682.4,2.39,2.65,,thermal
therm_sat_0_0,16050.0,63.003,-111.395,682.2,1.81,2.0,,thermal
therm_sat_0_0,16070.0,63.835,-108.469,683.6,1.83,2.02,,thermal
therm_sat_0_0,16070.0,63.8,-109.003,683.6,1.73,1.91,,thermal
therm_sat_0_0,16070.0,63.491,-108.48,683.7,-1.91,2.12,,thermal
therm_sat_0_0,16080.0,64.074,-107.936,684.4,2.02,2.24,,thermal
therm_sat_0_0,16080.0,63.88,-108.022,684.5,2.15,2.38,,thermal
therm_sat_0_0,16090.0,64.273,-106.452,684.8,0.7,0.77,,thermal
therm_sat_0_0,16090.0,64.191,-105.866,685.1,-1.86,2.06,,thermal
therm_sat_0_0,16120.0,64.97,-103.189,687.6,2.48,2.75,,thermal
therm_sat_0_0,16120.0,65.157,-102.116,687.6,2.4,2.65,,thermal
therm_sat_0_0,16140.0,65.604,-100.037,688.7,1.74,1.93,,thermal
therm_sat_0_0,16150.0,65.677,-99.181,689.8,2.31,2.55,,thermal
therm_sat_0_0,16150.0,65.829,-98.741,689.6,1.99,2.2,,thermal
therm_sat_0_0,16160.0,65.809,-97.8,690.4,2.17,2.41,,thermal
therm_sat_0_0,16160.0,65.742,-97.06,690.0,-0.91,1.01,,thermal
therm_sat_0_0,16160.0,65.722,-97.835,690.6,-2.46,2.72,,thermal
therm_sat_0_0,16180.0,66.196,-93.971,691.7,-1.78,1.98,,thermal
therm_sat_0_0,16190.0,66.11,-92.674,692.7,-2.18,2.41,,thermal
therm_sat_0_0,16220.0,66.661,-88.503,694.4,-0.57,0.64,,thermal
therm_sat_0_0,16220.0,66.794,-88.902,694.6,1.47,1.63,,thermal
therm_sat_0_0,16220.0,66.622,-88.819,694.4,-0.71,0.78,,thermal
therm_sat_0_0,16220.0,66.708,-88.758,694.4,0.53,0.58,,thermal
therm_sat_0_0,16230.0,66.737,-86.984,695.2,-0.74,0.82,,thermal
therm_sat_0_0,16350.0,66.754,-68.976,704.2,0.89,0.98,,thermal
therm_sat_0_0,16490.0,64.21,-50.581,714.8,1.64,1.83,,thermal
therm_sat_0_0,18420.0,-34.076,19.288,755.9,1.75,1.95,73.21,thermal
vis_sat_0_0,18910.0,59.599,-133.814,674.8,2.13,2.36,,visual
sar_sat_0_0,18910.0,59.599,-133.814,674.8,2.13,2.36,,sar
sar_sat_0_0,18920.0,59.897,-132.914,675.2,1.32,1.46,,sar
vis_sat_0_0,18920.0,59.897,-132.914,675.2,1.32,1.46,,visual
vis_sat_0_0,18960.0,61.235,-129.285,677.9,-0.27,0.3,,visual
sar_sat_0_0,18960.0,61.235,-129.285,677.9,-0.27,0.3,,sar
vis_sat_0_0,19020.0,63.106,-122.802,682.4,-1.25,1.39,,visual
sar_sat_0_0,19020.0,63.106,-122.802,682.4,-1.25,1.39,,sar
sar_sat_0_0,19030.0,63.452,-121.174,683.6,-2.42,2.68,,sar
vis_sat_0_0,19030.0,63.452,-121.174,683.6,-2.42,2.68,,visual
sar_sat_0_0,19050.0,64.129,-118.985,684.7,-1.54,1.71,,sar
vis_sat_0_0,19050.0,64.129,-118.985,684.7,-1.54,1.71,,visual
sar_sat_0_0,19060.0,64.578,-117.943,685.6,2.11,2.33,,sar
vis_sat_0_0,19060.0,64.578,-117.943,685.6,2.11,2.33,,visual
sar_sat_0_0,19070.0,64.804,-116.463,686.5,2.4,2.66,,sar
sar_sat_0_0,19070.0,64.571,-116.542,686.1,-1.5,1.66,,sar
sar_sat_0_0,19070.0,64.564,-117.205,686.1,-1.35,1.49,,sar
vis_sat_0_0,19070.0,64.804,-116.463,686.5,2.4,2.66,,visual
vis_sat_0_0,19070.0,64.571,-116.542,686.1,-1.5,1.66,,visual
vis_sat_0_0,19070.0,64.564,-117.205,686.1,-1.35,1.49,,visual
vis_sat_0_0,19080.0,64.838,-115.185,687.0,-1.78,1.97,,visual
vis_sat_0_0,19080.0,65.036,-115.984,687.1,2.08,2.31,,visual
sar_sat_0_0,19080.0,64.838,-115.185,687.0,-1.78,1.97,,sar
sar_sat_0_0,19080.0,65.036,-115.984,687.1,2.08,2.31,,sar
vis_sat_0_0,19090.0,65.253,-114.438,687.6,1.45,1.61,,visual
vis_sat_0_0,19090.0,64.954,-114.684,687.8,-1.92,2.12,,visual
sar_sat_0_0,19090.0,65.253,-114.438,687.6,1.45,1.61,,sar
sar_sat_0_0,19090.0,64.954,-114.684,687.8,-1.92,2.12,,sar
sar_sat_0_0,19100.0,65.293,-112.652,688.3,-1.49,1.65,,sar
vis_sat_0_0,19100.0,65.293,-112.652,688.3,-1.49,1.65,,visual
sar_sat_0_0,19140.0,66.25,-107.114,691.7,2.32,2.57,,sar
vis_sat_0_0,19140.0,66.25,-107.114,691.7,2.32,2.57,,visual
vis_sat_0_0,19150.0,66.027,-105.781,692.5,-2.37,2.62,,visual
sar_sat_0_0,19150.0,66.027,-105.781,692.5,-2.37,2.62,,sar
vis_sat_0_0,19170.0,66.708,-103.065,693.8,2.03,2.25,,visual
vis_sat_0_0,19170.0,66.362,-103.307,693.5,-1.31,1.46,,visual
sar_sat_0_0,19170.0,66.708,-103.065,693.8,2.03,2.25,,sar
sar_sat_0_0,19170.0,66.362,-103.307,693.5,-1.31,1.46,,sar
sar_sat_0_0,19200.0,66.854,-99.293,695.8,1.62,1.8,,sar
vis_sat_0_0,19200.0,66.854,-99.293,695.8,1.62,1.8,,visual
vis_sat_0_0,19210.0,66.918,-97.283,696.3,0.53,0.59,,visual
sar_sat_0_0,19210.0,66.918,-97.283,696.3,0.53,0.59,,sar
vis_sat_0_0,19280.0,66.737,-86.984,702.0,-1.92,2.13,,visual
sar_sat_0_0,19280.0,66.737,-86.984,702.0,-1.92,2.13,,sar
vis_sat_0_0,19380.0,65.642,-71.816,709.7,-2.36,2.62,,visual
vis_sat_0_0,19380.0,65.618,-71.882,709.6,-2.28,2.54,,visual
sar_sat_0_0,19380.0,65.642,-71.816,709.7,-2.36,2.62,,sar
sar_sat_0_0,19380.0,65.618,-71.882,709.6,-2.28,2.54,,sar
sar_sat_0_0,19420.0,64.792,-67.599,712.7,-2.39,2.66,,sar
vis_sat_0_0,19420.0,64.792,-67.599,712.7,-2.39,2.66,,visual
therm_sat_0_0,21980.0,63.348,-135.882,682.5,2.37,2.62,,thermal
therm_sat_0_0,21990.0,63.216,-134.818,683.0,-1.73,1.92,,thermal
therm_sat_0_0,22060.0,65.306,-125.808,688.0,1.44,1.59,,thermal
therm_sat_0_0,22150.0,66.52,-113.48,694.7,-1.41,1.56,,thermal
therm_sat_0_0,22150.0,66.537,-113.801,694.8,-1.64,1.82,,thermal
therm_sat_0_0,22160.0,66.64,-112.237,695.4,-1.37,1.51,,thermal
therm_sat_0_0,22160.0,66.933,-112.368,695.7,1.97,2.18,,thermal
therm_sat_0_0,22170.0,66.788,-111.037,696.4,-1.85,2.05,,thermal
therm_sat_0_0,22220.0,67.142,-102.926,699.9,1.34,1.49,,thermal
therm_sat_0_0,22220.0,66.801,-103.14,700.1,-1.86,2.06,,thermal
therm_sat_0_0,22260.0,66.918,-97.283,702.9,1.19,1.32,,thermal
therm_sat_0_0,22280.0,66.502,-93.927,704.6,-1.75,1.94,,thermal
therm_sat_0_0,22290.0,66.655,-92.119,705.3,1.71,1.9,,thermal
therm_sat_0_0,22320.0,66.285,-88.449,707.4,1.08,1.2,,thermal
therm_sat_0_0,22340.0,65.666,-85.775,709.2,-2.1,2.33,,thermal
sar_sat_0_0,23040.0,-38.102,143.542,647.1,-2.02,2.22,51.88,sar
vis_sat_0_0,23040.0,-38.102,143.542,647.1,-2.02,2.22,51.88,visual
vis_sat_0_0,24830.0,59.144,-159.34,674.2,-2.02,2.23,,visual
sar_sat_0_0,24830.0,59.144,-159.34,674.2,-2.02,2.23,,sar
sar_sat_0_0,24840.0,59.15,-158.889,675.1,-2.47,2.73,,sar
sar_sat_0_0,24840.0,59.596,-158.538,675.0,2.17,2.4,,sar
sar_sat_0_0,24840.0,59.43,-158.838,674.5,0.29,0.32,,sar
sar_sat_0_0,24840.0,59.275,-158.6,674.7,-1.57,1.74,,sar
vis_sat_0_0,24840.0,59.15,-158.889,675.1,-2.47,2.73,,visual
vis_sat_0_0,24840.0,59.596,-158.538,675.0,2.17,2.4,,visual
vis_sat_0_0,24840.0,59.43,-158.838,674.5,0.29,0.32,,visual
vis_sat_0_0,24840.0,59.275,-158.6,674.7,-1.57,1.74,,visual
sar_sat_0_0,24850.0,59.936,-158.191,675.6,1.89,2.09,,sar
vis_sat_0_0,24850.0,59.936,-158.191,675.6,1.89,2.09,,visual
vis_sat_0_0,24880.0,60.954,-154.771,677.5,-1.54,1.71,,visual
sar_sat_0_0,24880.0,60.954,-154.771,677.5,-1.54,1.71,,sar
sar_sat_0_0,25130.0,66.659,-124.13,696.2,-2.04,2.26,,sar
vis_sat_0_0,25130.0,66.659,-124.13,696.2,-2.04,2.26,,visual
vis_sat_0_0,25190.0,66.861,-115.227,700.8,-2.3,2.55,,visual
vis_sat_0_0,25190.0,66.971,-114.354,700.3,-1.17,1.3,,visual
sar_sat_0_0,25190.0,66.861,-115.227,700.8,-2.3,2.55,,sar
sar_sat_0_0,25190.0,66.971,-114.354,700.3,-1.17,1.3,,sar
sar_sat_0_0,25200.0,66.966,-112.686,701.3,1.72,1.9,,sar
sar_sat_0_0,25200.0,66.949,-113.312,701.0,-0.55,0.61,,sar
sar_sat_0_0,25200.0,67.049,-113.505,701.1,1.39,1.54,,sar
vis_sat_0_0,25200.0,66.966,-112.686,701.3,1.72,1.9,,visual
vis_sat_0_0,25200.0,66.949,-113.312,701.0,-0.55,0.61,,visual
vis_sat_0_0,25200.0,67.049,-113.505,701.1,1.39,1.54,,visual
vis_sat_0_0,25270.0,66.362,-103.307,706.5,-1.8,2.0,,visual
sar_sat_0_0,25270.0,66.362,-103.307,706.5,-1.8,2.0,,sar
vis_sat_0_0,25280.0,66.316,-101.696,707.1,1.21,1.34,,visual
sar_sat_0_0,25280.0,66.316,-101.696,707.1,1.21,1.34,,sar
sar_sat_0_0,25290.0,66.304,-100.416,708.3,2.35,2.62,,sar
sar_sat_0_0,25290.0,65.907,-100.031,708.1,-1.84,2.04,,sar
vis_sat_0_0,25290.0,66.304,-100.416,708.3,2.35,2.62,,visual
vis_sat_0_0,25290.0,65.907,-100.031,708.1,-1.84,2.04,,visual
vis_sat_0_0,25300.0,66.079,-98.941,708.8,1.77,1.96,,visual
vis_sat_0_0,25300.0,65.876,-98.986,708.7,-1.58,1.76,,visual
vis_sat_0_0,25300.0,66.04,-99.17,709.0,2.29,2.55,,visual
vis_sat_0_0,25300.0,65.829,-98.741,708.6,-1.18,1.31,,visual
vis_sat_0_0,25300.0,65.932,-98.635,708.4,-0.2,0.22,,visual
vis_sat_0_0,25300.0,66.02,-97.966,709.1,2.38,2.65,,visual
sar_sat_0_0,25300.0,66.079,-98.941,708.8,1.77,1.96,,sar
sar_sat_0_0,25300.0,65.876,-98.986,708.7,-1.58,1.76,,sar
sar_sat_0_0,25300.0,66.04,-99.17,709.0,2.29,2.55,,sar
sar_sat_0_0,25300.0,65.829,-98.741,708.6,-1.18,1.31,,sar
sar_sat_0_0,25300.0,65.932,-98.635,708.4,-0.2,0.22,,sar
sar_sat_0_0,25300.0,66.02,-97.966,709.1,2.38,2.65,,sar
sar_sat_0_0,25310.0,65.809,-97.8,709.7,-2.18,2.43,,sar
sar_sat_0_0,25310.0,65.722,-97.835,709.8,-2.31,2.57,,sar
sar_sat_0_0,25310.0,65.742,-97.06,709.2,-0.62,0.68,,sar
vis_sat_0_0,25310.0,65.809,-97.8,709.7,-2.18,2.43,,visual
vis_sat_0_0,25310.0,65.722,-97.835,709.8,-2.31,2.57,,visual
vis_sat_0_0,25310.0,65.742,-97.06,709.2,-0.62,0.68,,visual
vis_sat_0_0,25320.0,65.455,-95.907,710.0,-1.07,1.19,,visual
vis_sat_0_0,25320.0,65.513,-95.552,710.1,-1.28,1.43,,visual
sar_sat_0_0,25320.0,65.455,-95.907,710.0,-1.07,1.19,,sar
sar_sat_0_0,25320.0,65.513,-95.552,710.1,-1.28,1.43,,sar
vis_sat_0_0,25350.0,64.925,-92.08,712.1,-0.53,0.59,,visual
sar_sat_0_0,25350.0,64.925,-92.08,712.1,-0.53,0.59,,sar
vis_sat_0_0,25490.0,60.845,-76.41,722.6,1.64,1.82,,visual
vis_sat_0_0,25490.0,60.576,-76.819,722.6,-1.72,1.91,,visual
sar_sat_0_0,25490.0,60.845,-76.41,722.6,1.64,1.82,,sar
sar_sat_0_0,25490.0,60.576,-76.819,722.6,-1.72,1.91,,sar
vis_sat_0_0,25500.0,60.283,-75.276,723.1,1.14,1.26,,visual
vis_sat_0_0,25500.0,60.429,-75.568,723.1,1.2,1.33,,visual
vis_sat_0_0,25500.0,60.403,-75.319,723.2,1.35,1.5,,visual
vis_sat_0_0,25500.0,60.02,-75.58,723.7,-2.42,2.7,,visual
sar_sat_0_0,25500.0,60.283,-75.276,723.1,1.14,1.26,,sar
sar_sat_0_0,25500.0,60.429,-75.568,723.1,1.2,1.33,,sar
sar_sat_0_0,25500.0,60.403,-75.319,723.2,1.35,1.5,,sar
sar_sat_0_0,25500.0,60.02,-75.58,723.7,-2.42,2.7,,sar
sar_sat_0_0,25500.0,60.283,-75.276,723.1,1.14,1.26,,sar
sar_sat_0_0,25500.0,60.429,-75.568,723.1,1.2,1.33,,sar
sar_sat_0_0,25500.0,60.403,-75.319,723.2,1.35,1.5,,sar
sar_sat_0_0,25500.0,60.02,-75.58,723.7,-2.42,2.7,,sar
vis_sat_0_0,25500.0,60.283,-75.276,723.1,1.14,1.26,,visual
vis_sat_0_0,25500.0,60.429,-75.568,723.1,1.2,1.33,,visual
vis_sat_0_0,25500.0,60.403,-75.319,723.2,1.35,1.5,,visual
vis_sat_0_0,25500.0,60.02,-75.58,723.7,-2.42,2.7,,visual
sar_sat_0_0,25500.0,60.283,-75.276,723.1,1.14,1.26,,sar
sar_sat_0_0,25500.0,60.429,-75.568,723.1,1.2,1.33,,sar
sar_sat_0_0,25500.0,60.403,-75.319,723.2,1.35,1.5,,sar
sar_sat_0_0,25500.0,60.02,-75.58,723.7,-2.42,2.7,,sar
vis_sat_0_0,25500.0,60.283,-75.276,723.1,1.14,1.26,,visual
vis_sat_0_0,25500.0,60.429,-75.568,723.1,1.2,1.33,,visual
vis_sat_0_0,25500.0,60.403,-75.319,723.2,1.35,1.5,,visual
vis_sat_0_0,25500.0,60.02,-75.58,723.7,-2.42,2.7,,visual
sar_sat_0_0,25520.0,59.565,-73.991,724.5,-1.13,1.26,,sar
sar_sat_0_0,25520.0,59.696,-73.58,724.7,1.56,1.74,,sar
vis_sat_0_0,25520.0,59.565,-73.991,724.5,-1.13,1.26,,visual
vis_sat_0_0,25520.0,59.696,-73.58,724.7,1.56,1.74,,visual
vis_sat_0_0,25530.0,59.222,-73.149,725.3,-1.37,1.52,,visual
sar_sat_0_0,25530.0,59.222,-73.149,725.3,-1.37,1.52,,sar
vis_sat_0_0,25540.0,58.721,-72.532,726.4,-2.29,2.55,,visual
vis_sat_0_0,25540.0,58.758,-72.279,725.9,-1.11,1.24,,visual
vis_sat_0_0,25540.0,58.789,-71.616,726.2,1.93,2.15,,visual
sar_sat_0_0,25540.0,58.721,-72.532,726.4,-2.29,2.55,,sar
sar_sat_0_0,25540.0,58.758,-72.279,725.9,-1.11,1.24,,sar
sar_sat_0_0,25540.0,58.789,-71.616,726.2,1.93,2.15,,sar
vis_sat_0_0,25560.0,58.122,-70.545,727.5,1.6,1.79,,visual
sar_sat_0_0,25560.0,58.122,-70.545,727.5,1.6,1.79,,sar
vis_sat_0_0,25580.0,57.089,-68.678,728.6,0.92,1.03,,visual
vis_sat_0_0,25580.0,57.298,-68.616,728.9,1.88,2.09,,visual
vis_sat_0_0,25580.0,56.949,-69.02,728.9,-1.75,1.95,,visual
sar_sat_0_0,25580.0,57.089,-68.678,728.6,0.92,1.03,,sar
sar_sat_0_0,25580.0,57.298,-68.616,728.9,1.88,2.09,,sar
sar_sat_0_0,25580.0,56.949,-69.02,728.9,-1.75,1.95,,sar
sar_sat_0_0,25590.0,56.626,-68.376,729.5,-1.46,1.63,,sar
sar_sat_0_0,25590.0,56.783,-68.163,729.3,0.71,0.79,,sar
vis_sat_0_0,25590.0,56.626,-68.376,729.5,-1.46,1.63,,visual
vis_sat_0_0,25590.0,56.783,-68.163,729.3,0.71,0.79,,visual
vis_sat_0_0,25600.0,56.367,-67.812,730.5,-2.22,2.47,,visual
sar_sat_0_0,25600.0,56.367,-67.812,730.5,-2.22,2.47,,sar
sar_sat_0_0,25610.0,55.881,-66.848,730.7,-0.92,1.03,,sar
vis_sat_0_0,25610.0,55.881,-66.848,730.7,-0.92,1.03,,visual
sar_sat_0_0,25630.0,54.797,-65.273,732.2,-1.59,1.78,,sar
vis_sat_0_0,25630.0,54.797,-65.273,732.2,-1.59,1.78,,visual
sar_sat_0_0,25660.0,53.715,-63.092,734.1,1.46,1.63,,sar
vis_sat_0_0,25660.0,53.715,-63.092,734.1,1.46,1.63,,visual
vis_sat_0_0,25670.0,53.363,-62.55,734.9,1.79,1.99,,visual
vis_sat_0_0,25670.0,53.15,-62.433,734.8,1.56,1.74,,visual
sar_sat_0_0,25670.0,53.363,-62.55,734.9,1.79,1.99,,sar
sar_sat_0_0,25670.0,53.15,-62.433,734.8,1.56,1.74,,sar
sar_sat_0_0,25680.0,52.729,-61.758,735.6,1.91,2.12,,sar
vis_sat_0_0,25680.0,52.729,-61.758,735.6,1.91,2.12,,visual
vis_sat_0_0,25690.0,52.013,-61.714,736.5,-2.41,2.69,,visual
sar_sat_0_0,25690.0,52.013,-61.714,736.5,-2.41,2.69,,sar
sar_sat_0_0,25720.0,50.615,-59.78,738.3,-2.18,2.44,,sar
vis_sat_0_0,25720.0,50.615,-59.78,738.3,-2.18,2.44,,visual
vis_sat_0_0,25760.0,49.005,-57.688,740.2,0.5,0.55,,visual
sar_sat_0_0,25760.0,49.005,-57.688,740.2,0.5,0.55,,sar
sar_sat_0_0,25770.0,48.355,-57.118,741.0,-1.23,1.37,,sar
vis_sat_0_0,25770.0,48.355,-57.118,741.0,-1.23,1.37,,visual
vis_sat_0_0,25780.0,48.166,-56.78,741.7,1.55,1.73,,visual
sar_sat_0_0,25780.0,48.166,-56.78,741.7,1.55,1.73,,sar
therm_sat_0_0,26120.0,-31.549,134.964,641.7,-1.94,2.13,55.88,thermal
therm_sat_0_0,26130.0,-31.052,135.269,641.3,-1.89,2.08,56.25,thermal
therm_sat_0_0,26140.0,-30.665,135.115,641.0,2.25,2.48,56.21,thermal
therm_sat_0_0,26190.0,-27.66,136.923,639.0,-2.25,2.47,58.47,thermal
therm_sat_0_0,26200.0,-27.265,137.127,638.3,-1.39,1.53,58.76,thermal
therm_sat_0_0,26210.0,-26.827,137.452,638.4,-2.45,2.69,59.17,thermal
therm_sat_0_0,28140.0,66.869,-128.825,699.7,-2.27,2.52,,thermal
therm_sat_0_0,28140.0,66.778,-129.31,699.6,-2.02,2.24,,thermal
therm_sat_0_0,28150.0,66.987,-127.391,700.2,-1.66,1.84,,thermal
therm_sat_0_0,28160.0,66.994,-126.177,700.6,0.61,0.67,,thermal
therm_sat_0_0,28170.0,67.042,-125.258,701.7,1.7,1.88,,thermal
therm_sat_0_0,28250.0,66.212,-113.659,707.8,-2.01,2.23,,thermal
therm_sat_0_0,28260.0,66.129,-111.909,708.3,1.2,1.33,,thermal
therm_sat_0_0,28260.0,66.045,-111.24,708.4,1.73,1.93,,thermal
therm_sat_0_0,28280.0,65.479,-108.845,709.9,-1.72,1.91,,thermal
therm_sat_0_0,28300.0,65.242,-106.333,711.1,-0.14,0.16,,thermal
therm_sat_0_0,28350.0,63.849,-100.474,715.3,-2.25,2.5,,thermal
therm_sat_0_0,28350.0,64.04,-99.491,715.3,2.24,2.49,,thermal
therm_sat_0_0,28360.0,63.943,-99.206,716.0,2.16,2.4,,thermal
therm_sat_0_0,28360.0,63.62,-98.9,715.6,-1.13,1.26,,thermal
therm_sat_0_0,28360.0,63.796,-98.6,715.6,1.21,1.34,,thermal
therm_sat_0_0,28370.0,63.591,-97.195,716.9,2.44,2.71,,thermal
therm_sat_0_0,28380.0,63.406,-96.37,717.6,2.38,2.65,,thermal
therm_sat_0_0,28380.0,63.25,-96.559,717.0,0.82,0.91,,thermal
therm_sat_0_0,28390.0,62.694,-95.752,718.0,-1.74,1.94,,thermal
therm_sat_0_0,28390.0,62.77,-95.793,717.9,-1.4,1.55,,thermal
therm_sat_0_0,28390.0,62.637,-95.309,718.2,-2.07,2.3,,thermal
therm_sat_0_0,28400.0,62.466,-94.148,718.6,1.28,1.43,,thermal
therm_sat_0_0,28400.0,62.363,-94.823,719.0,-2.25,2.51,,thermal
therm_sat_0_0,28400.0,62.381,-94.144,718.8,-1.79,1.99,,thermal
therm_sat_0_0,28410.0,62.354,-93.532,719.3,1.44,1.6,,thermal
therm_sat_0_0,28410.0,62.294,-93.829,719.6,-2.05,2.28,,thermal
therm_sat_0_0,28570.0,55.968,-79.521,730.3,-0.77,0.86,,thermal
therm_sat_0_0,28600.0,54.577,-77.776,733.0,-2.33,2.6,,thermal
therm_sat_0_0,28610.0,54.322,-77.009,733.1,-1.3,1.45,,thermal
therm_sat_0_0,28610.0,54.22,-76.559,733.1,1.21,1.35,,thermal
therm_sat_0_0,28620.0,53.729,-75.963,733.8,-1.31,1.46,,thermal
therm_sat_0_0,28680.0,51.293,-72.349,738.0,2.16,2.4,,thermal
therm_sat_0_0,28690.0,50.605,-71.696,738.5,1.77,1.98,,thermal
therm_sat_0_0,28700.0,49.904,-71.255,739.4,-2.38,2.66,,thermal
therm_sat_0_0,28720.0,49.226,-70.481,740.0,0.43,0.48,,thermal
therm_sat_0_0,28750.0,47.573,-68.644,742.5,2.32,2.59,,thermal
therm_sat_0_0,28790.0,45.6,-66.945,744.6,1.79,2.0,,thermal
therm_sat_0_0,28790.0,45.948,-66.873,744.8,2.32,2.6,,thermal
therm_sat_0_0,28790.0,45.57,-67.426,744.8,-2.3,2.57,,thermal
vis_sat_0_0,29070.0,-32.44,121.877,641.9,-0.18,0.2,55.1,visual
sar_sat_0_0,29070.0,-32.44,121.877,641.9,-0.18,0.2,55.1,sar
vis_sat_0_0,29080.0,-31.823,121.869,642.2,2.49,2.74,55.2,visual
sar_sat_0_0,29080.0,-31.823,121.869,642.2,2.49,2.74,55.2,sar
vis_sat_0_0,29090.0,-31.185,122.223,641.7,2.47,2.72,55.62,visual
vis_sat_0_0,29090.0,-31.547,122.287,641.7,2.36,2.6,55.63,visual
sar_sat_0_0,29090.0,-31.185,122.223,641.7,2.47,2.72,55.62,sar
sar_sat_0_0,29090.0,-31.547,122.287,641.7,2.36,2.6,55.63,sar
vis_sat_0_0,29290.0,-20.215,127.452,634.2,1.3,1.43,63.31,visual
sar_sat_0_0,29290.0,-20.215,127.452,634.2,1.3,1.43,63.31,sar
therm_sat_0_0,29900.0,-13.868,-40.237,768.7,-2.19,2.46,,thermal
vis_sat_0_0,30960.0,65.577,-163.09,689.0,2.44,2.71,,visual
sar_sat_0_0,30960.0,65.577,-163.09,689.0,2.44,2.71,,sar
sar_sat_0_0,31190.0,66.778,-129.31,706.3,2.46,2.73,,sar
vis_sat_0_0,31190.0,66.778,-129.31,706.3,2.46,2.73,,visual
sar_sat_0_0,31200.0,66.255,-127.397,706.6,-1.58,1.76,,sar
vis_sat_0_0,31200.0,66.255,-127.397,706.6,-1.58,1.76,,visual
vis_sat_0_0,31210.0,66.27,-125.786,707.4,1.67,1.86,,visual
sar_sat_0_0,31210.0,66.27,-125.786,707.4,1.67,1.86,,sar
vis_sat_0_0,31230.0,65.996,-123.013,708.9,1.69,1.88,,visual
sar_sat_0_0,31230.0,65.996,-123.013,708.9,1.69,1.88,,sar
vis_sat_0_0,31230.0,65.996,-123.013,708.9,1.69,1.88,,visual
sar_sat_0_0,31230.0,65.996,-123.013,708.9,1.69,1.88,,sar
vis_sat_0_0,31270.0,65.132,-117.814,711.6,1.04,1.16,,visual
vis_sat_0_0,31270.0,65.023,-118.01,711.6,-1.05,1.17,,visual
vis_sat_0_0,31270.0,65.227,-118.194,711.6,0.91,1.01,,visual
sar_sat_0_0,31270.0,65.132,-117.814,711.6,1.04,1.16,,sar
sar_sat_0_0,31270.0,65.023,-118.01,711.6,-1.05,1.17,,sar
sar_sat_0_0,31270.0,65.227,-118.194,711.6,0.91,1.01,,sar
vis_sat_0_0,31280.0,64.804,-116.463,712.5,-1.59,1.77,,visual
vis_sat_0_0,31280.0,65.054,-116.533,712.6,1.68,1.87,,visual
sar_sat_0_0,31280.0,64.804,-116.463,712.5,-1.59,1.77,,sar
sar_sat_0_0,31280.0,65.054,-116.533,712.6,1.68,1.87,,sar
vis_sat_0_0,31290.0,64.536,-115.843,713.3,-1.63,1.81,,visual
vis_sat_0_0,31290.0,64.838,-115.185,713.5,2.07,2.3,,visual
vis_sat_0_0,31290.0,64.449,-115.952,713.7,-2.49,2.76,,visual
sar_sat_0_0,31290.0,64.536,-115.843,713.3,-1.63,1.81,,sar
sar_sat_0_0,31290.0,64.838,-115.185,713.5,2.07,2.3,,sar
sar_sat_0_0,31290.0,64.449,-115.952,713.7,-2.49,2.76,,sar
sar_sat_0_0,31300.0,64.21,-114.723,714.4,-2.42,2.69,,sar
vis_sat_0_0,31300.0,64.21,-114.723,714.4,-2.42,2.69,,visual
vis_sat_0_0,31320.0,63.626,-111.652,715.9,-2.45,2.73,,visual
vis_sat_0_0,31320.0,64.133,-111.711,715.9,2.41,2.68,,visual
vis_sat_0_0,31320.0,63.697,-112.023,715.5,-1.67,1.85,,visual
sar_sat_0_0,31320.0,63.626,-111.652,715.9,-2.45,2.73,,sar
sar_sat_0_0,31320.0,64.133,-111.711,715.9,2.41,2.68,,sar
sar_sat_0_0,31320.0,63.697,-112.023,715.5,-1.67,1.85,,sar
vis_sat_0_0,31330.0,63.533,-110.672,715.9,-0.6,0.67,,visual
vis_sat_0_0,31330.0,63.725,-110.895,716.1,1.32,1.47,,visual
sar_sat_0_0,31330.0,63.533,-110.672,715.9,-0.6,0.67,,sar
sar_sat_0_0,31330.0,63.725,-110.895,716.1,1.32,1.47,,sar
sar_sat_0_0,31340.0,63.049,-109.477,717.2,-2.28,2.54,,sar
vis_sat_0_0,31340.0,63.049,-109.477,717.2,-2.28,2.54,,visual
sar_sat_0_0,31350.0,62.888,-108.463,717.5,-0.97,1.08,,sar
vis_sat_0_0,31350.0,62.888,-108.463,717.5,-0.97,1.08,,visual
vis_sat_0_0,31370.0,62.537,-106.566,719.2,1.82,2.03,,visual
vis_sat_0_0,31370.0,62.131,-106.156,719.4,-2.18,2.43,,visual
vis_sat_0_0,31370.0,62.524,-106.805,719.5,2.41,2.68,,visual
vis_sat_0_0,31370.0,62.374,-105.99,719.0,1.41,1.57,,visual
vis_sat_0_0,31370.0,62.254,-106.118,719.0,-1.31,1.45,,visual
sar_sat_0_0,31370.0,62.537,-106.566,719.2,1.82,2.03,,sar
sar_sat_0_0,31370.0,62.131,-106.156,719.4,-2.18,2.43,,sar
sar_sat_0_0,31370.0,62.524,-106.805,719.5,2.41,2.68,,sar
sar_sat_0_0,31370.0,62.374,-105.99,719.0,1.41,1.57,,sar
sar_sat_0_0,31370.0,62.254,-106.118,719.0,-1.31,1.45,,sar
sar_sat_0_0,31380.0,61.906,-105.086,719.7,-1.41,1.57,,sar
sar_sat_0_0,31380.0,62.068,-105.865,720.2,-2.41,2.68,,sar
vis_sat_0_0,31380.0,61.906,-105.086,719.7,-1.41,1.57,,visual
vis_sat_0_0,31380.0,62.068,-105.865,720.2,-2.41,2.68,,visual
sar_sat_0_0,31390.0,61.599,-103.903,720.6,1.76,1.96,,sar
vis_sat_0_0,31390.0,61.599,-103.903,720.6,1.76,1.96,,visual
sar_sat_0_0,31400.0,61.431,-103.731,721.5,-2.06,2.3,,sar
sar_sat_0_0,31400.0,61.507,-102.88,721.5,2.17,2.42,,sar
vis_sat_0_0,31400.0,61.431,-103.731,721.5,-2.06,2.3,,visual
vis_sat_0_0,31400.0,61.507,-102.88,721.5,2.17,2.42,,visual
vis_sat_0_0,31410.0,60.857,-101.987,722.1,-1.83,2.03,,visual
vis_sat_0_0,31410.0,61.244,-102.36,722.2,2.21,2.46,,visual
vis_sat_0_0,31410.0,61.092,-102.321,721.7,0.85,0.95,,visual
sar_sat_0_0,31410.0,60.857,-101.987,722.1,-1.83,2.03,,sar
sar_sat_0_0,31410.0,61.244,-102.36,722.2,2.21,2.46,,sar
sar_sat_0_0,31410.0,61.092,-102.321,721.7,0.85,0.95,,sar
sar_sat_0_0,31430.0,60.26,-100.137,723.3,1.27,1.41,,sar
sar_sat_0_0,31430.0,60.242,-100.703,723.3,-1.23,1.37,,sar
sar_sat_0_0,31430.0,60.522,-100.185,723.8,2.48,2.76,,sar
sar_sat_0_0,31430.0,60.018,-100.403,723.7,-2.2,2.44,,sar
vis_sat_0_0,31430.0,60.26,-100.137,723.3,1.27,1.41,,visual
vis_sat_0_0,31430.0,60.242,-100.703,723.3,-1.23,1.37,,visual
vis_sat_0_0,31430.0,60.522,-100.185,723.8,2.48,2.76,,visual
vis_sat_0_0,31430.0,60.018,-100.403,723.7,-2.2,2.44,,visual
vis_sat_0_0,31440.0,59.732,-99.322,724.1,-1.66,1.85,,visual
sar_sat_0_0,31440.0,59.732,-99.322,724.1,-1.66,1.85,,sar
vis_sat_0_0,31450.0,59.248,-98.651,725.1,-2.31,2.57,,visual
sar_sat_0_0,31450.0,59.248,-98.651,725.1,-2.31,2.57,,sar
vis_sat_0_0,31460.0,58.928,-97.468,725.8,-2.2,2.45,,visual
sar_sat_0_0,31460.0,58.928,-97.468,725.8,-2.2,2.45,,sar
vis_sat_0_0,31470.0,58.52,-97.247,726.5,-2.33,2.6,,visual
sar_sat_0_0,31470.0,58.52,-97.247,726.5,-2.33,2.6,,sar
vis_sat_0_0,31590.0,53.591,-88.386,734.0,-0.67,0.75,,visual
vis_sat_0_0,31590.0,53.515,-88.086,734.2,1.19,1.33,,visual
sar_sat_0_0,31590.0,53.591,-88.386,734.0,-0.67,0.75,,sar
sar_sat_0_0,31590.0,53.515,-88.086,734.2,1.19,1.33,,sar
sar_sat_0_0,31600.0,52.965,-87.94,735.3,-2.26,2.52,,sar
sar_sat_0_0,31600.0,52.957,-87.695,735.0,-1.72,1.92,,sar
sar_sat_0_0,31600.0,53.11,-87.333,735.0,1.64,1.83,,sar
vis_sat_0_0,31600.0,52.965,-87.94,735.3,-2.26,2.52,,visual
vis_sat_0_0,31600.0,52.957,-87.695,735.0,-1.72,1.92,,visual
vis_sat_0_0,31600.0,53.11,-87.333,735.0,1.64,1.83,,visual
vis_sat_0_0,31710.0,48.013,-81.558,741.6,0.86,0.96,,visual
sar_sat_0_0,31710.0,48.013,-81.558,741.6,0.86,0.96,,sar
sar_sat_0_0,31750.0,46.124,-80.013,744.2,-1.61,1.8,,sar
vis_sat_0_0,31750.0,46.124,-80.013,744.2,-1.61,1.8,,visual
vis_sat_0_0,31770.0,45.175,-79.097,745.5,1.79,2.0,,visual
sar_sat_0_0,31770.0,45.175,-79.097,745.5,1.79,2.0,,sar
sar_sat_0_0,31780.0,44.489,-78.227,746.1,1.9,2.13,,sar
sar_sat_0_0,31780.0,44.53,-78.552,745.6,0.36,0.4,,sar
sar_sat_0_0,31780.0,44.582,-78.799,746.0,-1.77,1.98,,sar
sar_sat_0_0,31780.0,44.554,-78.346,745.8,1.3,1.46,,sar
sar_sat_0_0,31780.0,44.273,-78.749,746.3,-2.25,2.51,,sar
vis_sat_0_0,31780.0,44.489,-78.227,746.1,1.9,2.13,,visual
vis_sat_0_0,31780.0,44.53,-78.552,745.6,0.36,0.4,,visual
vis_sat_0_0,31780.0,44.582,-78.799,746.0,-1.77,1.98,,visual
vis_sat_0_0,31780.0,44.554,-78.346,745.8,1.3,1.46,,visual
vis_sat_0_0,31780.0,44.273,-78.749,746.3,-2.25,2.51,,visual
vis_sat_0_0,31810.0,42.873,-77.269,747.4,-0.94,1.05,,visual
sar_sat_0_0,31810.0,42.873,-77.269,747.4,-0.94,1.05,,sar
sar_sat_0_0,31820.0,42.657,-77.062,748.3,1.81,2.02,,sar
vis_sat_0_0,31820.0,42.657,-77.062,748.3,1.81,2.02,,visual
sar_sat_0_0,32650.0,-2.196,-56.704,770.6,-0.67,0.75,,sar
vis_sat_0_0,32650.0,-2.196,-56.704,770.6,-0.67,0.75,,visual
vis_sat_0_0,32660.0,-2.749,-56.752,771.3,-2.47,2.77,,visual
sar_sat_0_0,32660.0,-2.749,-56.752,771.3,-2.47,2.77,,sar
therm_sat_0_0,32730.0,6.706,124.815,630.2,2.08,2.29,83.85,thermal
vis_sat_0_0,32840.0,-12.337,-53.102,769.1,-2.03,2.28,,visual
sar_sat_0_0,32840.0,-12.337,-53.102,769.1,-2.03,2.28,,sar
sar_sat_0_0,32960.0,-19.017,-50.5,765.9,-0.66,0.74,86.16,sar
vis_sat_0_0,32960.0,-19.017,-50.5,765.9,-0.66,0.74,86.16,visual
sar_sat_0_0,32970.0,-19.867,-50.346,766.3,-2.44,2.74,85.66,sar
vis_sat_0_0,32970.0,-19.867,-50.346,766.3,-2.44,2.74,85.66,visual
vis_sat_0_0,33000.0,-21.298,-49.781,765.2,-1.95,2.19,84.51,visual
sar_sat_0_0,33000.0,-21.298,-49.781,765.2,-1.95,2.19,84.51,sar
therm_sat_0_0,33340.0,40.477,140.939,650.2,-1.95,2.15,,thermal
therm_sat_0_0,34070.0,67.062,-154.334,699.3,0.72,0.8,,thermal
therm_sat_0_0,34320.0,62.774,-120.645,717.9,-1.19,1.32,,thermal
therm_sat_0_0,34330.0,62.348,-119.576,718.9,-1.85,2.05,,thermal
therm_sat_0_0,34410.0,59.744,-111.114,724.6,1.88,2.1,,thermal
therm_sat_0_0,34440.0,58.675,-109.187,726.6,1.72,1.92,,thermal
therm_sat_0_0,34460.0,57.933,-107.112,728.3,2.33,2.59,,thermal
therm_sat_0_0,34470.0,57.541,-106.795,729.0,2.39,2.66,,thermal
therm_sat_0_0,34470.0,57.338,-106.114,729.0,2.3,2.56,,thermal
therm_sat_0_0,34480.0,56.993,-105.859,729.2,1.06,1.18,,thermal
therm_sat_0_0,34490.0,56.555,-105.433,730.1,-1.85,2.06,,thermal
therm_sat_0_0,34510.0,55.631,-103.183,731.8,2.47,2.75,,thermal
therm_sat_0_0,34510.0,55.451,-103.47,731.4,-1.58,1.76,,thermal
therm_sat_0_0,34520.0,55.234,-103.07,731.8,0.82,0.91,,thermal
therm_sat_0_0,34520.0,55.019,-102.712,732.1,1.81,2.02,,thermal
therm_sat_0_0,34520.0,54.935,-103.022,732.2,-1.89,2.11,,thermal
therm_sat_0_0,34530.0,54.981,-102.389,733.1,2.38,2.65,,thermal
therm_sat_0_0,34530.0,54.714,-102.731,732.9,-2.05,2.29,,thermal
therm_sat_0_0,34540.0,54.056,-101.435,733.6,-2.17,2.42,,thermal
therm_sat_0_0,34540.0,54.425,-102.044,733.7,-2.36,2.63,,thermal
therm_sat_0_0,34540.0,54.062,-101.638,733.4,-1.77,1.98,,thermal
therm_sat_0_0,34540.0,54.398,-101.68,733.2,1.16,1.29,,thermal
therm_sat_0_0,34570.0,52.858,-99.546,735.2,1.36,1.52,,thermal
therm_sat_0_0,34570.0,52.873,-99.419,735.5,1.98,2.21,,thermal
therm_sat_0_0,34580.0,52.546,-99.383,735.9,-1.3,1.45,,thermal
therm_sat_0_0,34580.0,52.439,-99.353,735.7,-0.83,0.93,,thermal
therm_sat_0_0,34590.0,51.823,-98.32,736.8,2.1,2.34,,thermal
therm_sat_0_0,34650.0,49.268,-95.623,740.5,-1.77,1.98,,thermal
therm_sat_0_0,34680.0,47.429,-94.053,742.6,-2.41,2.69,,thermal
therm_sat_0_0,34680.0,47.639,-94.026,742.0,-0.85,0.95,,thermal
therm_sat_0_0,34900.0,36.538,-85.45,753.9,-0.71,0.79,,thermal
therm_sat_0_0,34920.0,35.624,-84.78,755.0,1.35,1.51,,thermal
therm_sat_0_0,34940.0,34.161,-84.072,756.3,-2.21,2.47,,thermal
therm_sat_0_0,35030.0,29.389,-81.656,760.3,-2.31,2.59,,thermal
therm_sat_0_0,35030.0,29.539,-81.556,759.7,-0.94,1.06,,thermal
therm_sat_0_0,35180.0,21.739,-78.101,765.4,-2.13,2.39,,thermal
therm_sat_0_0,35810.0,-13.047,-65.494,769.1,-2.36,2.65,,thermal
therm_sat_0_0,35810.0,-12.747,-65.147,768.7,1.5,1.68,,thermal
therm_sat_0_0,36180.0,-32.874,-56.805,757.1,-1.94,2.17,75.26,thermal
therm_sat_0_0,36180.0,-32.83,-56.42,756.8,1.12,1.25,74.97,thermal
therm_sat_0_0,36220.0,-34.846,-55.087,755.3,2.01,2.25,73.18,thermal
vis_sat_0_0,36460.0,48.686,135.526,659.2,-1.89,2.08,,visual
sar_sat_0_0,36460.0,48.686,135.526,659.2,-1.89,2.08,,sar
vis_sat_0_0,36700.0,59.565,151.757,675.1,-1.88,2.07,,visual
sar_sat_0_0,36700.0,59.565,151.757,675.1,-1.88,2.07,,sar
sar_sat_0_0,37260.0,63.774,-135.367,716.5,2.05,2.28,,sar
sar_sat_0_0,37260.0,63.348,-135.882,716.6,-2.25,2.51,,sar
vis_sat_0_0,37260.0,63.774,-135.367,716.5,2.05,2.28,,visual
vis_sat_0_0,37260.0,63.348,-135.882,716.6,-2.25,2.51,,visual
vis_sat_0_0,37270.0,63.216,-134.818,717.0,-1.46,1.63,,visual
sar_sat_0_0,37270.0,63.216,-134.818,717.0,-1.46,1.63,,sar
vis_sat_0_0,37470.0,55.599,-116.742,731.3,-2.1,2.34,,visual
vis_sat_0_0,37470.0,55.744,-116.955,731.5,-2.36,2.63,,visual
sar_sat_0_0,37470.0,55.599,-116.742,731.3,-2.1,2.34,,sar
sar_sat_0_0,37470.0,55.744,-116.955,731.5,-2.36,2.63,,sar
sar_sat_0_0,37520.0,53.453,-112.949,734.4,1.55,1.73,,sar
vis_sat_0_0,37520.0,53.453,-112.949,734.4,1.55,1.73,,visual
vis_sat_0_0,37640.0,48.001,-106.415,741.8,1.29,1.44,,visual
sar_sat_0_0,37640.0,48.001,-106.415,741.8,1.29,1.44,,sar
sar_sat_0_0,37860.0,36.747,-98.14,753.8,-1.11,1.25,,sar
vis_sat_0_0,37860.0,36.747,-98.14,753.8,-1.11,1.25,,visual
vis_sat_0_0,37930.0,32.815,-95.915,757.6,-2.33,2.6,,visual
sar_sat_0_0,37930.0,32.815,-95.915,757.6,-2.33,2.6,,sar
sar_sat_0_0,37940.0,32.811,-95.532,757.9,2.16,2.42,,sar
vis_sat_0_0,37940.0,32.811,-95.532,757.9,2.16,2.42,,visual
vis_sat_0_0,37950.0,32.148,-95.473,758.2,-1.81,2.03,,visual
sar_sat_0_0,37950.0,32.148,-95.473,758.2,-1.81,2.03,,sar
vis_sat_0_0,37990.0,29.754,-93.895,760.1,2.3,2.57,,visual
sar_sat_0_0,37990.0,29.754,-93.895,760.1,2.3,2.57,,sar
sar_sat_0_0,38270.0,15.027,-87.744,768.6,2.18,2.44,,sar
vis_sat_0_0,38270.0,15.027,-87.744,768.6,2.18,2.44,,visual
vis_sat_0_0,38630.0,-4.681,-80.519,770.9,2.16,2.42,,visual
sar_sat_0_0,38630.0,-4.681,-80.519,770.9,2.16,2.42,,sar
therm_sat_0_0,38670.0,7.263,100.422,630.3,-2.14,2.35,84.39,thermal
therm_sat_0_0,38830.0,16.604,103.453,633.1,2.2,2.42,,thermal
therm_sat_0_0,38910.0,20.81,105.318,635.3,2.29,2.52,,thermal
therm_sat_0_0,39150.0,34.202,112.18,644.5,-2.42,2.66,,thermal
therm_sat_0_0,39160.0,34.925,112.363,644.6,-1.56,1.72,,thermal
therm_sat_0_0,39220.0,38.252,114.297,647.7,2.06,2.27,,thermal
therm_sat_0_0,39230.0,38.739,114.51,648.0,1.47,1.62,,thermal
sar_sat_0_0,39250.0,-38.193,-66.007,752.0,-1.87,2.09,70.96,sar
sar_sat_0_0,39250.0,-38.052,-65.945,752.3,-2.4,2.68,70.94,sar
sar_sat_0_0,39250.0,-38.11,-65.855,751.9,1.69,1.89,70.86,sar
vis_sat_0_0,39250.0,-38.193,-66.007,752.0,-1.87,2.09,70.96,visual
vis_sat_0_0,39250.0,-38.052,-65.945,752.3,-2.4,2.68,70.94,visual
vis_sat_0_0,39250.0,-38.11,-65.855,751.9,1.69,1.89,70.86,visual
therm_sat_0_0,39260.0,40.232,115.602,649.4,0.48,0.53,,thermal
therm_sat_0_0,40430.0,56.044,-129.223,730.5,0.57,0.64,,thermal
therm_sat_0_0,40490.0,53.363,-125.603,734.8,-1.51,1.68,,thermal
therm_sat_0_0,40540.0,50.788,-122.224,738.3,-2.19,2.45,,thermal
therm_sat_0_0,40600.0,47.955,-118.981,742.1,2.45,2.73,,thermal
therm_sat_0_0,40600.0,47.94,-119.019,742.1,2.38,2.66,,thermal
therm_sat_0_0,40740.0,41.165,-113.112,749.7,1.71,1.91,,thermal
therm_sat_0_0,40740.0,40.93,-113.308,749.8,-1.83,2.05,,thermal
therm_sat_0_0,40810.0,37.365,-110.727,753.4,1.93,2.16,,thermal
therm_sat_0_0,40940.0,30.918,-106.877,759.5,2.33,2.61,,thermal
therm_sat_0_0,41000.0,27.543,-105.415,761.2,0.66,0.74,,thermal
therm_sat_0_0,42350.0,-45.138,-72.969,744.2,0.87,0.97,65.2,thermal
therm_sat_0_0,42390.0,-47.252,-71.59,742.2,-1.82,2.03,63.87,thermal
vis_sat_0_0,43290.0,60.414,-150.484,723.9,2.15,2.39,,visual
sar_sat_0_0,43290.0,60.414,-150.484,723.9,2.15,2.39,,sar
therm_sat_0_0,45050.0,32.585,86.24,643.0,-1.88,2.07,,thermal
therm_sat_0_0,45070.0,33.965,86.498,644.1,2.26,2.48,,thermal
therm_sat_0_0,45130.0,37.077,88.406,646.6,1.47,1.62,,thermal
therm_sat_0_0,45710.0,63.552,125.444,683.4,1.5,1.66,,thermal
therm_sat_0_0,45790.0,65.237,135.794,689.7,-2.41,2.67,,thermal
therm_sat_0_0,46240.0,60.982,-163.839,722.9,2.24,2.49,,thermal
therm_sat_0_0,46240.0,60.861,-163.939,722.4,1.09,1.21,,thermal
therm_sat_0_0,46240.0,60.874,-164.089,722.5,1.11,1.24,,thermal
therm_sat_0_0,46240.0,60.528,-164.135,722.8,-1.99,2.22,,thermal
therm_sat_0_0,46240.0,60.815,-163.568,722.9,2.14,2.39,,thermal
therm_sat_0_0,46320.0,57.566,-156.788,728.3,1.91,2.13,,thermal
therm_sat_0_0,46320.0,57.56,-156.997,728.0,1.09,1.21,,thermal
sar_sat_0_0,48020.0,33.144,73.644,643.2,1.77,1.95,,sar
vis_sat_0_0,48020.0,33.144,73.644,643.2,1.77,1.95,,visual
sar_sat_0_0,48320.0,48.698,85.535,659.1,-0.91,1.01,,sar
vis_sat_0_0,48320.0,48.698,85.535,659.1,-0.91,1.01,,visual
vis_sat_0_0,49160.0,62.453,179.089,719.4,1.46,1.63,,visual
sar_sat_0_0,49160.0,62.453,179.089,719.4,1.46,1.63,,sar
therm_sat_0_0,51090.0,38.923,64.681,648.6,2.46,2.71,,thermal
therm_sat_0_0,51380.0,53.531,78.5,665.7,2.44,2.69,,thermal
therm_sat_0_0,51380.0,53.281,77.924,665.7,2.26,2.49,,thermal
vis_sat_0_0,53610.0,14.027,40.406,631.8,-0.97,1.07,89.14,visual
vis_sat_0_0,53610.0,13.953,40.47,632.1,-1.83,2.01,89.17,visual
sar_sat_0_0,53610.0,14.027,40.406,631.8,-0.97,1.07,89.14,sar
sar_sat_0_0,53610.0,13.953,40.47,632.1,-1.83,2.01,89.17,sar
vis_sat_0_0,53910.0,30.668,47.517,641.6,1.88,2.07,,visual
sar_sat_0_0,53910.0,30.668,47.517,641.6,1.88,2.07,,sar
sar_sat_0_0,53940.0,32.615,48.46,642.7,1.41,1.55,,sar
vis_sat_0_0,53940.0,32.615,48.46,642.7,1.41,1.55,,visual
sar_sat_0_0,54090.0,40.596,53.438,649.9,0.58,0.64,,sar
vis_sat_0_0,54090.0,40.596,53.438,649.9,0.58,0.64,,visual
vis_sat_0_0,54190.0,45.848,57.685,655.6,1.17,1.29,,visual
sar_sat_0_0,54190.0,45.848,57.685,655.6,1.17,1.29,,sar
sar_sat_0_0,54210.0,46.627,58.46,656.8,-1.33,1.47,,sar
vis_sat_0_0,54210.0,46.627,58.46,656.8,-1.33,1.47,,visual
sar_sat_0_0,54340.0,53.327,65.61,665.4,2.33,2.58,,sar
vis_sat_0_0,54340.0,53.327,65.61,665.4,2.33,2.58,,visual
sar_sat_0_0,54350.0,53.573,66.223,665.5,-0.34,0.38,,sar
vis_sat_0_0,54350.0,53.573,66.223,665.5,-0.34,0.38,,visual
sar_sat_0_0,54360.0,53.769,66.827,666.7,-2.31,2.55,,sar
vis_sat_0_0,54360.0,53.769,66.827,666.7,-2.31,2.55,,visual
vis_sat_0_0,54390.0,55.41,68.752,668.2,0.67,0.74,,visual
sar_sat_0_0,54390.0,55.41,68.752,668.2,0.67,0.74,,sar
sar_sat_0_0,54510.0,60.075,78.519,677.0,-2.3,2.54,,sar
vis_sat_0_0,54510.0,60.075,78.519,677.0,-2.3,2.54,,visual
sar_sat_0_0,54530.0,61.037,80.895,678.3,-1.94,2.15,,sar
vis_sat_0_0,54530.0,61.037,80.895,678.3,-1.94,2.15,,visual
therm_sat_0_0,56000.0,-18.688,16.029,633.3,-1.16,1.27,63.6,thermal
therm_sat_0_0,56880.0,31.218,35.405,641.6,-1.26,1.39,,thermal
therm_sat_0_0,56880.0,31.179,35.446,641.6,-1.33,1.47,,thermal
therm_sat_0_0,56880.0,31.093,35.405,641.5,-0.95,1.04,,thermal
therm_sat_0_0,56890.0,31.523,35.485,642.2,1.76,1.94,,thermal
therm_sat_0_0,56980.0,36.383,38.183,646.7,2.42,2.67,,thermal
therm_sat_0_0,57010.0,38.228,39.137,648.0,2.09,2.3,,thermal
therm_sat_0_0,57150.0,45.46,44.656,655.6,1.8,1.99,,thermal
therm_sat_0_0,57210.0,48.398,47.573,659.2,1.75,1.94,,thermal
therm_sat_0_0,57220.0,49.168,48.13,659.7,1.67,1.84,,thermal
therm_sat_0_0,57360.0,55.404,56.554,669.0,-2.16,2.39,,thermal
therm_sat_0_0,57400.0,57.263,60.124,671.8,-2.2,2.43,,thermal
therm_sat_0_0,57490.0,60.751,67.811,677.9,-1.78,1.97,,thermal
therm_sat_0_0,57590.0,64.126,78.958,685.4,-2.32,2.57,,thermal
therm_sat_0_0,57600.0,64.432,79.143,686.0,1.98,2.19,,thermal
therm_sat_0_0,57710.0,66.456,94.154,693.9,-1.22,1.35,,thermal
sar_sat_0_0,59280.0,-0.873,10.027,629.4,-1.68,1.85,76.95,sar
sar_sat_0_0,59280.0,-0.587,10.007,629.3,1.29,1.41,77.04,sar
vis_sat_0_0,59280.0,-0.873,10.027,629.4,-1.68,1.85,76.95,visual
vis_sat_0_0,59280.0,-0.587,10.007,629.3,1.29,1.41,77.04,visual
vis_sat_0_0,59450.0,9.059,13.69,630.8,-2.29,2.52,84.97,visual
sar_sat_0_0,59450.0,9.059,13.69,630.8,-2.29,2.52,84.97,sar
sar_sat_0_0,60010.0,40.141,28.045,649.6,1.32,1.45,,sar
vis_sat_0_0,60010.0,40.141,28.045,649.6,1.32,1.45,,visual
sar_sat_0_0,60140.0,46.781,33.373,657.0,1.49,1.64,,sar
vis_sat_0_0,60140.0,46.781,33.373,657.0,1.49,1.64,,visual
vis_sat_0_0,60170.0,48.485,35.16,659.0,1.93,2.13,,visual
sar_sat_0_0,60170.0,48.485,35.16,659.0,1.93,2.13,,sar
sar_sat_0_0,60480.0,61.599,57.859,679.9,-2.12,2.35,,sar
vis_sat_0_0,60480.0,61.599,57.859,679.9,-2.12,2.35,,visual
vis_sat_0_0,60550.0,63.9,65.916,685.2,-2.38,2.63,,visual
sar_sat_0_0,60550.0,63.9,65.916,685.2,-2.38,2.63,,sar
vis_sat_0_0,60560.0,64.377,66.127,685.8,2.16,2.4,,visual
vis_sat_0_0,60560.0,64.259,66.037,685.8,2.13,2.36,,visual
vis_sat_0_0,60560.0,64.101,66.054,685.9,-2.44,2.71,,visual
sar_sat_0_0,60560.0,64.377,66.127,685.8,2.16,2.4,,sar
sar_sat_0_0,60560.0,64.259,66.037,685.8,2.13,2.36,,sar
sar_sat_0_0,60560.0,64.101,66.054,685.9,-2.44,2.71,,sar
vis_sat_0_0,60700.0,66.834,85.496,695.8,1.02,1.13,,visual
vis_sat_0_0,60700.0,66.604,85.396,696.1,-1.85,2.06,,visual
sar_sat_0_0,60700.0,66.834,85.496,695.8,1.02,1.13,,sar
sar_sat_0_0,60700.0,66.604,85.396,696.1,-1.85,2.06,,sar
vis_sat_0_0,60720.0,66.95,88.285,697.4,1.54,1.71,,visual
sar_sat_0_0,60720.0,66.95,88.285,697.4,1.54,1.71,,sar
sar_sat_0_0,60750.0,67.011,92.626,699.9,2.12,2.35,,sar
sar_sat_0_0,60750.0,66.941,93.511,699.6,-1.16,1.28,,sar
vis_sat_0_0,60750.0,67.011,92.626,699.9,2.12,2.35,,visual
vis_sat_0_0,60750.0,66.941,93.511,699.6,-1.16,1.28,,visual
vis_sat_0_0,60980.0,63.552,125.444,717.1,2.29,2.55,,visual
sar_sat_0_0,60980.0,63.552,125.444,717.1,2.29,2.55,,sar
therm_sat_0_0,62370.0,6.303,0.06,629.9,-1.4,1.53,82.51,thermal
therm_sat_0_0,63330.0,57.572,34.517,672.1,2.49,2.75,,thermal
therm_sat_0_0,63600.0,66.134,63.965,691.3,1.99,2.2,,thermal
therm_sat_0_0,63610.0,65.928,65.298,691.9,-1.48,1.64,,thermal
therm_sat_0_0,63620.0,66.114,66.536,692.6,-1.4,1.55,,thermal
therm_sat_0_0,63730.0,67.145,83.555,701.2,2.22,2.47,,thermal
therm_sat_0_0,63730.0,67.045,83.449,700.8,1.45,1.61,,thermal
therm_sat_0_0,63750.0,66.834,85.496,702.7,-2.27,2.52,,thermal
therm_sat_0_0,63810.0,66.604,95.133,707.0,1.96,2.17,,thermal
therm_sat_0_0,64150.0,56.105,130.976,731.5,2.18,2.43,,thermal
vis_sat_0_0,66230.0,54.746,17.53,667.5,2.16,2.38,,visual
sar_sat_0_0,66230.0,54.746,17.53,667.5,2.16,2.38,,sar
vis_sat_0_0,66290.0,57.201,22.107,671.1,-0.74,0.81,,visual
sar_sat_0_0,66290.0,57.201,22.107,671.1,-0.74,0.81,,sar
sar_sat_0_0,66380.0,60.675,29.995,677.6,-1.39,1.54,,sar
sar_sat_0_0,66380.0,60.771,29.42,677.6,1.44,1.6,,sar
sar_sat_0_0,66380.0,60.588,29.326,678.0,-2.37,2.63,,sar
sar_sat_0_0,66380.0,60.791,30.149,677.8,-1.98,2.19,,sar
vis_sat_0_0,66380.0,60.675,29.995,677.6,-1.39,1.54,,visual
vis_sat_0_0,66380.0,60.771,29.42,677.6,1.44,1.6,,visual
vis_sat_0_0,66380.0,60.588,29.326,678.0,-2.37,2.63,,visual
vis_sat_0_0,66380.0,60.791,30.149,677.8,-1.98,2.19,,visual
sar_sat_0_0,66410.0,61.573,32.628,680.1,-2.26,2.5,,sar
sar_sat_0_0,66410.0,61.813,33.03,679.8,-1.44,1.59,,sar
sar_sat_0_0,66410.0,61.852,33.194,680.1,-2.2,2.43,,sar
vis_sat_0_0,66410.0,61.573,32.628,680.1,-2.26,2.5,,visual
vis_sat_0_0,66410.0,61.813,33.03,679.8,-1.44,1.59,,visual
vis_sat_0_0,66410.0,61.852,33.194,680.1,-2.2,2.43,,visual
vis_sat_0_0,66420.0,62.336,33.889,680.7,1.86,2.06,,visual
vis_sat_0_0,66420.0,62.212,34.277,680.9,-2.4,2.66,,visual
sar_sat_0_0,66420.0,62.336,33.889,680.7,1.86,2.06,,sar
sar_sat_0_0,66420.0,62.212,34.277,680.9,-2.4,2.66,,sar
vis_sat_0_0,66440.0,62.842,35.429,682.2,2.03,2.24,,visual
sar_sat_0_0,66440.0,62.842,35.429,682.2,2.03,2.24,,sar
vis_sat_0_0,66460.0,63.172,38.051,683.8,-2.3,2.55,,visual
sar_sat_0_0,66460.0,63.172,38.051,683.8,-2.3,2.55,,sar
vis_sat_0_0,66660.0,65.928,65.298,708.3,-9.26,10.28,,visual
vis_sat_0_0,66660.0,65.75,65.983,712.7,-11.05,12.28,,visual
sar_sat_0_0,67080.0,57.193,116.436,729.2,2.14,2.39,,sar
vis_sat_0_0,67080.0,57.193,116.436,729.2,2.14,2.39,,visual
therm_sat_0_0,69240.0,56.372,8.124,670.6,-2.14,2.36,,thermal
therm_sat_0_0,69310.0,59.378,14.475,675.4,-2.02,2.23,,thermal
therm_sat_0_0,69330.0,59.984,15.813,676.9,-2.06,2.28,,thermal
therm_sat_0_0,69340.0,60.409,17.201,677.7,-2.39,2.64,,thermal
therm_sat_0_0,69340.0,60.613,16.888,677.1,0.51,0.57,,thermal
therm_sat_0_0,69420.0,63.385,25.542,683.3,1.99,2.2,,thermal
therm_sat_0_0,69430.0,63.643,25.954,683.9,1.51,1.67,,thermal
therm_sat_0_0,69440.0,63.829,27.915,684.8,-1.91,2.11,,thermal
therm_sat_0_0,69450.0,64.086,28.641,685.1,-0.48,0.53,,thermal
therm_sat_0_0,69450.0,64.154,28.304,685.3,1.43,1.58,,thermal
therm_sat_0_0,69450.0,64.1,28.987,685.3,-1.4,1.55,,thermal
therm_sat_0_0,69460.0,64.29,29.544,686.1,-1.7,1.88,,thermal
therm_sat_0_0,69460.0,64.207,29.569,686.4,-2.2,2.44,,thermal
therm_sat_0_0,69460.0,64.365,30.148,686.0,-1.15,1.27,,thermal
therm_sat_0_0,69480.0,64.862,31.96,687.6,1.73,1.92,,thermal
therm_sat_0_0,69490.0,65.038,33.663,688.1,-0.87,0.96,,thermal
therm_sat_0_0,70030.0,57.977,102.669,727.8,1.12,1.25,,thermal
therm_sat_0_0,70280.0,46.44,117.827,744.2,2.1,2.35,,thermal
therm_sat_0_0,70400.0,40.581,122.19,750.6,-1.5,1.68,,thermal
sar_sat_0_0,70540.0,-34.298,-53.89,643.2,0.43,0.47,52.41,sar
vis_sat_0_0,70540.0,-34.298,-53.89,643.2,0.43,0.47,52.41,visual
sar_sat_0_0,70550.0,-33.962,-53.688,643.1,-1.82,2.0,52.64,sar
vis_sat_0_0,70550.0,-33.962,-53.688,643.1,-1.82,2.0,52.64,visual
sar_sat_0_0,70580.0,-32.149,-52.628,641.4,-0.58,0.64,53.8,sar
vis_sat_0_0,70580.0,-32.149,-52.628,641.4,-0.58,0.64,53.8,visual
sar_sat_0_0,72130.0,53.311,-9.076,665.3,1.31,1.45,,sar
vis_sat_0_0,72130.0,53.311,-9.076,665.3,1.31,1.45,,visual
vis_sat_0_0,72370.0,62.681,11.466,682.5,-2.34,2.59,,visual
sar_sat_0_0,72370.0,62.681,11.466,682.5,-2.34,2.59,,sar
vis_sat_0_0,72380.0,62.997,11.832,682.9,-1.81,2.01,,visual
sar_sat_0_0,72380.0,62.997,11.832,682.9,-1.81,2.01,,sar
vis_sat_0_0,72390.0,63.191,13.622,684.2,-2.73,3.03,,visual
vis_sat_0_0,72390.0,63.405,13.368,683.3,-0.51,0.57,,visual
sar_sat_0_0,72390.0,63.405,13.368,683.3,-0.51,0.57,,sar
sar_sat_0_0,72400.0,63.795,14.649,684.2,1.09,1.21,,sar
sar_sat_0_0,72400.0,63.548,14.284,684.4,-1.79,1.99,,sar
vis_sat_0_0,72400.0,63.795,14.649,684.2,1.09,1.21,,visual
vis_sat_0_0,72410.0,63.838,15.597,685.1,-1.61,1.78,,visual
sar_sat_0_0,72410.0,64.161,15.998,685.3,2.09,2.31,,sar
sar_sat_0_0,72410.0,63.838,15.597,685.1,-1.61,1.78,,sar
sar_sat_0_0,72410.0,64.138,15.905,685.1,1.67,1.85,,sar
sar_sat_0_0,72500.0,65.977,27.165,691.5,-0.79,0.87,,sar
vis_sat_0_0,72500.0,65.977,27.165,691.5,-0.79,0.87,,visual
vis_sat_0_0,72510.0,66.256,28.098,692.9,2.5,2.77,,visual
vis_sat_0_0,72510.0,66.346,28.055,693.2,2.96,3.29,,visual
vis_sat_0_0,72510.0,66.284,29.003,692.4,1.32,1.47,,visual
sar_sat_0_0,72510.0,66.284,29.003,692.4,1.32,1.47,,sar
sar_sat_0_0,72520.0,66.074,30.17,693.6,-2.36,2.62,,sar
vis_sat_0_0,72520.0,66.074,30.17,693.6,-2.36,2.62,,visual
vis_sat_0_0,72520.0,65.874,29.94,695.1,-4.28,4.75,,visual
sar_sat_0_0,72530.0,66.447,31.693,693.7,-0.33,0.37,,sar
sar_sat_0_0,72530.0,66.326,32.016,694.1,-1.95,2.16,,sar
sar_sat_0_0,72530.0,66.645,31.347,694.1,1.93,2.14,,sar
vis_sat_0_0,72530.0,66.447,31.693,693.7,-0.33,0.37,,visual
vis_sat_0_0,72530.0,66.645,31.347,694.1,1.93,2.14,,visual
sar_sat_0_0,72550.0,66.884,34.874,695.7,2.19,2.43,,sar
vis_sat_0_0,72550.0,66.884,34.874,695.7,2.19,2.43,,visual
vis_sat_0_0,72550.0,66.932,34.202,695.9,2.56,2.84,,visual
vis_sat_0_0,72570.0,66.758,36.865,697.4,-2.46,2.72,,visual
vis_sat_0_0,72570.0,66.418,38.203,699.3,-4.68,5.2,,visual
sar_sat_0_0,72570.0,66.758,36.865,697.4,-2.46,2.72,,sar
sar_sat_0_0,72760.0,65.47,65.69,711.2,1.63,1.81,,sar
vis_sat_0_0,72760.0,65.47,65.69,711.2,1.63,1.81,,visual
vis_sat_0_0,72760.0,65.655,64.624,711.9,2.95,3.28,,visual
vis_sat_0_0,72760.0,65.75,65.983,712.6,3.78,4.2,,visual
therm_sat_0_0,73340.0,-43.178,-72.432,651.7,1.46,1.61,47.32,thermal
therm_sat_0_0,73350.0,-42.731,-71.754,651.1,-1.54,1.7,47.78,thermal
therm_sat_0_0,73360.0,-42.106,-71.722,650.8,2.04,2.25,47.76,thermal
therm_sat_0_0,73400.0,-40.191,-69.989,648.8,-2.34,2.58,49.03,thermal
therm_sat_0_0,73430.0,-38.579,-68.689,647.4,-2.47,2.72,50.07,thermal
vis_sat_0_0,73510.0,32.962,114.28,757.8,-2.03,2.28,,visual
sar_sat_0_0,73510.0,32.962,114.28,757.8,-2.03,2.28,,sar
vis_sat_0_0,73570.0,30.014,116.26,760.9,2.94,3.29,,visual
vis_sat_0_0,73570.0,29.752,116.221,759.9,0.73,0.81,,visual
sar_sat_0_0,73570.0,29.752,116.221,759.9,0.73,0.81,,sar
therm_sat_0_0,73810.0,-17.151,-58.403,633.1,2.2,2.41,63.84,thermal
sar_sat_0_0,73870.0,13.376,123.349,769.1,2.1,2.35,,sar
sar_sat_0_0,73870.0,13.459,123.274,768.8,1.39,1.55,,sar
vis_sat_0_0,73870.0,13.376,123.349,769.1,2.1,2.35,,visual
vis_sat_0_0,73870.0,13.459,123.274,768.8,1.39,1.55,,visual
vis_sat_0_0,74600.0,-26.302,137.781,761.6,-1.69,1.89,81.92,visual
vis_sat_0_0,74600.0,-26.06,137.969,762.1,2.47,2.77,81.86,visual
sar_sat_0_0,74600.0,-26.302,137.781,761.6,-1.69,1.89,81.92,sar
sar_sat_0_0,74600.0,-26.06,137.969,762.1,2.47,2.77,81.86,sar
sar_sat_0_0,74600.0,-26.456,137.76,761.8,-1.98,2.21,81.88,sar
sar_sat_0_0,74650.0,-28.945,139.101,759.6,-1.48,1.65,79.71,sar
vis_sat_0_0,74650.0,-28.945,139.101,759.6,-1.48,1.65,79.71,visual
sar_sat_0_0,74730.0,-33.164,141.731,756.4,1.97,2.2,75.9,sar
vis_sat_0_0,74730.0,-33.164,141.731,756.4,1.97,2.2,75.9,visual
vis_sat_0_0,74900.0,-42.03,146.92,747.7,-1.72,1.92,69.01,visual
vis_sat_0_0,74900.0,-42.142,147.172,747.3,-0.21,0.23,68.81,visual
sar_sat_0_0,74900.0,-42.03,146.92,747.7,-1.72,1.92,69.01,sar
sar_sat_0_0,74900.0,-42.142,147.172,747.3,-0.21,0.23,68.81,sar
therm_sat_0_0,75460.0,66.178,14.505,691.8,2.41,2.67,,thermal
therm_sat_0_0,75460.0,65.857,13.794,691.5,-1.78,1.98,,thermal
therm_sat_0_0,75480.0,66.437,16.805,693.0,1.79,1.99,,thermal
therm_sat_0_0,75480.0,66.416,17.307,693.0,1.73,1.91,,thermal
therm_sat_0_0,75500.0,66.661,19.402,694.7,2.22,2.46,,thermal
therm_sat_0_0,75530.0,66.629,24.495,696.7,-1.82,2.02,,thermal
therm_sat_0_0,75570.0,66.824,30.764,699.9,-2.15,2.38,,thermal
therm_sat_0_0,75590.0,67.08,33.19,701.0,1.03,1.14,,thermal
therm_sat_0_0,75600.0,66.932,34.202,702.3,-2.43,2.7,,thermal
therm_sat_0_0,75600.0,66.884,34.874,701.7,-0.76,0.84,,thermal
therm_sat_0_0,75610.0,66.758,36.865,703.0,-2.31,2.57,,thermal
therm_sat_0_0,75690.0,66.006,47.969,708.4,-0.81,0.9,,thermal
therm_sat_0_0,75830.0,62.698,65.331,718.7,-0.62,0.69,,thermal
therm_sat_0_0,75840.0,62.155,66.474,719.7,-1.71,1.91,,thermal
therm_sat_0_0,75840.0,62.402,66.198,719.6,-1.47,1.63,,thermal
therm_sat_0_0,76030.0,54.843,83.001,733.0,1.93,2.16,,thermal
therm_sat_0_0,76100.0,51.788,87.253,737.3,1.55,1.73,,thermal
therm_sat_0_0,77490.0,-22.485,123.794,764.1,-1.35,1.51,85.02,thermal
therm_sat_0_0,77490.0,-22.602,123.698,764.5,-2.27,2.54,85.05,thermal
sar_sat_0_0,78510.0,66.772,14.141,697.7,-1.29,1.44,,sar
vis_sat_0_0,78510.0,66.772,14.141,697.7,-1.29,1.44,,visual
sar_sat_0_0,78520.0,66.996,15.958,698.4,1.12,1.24,,sar
vis_sat_0_0,78520.0,66.996,15.958,698.4,1.12,1.24,,visual
vis_sat_0_0,78530.0,66.906,16.842,699.3,-1.38,1.53,,visual
sar_sat_0_0,78530.0,66.906,16.842,699.3,-1.38,1.53,,sar
vis_sat_0_0,78540.0,66.978,18.569,699.8,-0.44,0.49,,visual
sar_sat_0_0,78540.0,66.978,18.569,699.8,-0.44,0.49,,sar
vis_sat_0_0,78550.0,66.958,19.807,700.8,-1.41,1.57,,visual
sar_sat_0_0,78550.0,66.958,19.807,700.8,-1.41,1.57,,sar
vis_sat_0_0,78620.0,66.645,31.347,706.6,2.69,2.99,,visual
vis_sat_0_0,78620.0,66.824,30.764,706.5,2.39,2.66,,visual
sar_sat_0_0,78620.0,66.824,30.764,706.5,2.39,2.66,,sar
vis_sat_0_0,78630.0,66.447,31.693,706.8,-1.37,1.52,,visual
vis_sat_0_0,78630.0,66.782,32.328,707.7,3.17,3.53,,visual
vis_sat_0_0,78630.0,66.326,32.016,706.7,-1.09,1.21,,visual
vis_sat_0_0,78630.0,66.645,31.347,707.7,3.17,3.52,,visual
sar_sat_0_0,78630.0,66.447,31.693,706.8,-1.37,1.52,,sar
sar_sat_0_0,78630.0,66.326,32.016,706.7,-1.09,1.21,,sar
sar_sat_0_0,78640.0,66.2,33.408,707.4,-1.06,1.18,,sar
vis_sat_0_0,78640.0,66.2,33.408,707.4,-1.06,1.18,,visual
vis_sat_0_0,78990.0,55.31,70.052,732.6,1.86,2.07,,visual
sar_sat_0_0,78990.0,55.31,70.052,732.6,1.86,2.07,,sar
vis_sat_0_0,79010.0,53.752,70.935,736.0,-4.43,4.94,,visual
vis_sat_0_0,79010.0,54.035,71.327,734.0,-1.97,2.2,,visual
vis_sat_0_0,79010.0,53.86,70.631,735.9,-4.33,4.83,,visual
sar_sat_0_0,79010.0,54.035,71.327,734.0,-1.97,2.2,,sar
sar_sat_0_0,79020.0,53.885,72.135,734.6,1.83,2.04,,sar
vis_sat_0_0,79020.0,53.885,72.135,734.6,1.83,2.04,,visual
vis_sat_0_0,79040.0,53.01,73.16,735.7,1.23,1.37,,visual
vis_sat_0_0,79040.0,53.315,73.34,737.5,4.02,4.48,,visual
sar_sat_0_0,79040.0,53.01,73.16,735.7,1.23,1.37,,sar
vis_sat_0_0,79050.0,52.481,74.031,736.7,2.1,2.35,,visual
sar_sat_0_0,79050.0,52.481,74.031,736.7,2.1,2.35,,sar
sar_sat_0_0,79390.0,35.41,88.381,755.6,1.92,2.15,,sar
vis_sat_0_0,79390.0,35.41,88.381,755.6,1.92,2.15,,visual
vis_sat_0_0,79410.0,34.71,89.023,757.5,3.38,3.78,,visual
vis_sat_0_0,79410.0,34.645,88.83,756.7,2.23,2.49,,visual
vis_sat_0_0,79410.0,34.548,88.998,756.8,2.33,2.61,,visual
sar_sat_0_0,79410.0,34.645,88.83,756.7,2.23,2.49,,sar
sar_sat_0_0,79410.0,34.548,88.998,756.8,2.33,2.61,,sar
vis_sat_0_0,79440.0,32.998,89.81,758.0,2.14,2.39,,visual
sar_sat_0_0,79440.0,32.71,89.585,757.5,-0.89,1.0,,sar
sar_sat_0_0,79440.0,32.998,89.81,758.0,2.14,2.39,,sar
vis_sat_0_0,79450.0,32.448,90.01,758.2,1.62,1.82,,visual
sar_sat_0_0,79450.0,32.448,90.01,758.2,1.62,1.82,,sar
sar_sat_0_0,79460.0,31.777,90.402,758.6,1.68,1.88,,sar
vis_sat_0_0,79460.0,31.777,90.402,758.6,1.68,1.88,,visual
vis_sat_0_0,79460.0,31.71,90.744,760.4,4.13,4.62,,visual
vis_sat_0_0,79470.0,31.544,90.819,760.5,3.78,4.23,,visual
vis_sat_0_0,79470.0,31.269,91.036,761.0,4.24,4.74,,visual
vis_sat_0_0,79470.0,31.269,90.59,758.8,1.09,1.22,,visual
sar_sat_0_0,79470.0,31.01,90.485,759.1,-1.83,2.04,,sar
sar_sat_0_0,79470.0,31.269,90.59,758.8,1.09,1.22,,sar
vis_sat_0_0,79480.0,30.715,90.656,759.1,-0.51,0.58,,visual
sar_sat_0_0,79480.0,30.715,90.656,759.1,-0.51,0.58,,sar
sar_sat_0_0,79520.0,28.742,91.67,761.0,-1.76,1.97,,sar
vis_sat_0_0,79520.0,28.742,91.67,761.0,-1.76,1.97,,visual
vis_sat_0_0,79600.0,24.507,93.819,764.0,2.03,2.27,,visual
sar_sat_0_0,79600.0,24.507,93.819,764.0,2.03,2.27,,sar
sar_sat_0_0,79600.0,24.507,93.819,764.0,2.03,2.27,,sar
vis_sat_0_0,79600.0,24.507,93.819,764.0,2.03,2.27,,visual
vis_sat_0_0,79910.0,7.263,100.422,770.3,1.35,1.52,,visual
sar_sat_0_0,79910.0,7.263,100.422,770.3,1.35,1.52,,sar
sar_sat_0_0,79930.0,6.24,100.769,770.3,0.68,0.76,,sar
vis_sat_0_0,79930.0,6.24,100.769,770.3,0.68,0.76,,visual
sar_sat_0_0,79950.0,5.407,101.303,771.0,2.19,2.46,,sar
vis_sat_0_0,79950.0,5.407,101.303,771.0,2.19,2.46,,visual
therm_sat_0_0,80200.0,9.052,-73.901,630.7,2.11,2.32,83.91,thermal
therm_sat_0_0,81310.0,64.133,-21.03,685.3,-0.46,0.51,,thermal
therm_sat_0_0,81350.0,64.947,-15.793,688.8,-2.24,2.48,,thermal
therm_sat_0_0,81360.0,65.28,-14.423,689.3,-1.49,1.65,,thermal
therm_sat_0_0,81560.0,66.772,14.141,704.2,-1.39,1.54,,thermal
therm_sat_0_0,81580.0,66.416,17.307,705.9,-1.9,2.11,,thermal
therm_sat_0_0,81580.0,66.571,17.732,705.6,-1.02,1.14,,thermal
therm_sat_0_0,81660.0,65.556,28.919,712.1,2.33,2.59,,thermal
therm_sat_0_0,81680.0,65.093,31.064,713.4,2.01,2.24,,thermal
therm_sat_0_0,81690.0,64.456,32.056,714.2,-2.23,2.48,,thermal
therm_sat_0_0,81700.0,64.398,34.048,714.6,1.36,1.51,,thermal
therm_sat_0_0,81700.0,64.35,33.292,714.7,-1.59,1.77,,thermal
therm_sat_0_0,81710.0,64.025,35.167,715.3,-1.3,1.44,,thermal
therm_sat_0_0,81710.0,64.207,34.33,715.8,-2.38,2.65,,thermal
therm_sat_0_0,81720.0,63.776,35.478,716.6,-2.49,2.76,,thermal
therm_sat_0_0,81740.0,63.172,38.051,717.6,-1.58,1.75,,thermal
therm_sat_0_0,81910.0,56.794,54.086,729.9,-2.25,2.51,,thermal
therm_sat_0_0,82060.0,50.332,64.135,739.7,2.38,2.65,,thermal
therm_sat_0_0,82070.0,49.883,63.829,740.3,-2.3,2.57,,thermal
therm_sat_0_0,82210.0,43.122,70.72,748.3,1.96,2.19,,thermal
therm_sat_0_0,82290.0,39.035,73.36,752.6,2.12,2.37,,thermal
therm_sat_0_0,82470.0,29.521,78.76,760.6,-1.93,2.16,,thermal
therm_sat_0_0,82570.0,24.19,81.288,764.2,-2.07,2.32,,thermal
sar_sat_0_0,83280.0,15.503,-84.133,632.7,1.95,2.15,88.89,sar
sar_sat_0_0,83280.0,15.339,-84.017,632.4,0.71,0.78,88.93,sar
vis_sat_0_0,83280.0,15.503,-84.133,632.7,1.95,2.15,88.89,visual
vis_sat_0_0,83280.0,15.618,-84.146,633.2,2.86,3.14,88.93,visual
vis_sat_0_0,83280.0,15.339,-84.017,632.4,0.71,0.78,88.93,visual
vis_sat_0_0,83810.0,44.589,-68.442,654.6,1.95,2.16,,visual
sar_sat_0_0,83810.0,44.589,-68.442,654.6,1.95,2.16,,sar
sar_sat_0_0,83830.0,45.277,-67.481,655.6,-1.45,1.6,,sar
sar_sat_0_0,83830.0,45.57,-67.426,655.6,1.44,1.59,,sar
vis_sat_0_0,83830.0,45.66,-67.735,656.3,2.89,3.19,,visual
vis_sat_0_0,83830.0,45.57,-67.426,655.6,1.44,1.59,,visual
vis_sat_0_0,83840.0,45.948,-66.873,656.1,-1.03,1.13,,visual
vis_sat_0_0,83840.0,45.6,-66.945,657.2,-3.3,3.64,,visual
sar_sat_0_0,83840.0,45.948,-66.873,656.1,-1.03,1.13,,sar
vis_sat_0_0,83970.0,52.474,-60.565,664.7,2.4,2.64,,visual
sar_sat_0_0,83970.0,52.474,-60.565,664.7,2.4,2.64,,sar
sar_sat_0_0,84620.0,65.512,15.627,711.2,0.87,0.96,,sar
sar_sat_0_0,84620.0,65.471,15.85,711.3,1.26,1.4,,sar
vis_sat_0_0,84620.0,65.512,15.627,711.2,0.87,0.96,,visual
vis_sat_0_0,84620.0,65.471,15.85,711.3,1.26,1.4,,visual
vis_sat_0_0,84620.0,65.512,15.627,711.2,0.87,0.96,,visual
vis_sat_0_0,84620.0,65.471,15.85,711.3,1.26,1.4,,visual
vis_sat_0_0,84630.0,65.112,17.03,712.0,-1.12,1.24,,visual
vis_sat_0_0,84630.0,64.87,16.742,713.0,-3.07,3.41,,visual
sar_sat_0_0,84620.0,65.512,15.627,711.2,0.87,0.96,,sar
sar_sat_0_0,84620.0,65.471,15.85,711.3,1.26,1.4,,sar
sar_sat_0_0,84630.0,65.319,17.315,712.3,2.01,2.23,,sar
sar_sat_0_0,84630.0,65.112,17.03,712.0,-1.12,1.24,,sar
sar_sat_0_0,84700.0,63.385,25.542,717.0,0.63,0.7,,sar
vis_sat_0_0,84700.0,63.043,25.524,718.2,-3.22,3.58,,visual
vis_sat_0_0,84700.0,63.385,25.542,717.0,0.63,0.7,,visual
sar_sat_0_0,84710.0,62.978,26.685,717.9,-1.29,1.44,,sar
sar_sat_0_0,84710.0,63.174,25.995,718.3,-2.17,2.42,,sar
vis_sat_0_0,84710.0,62.758,26.549,718.8,-3.04,3.38,,visual
vis_sat_0_0,84710.0,62.978,26.685,717.9,-1.29,1.44,,visual
vis_sat_0_0,84710.0,63.174,25.995,718.3,-2.17,2.42,,visual
vis_sat_0_0,84730.0,62.305,27.912,720.6,-3.5,3.89,,visual
vis_sat_0_0,84730.0,62.539,28.798,719.2,0.75,0.84,,visual
sar_sat_0_0,84730.0,62.539,28.798,719.2,0.75,0.84,,sar
sar_sat_0_0,84740.0,62.401,29.924,720.6,2.39,2.66,,sar
sar_sat_0_0,84740.0,62.021,29.9,720.1,-1.3,1.45,,sar
vis_sat_0_0,84740.0,62.021,29.9,720.1,-1.3,1.45,,visual
vis_sat_0_0,84750.0,61.895,30.954,720.7,1.1,1.22,,visual
sar_sat_0_0,84750.0,61.895,30.954,720.7,1.1,1.22,,sar
sar_sat_0_0,84780.0,60.92,34.161,723.4,2.44,2.72,,sar
vis_sat_0_0,84780.0,60.92,34.161,723.4,2.44,2.72,,visual
vis_sat_0_0,85120.0,46.135,56.119,747.2,4.41,4.93,,visual
vis_sat_0_0,85120.0,45.91,56.523,747.5,4.64,5.19,,visual
vis_sat_0_0,85120.0,45.94,55.756,745.5,2.44,2.73,,visual
vis_sat_0_0,85120.0,45.885,56.21,745.9,2.97,3.32,,visual
sar_sat_0_0,85120.0,45.94,55.756,745.5,2.44,2.73,,sar
sar_sat_0_0,85120.0,45.54,55.74,744.9,-1.16,1.29,,sar
sar_sat_0_0,85300.0,36.446,62.636,754.3,0.66,0.73,,sar
vis_sat_0_0,85300.0,36.446,62.636,754.3,0.66,0.73,,visual
vis_sat_0_0,85380.0,32.321,65.12,758.1,1.37,1.53,,visual
sar_sat_0_0,85380.0,32.321,65.12,758.1,1.37,1.53,,sar
sar_sat_0_0,85490.0,26.414,67.696,762.4,-1.31,1.46,,sar
vis_sat_0_0,85490.0,26.414,67.696,762.4,-1.31,1.46,,visual
sar_sat_0_0,85530.0,24.073,68.945,763.8,1.53,1.71,,sar
sar_sat_0_0,85530.0,24.121,68.755,763.7,-1.09,1.22,,sar
sar_sat_0_0,85530.0,24.269,68.694,763.7,-1.15,1.29,,sar
sar_sat_0_0,85530.0,24.1,68.8,763.7,-1.1,1.23,,sar
vis_sat_0_0,85530.0,24.121,68.755,763.7,-1.09,1.22,,visual
vis_sat_0_0,85530.0,24.269,68.694,763.7,-1.15,1.29,,visual
vis_sat_0_0,85530.0,24.1,68.8,763.7,-1.1,1.23,,visual
therm_sat_0_0,86300.0,18.414,-95.118,633.9,-1.42,1.56,,thermal
