{
    "epoch": {
        "@type": "GREGORIAN_UT1",
        "year": 2020,
        "month": 1,
        "day": 1,
        "hour": 0,
        "minute": 0,
        "second": 0
    },
    "duration": 1,
    "propagator": {
        "@type": "J2 ANALYTICAL PROPAGATOR",
        "stepSize": 10
    },
    "spacecraft": [
        {
            "@id": "imaging_sat_0_0",
            "name": "img_0",
            "spacecraftBus": {
                "name": "BlueCanyon",
                "mass": 20,
                "volume": 0.5,
                "orientation": {
                    "referenceFrame": "NADIR_POINTING",
                    "convention": "REF_FRAME_ALIGNED"
                },
                "components": {
                    "cmdh": {
                        "power": 2,
                        "memorySize": 100
                    },
                    "comms": {
                        "transmitter": {
                            "power": 3,
                            "maxDataRate": 1,
                            "bufferSize": 10,
                            "numChannels": 1
                        },
                        "receiver": {
                            "power": 3,
                            "maxDataRate": 1,
                            "bufferSize": 10
                        }
                    },
                    "eps": {
                        "powerGenerator": {
                            "@type": "Solar Panel",
                            "maxPowerGeneration": 10
                        },
                        "powerStorage": {
                            "@type": "Battery",
                            "maxPowerGeneration": 10,
                            "energyStorageCapacity": 0.01,
                            "depthOfDischarge": 0.99,
                            "initialCharge": 1
                        }
                    }
                }
            },
            "instrument": {
                "name": "visible",
                "mass": 10,
                "volume": 12.45,
                "dataRate": 40,
                "bitsPerPixel": 8,
                "power": 12,
                "snr": 33,
                "spatial_res": 50,
                "spectral_res": 7e-09,
                "orientation": {
                    "referenceFrame": "SC_BODY_FIXED",
                    "convention": "REF_FRAME_ALIGNED"
                },
                "fieldOfViewGeometry": {
                    "shape": "RECTANGULAR",
                    "angleHeight": 15,
                    "angleWidth": 60
                },
                "@id": "bs1",
                "@type": "Basic Sensor"
            },
            "orbitState": {
                "date": {
                    "@type": "GREGORIAN_UT1",
                    "year": 2020,
                    "month": 1,
                    "day": 1,
                    "hour": 0,
                    "minute": 0,
                    "second": 0
                },
                "state": {
                    "@type": "KEPLERIAN_EARTH_CENTERED_INERTIAL",
                    "sma": 7078,
                    "ecc": 0.01,
                    "inc": 67,
                    "raan": 0.0,
                    "aop": 0.0,
                    "ta": 0.0
                }
            },
            "planner" : {  
                "replanner" : {
                    "@type" : "ACBBA",
                    "bundle size" : 1
                },
                "utility" : "LINEAR"
            },
            "science" : "True",
            "notifier": "False",
            "missionProfile": "3D-CHESS",
            "preplan": "False"
        },
        {
            "@id": "imaging_sat_0_1",
            "name": "img_1",
            "spacecraftBus": {
                "name": "BlueCanyon",
                "mass": 20,
                "volume": 0.5,
                "orientation": {
                    "referenceFrame": "NADIR_POINTING",
                    "convention": "REF_FRAME_ALIGNED"
                },
                "components": {
                    "cmdh": {
                        "power": 2,
                        "memorySize": 100
                    },
                    "comms": {
                        "transmitter": {
                            "power": 3,
                            "maxDataRate": 1,
                            "bufferSize": 10,
                            "numChannels": 1
                        },
                        "receiver": {
                            "power": 3,
                            "maxDataRate": 1,
                            "bufferSize": 10
                        }
                    },
                    "eps": {
                        "powerGenerator": {
                            "@type": "Solar Panel",
                            "maxPowerGeneration": 10
                        },
                        "powerStorage": {
                            "@type": "Battery",
                            "maxPowerGeneration": 10,
                            "energyStorageCapacity": 0.01,
                            "depthOfDischarge": 0.99,
                            "initialCharge": 1
                        }
                    }
                }
            },
            "instrument": {
                "name": "visible",
                "mass": 10,
                "volume": 12.45,
                "dataRate": 40,
                "bitsPerPixel": 8,
                "power": 12,
                "snr": 33,
                "spatial_res": 50,
                "spectral_res": 7e-09,
                "orientation": {
                    "referenceFrame": "SC_BODY_FIXED",
                    "convention": "REF_FRAME_ALIGNED"
                },
                "fieldOfViewGeometry": {
                    "shape": "RECTANGULAR",
                    "angleHeight": 15,
                    "angleWidth": 60
                },
                "@id": "bs1",
                "@type": "Basic Sensor"
            },
            "orbitState": {
                "date": {
                    "@type": "GREGORIAN_UT1",
                    "year": 2020,
                    "month": 1,
                    "day": 1,
                    "hour": 0,
                    "minute": 0,
                    "second": 0
                },
                "state": {
                    "@type": "KEPLERIAN_EARTH_CENTERED_INERTIAL",
                    "sma": 7078,
                    "ecc": 0.01,
                    "inc": 67,
                    "raan": 0.0,
                    "aop": 0.0,
                    "ta": 120.0
                }
            },
            "planner" : {  
                "replanner" : {
                    "@type" : "ACBBA",
                    "bundle size" : 1
                },
                "utility" : "LINEAR"
            },
            "science" : "True",
            "notifier": "False",
            "missionProfile": "3D-CHESS",
            "preplan": "False"
        },
        {
            "@id": "imaging_sat_0_2",
            "name": "img_2",
            "spacecraftBus": {
                "name": "BlueCanyon",
                "mass": 20,
                "volume": 0.5,
                "orientation": {
                    "referenceFrame": "NADIR_POINTING",
                    "convention": "REF_FRAME_ALIGNED"
                },
                "components": {
                    "cmdh": {
                        "power": 2,
                        "memorySize": 100
                    },
                    "comms": {
                        "transmitter": {
                            "power": 3,
                            "maxDataRate": 1,
                            "bufferSize": 10,
                            "numChannels": 1
                        },
                        "receiver": {
                            "power": 3,
                            "maxDataRate": 1,
                            "bufferSize": 10
                        }
                    },
                    "eps": {
                        "powerGenerator": {
                            "@type": "Solar Panel",
                            "maxPowerGeneration": 10
                        },
                        "powerStorage": {
                            "@type": "Battery",
                            "maxPowerGeneration": 10,
                            "energyStorageCapacity": 0.01,
                            "depthOfDischarge": 0.99,
                            "initialCharge": 1
                        }
                    }
                }
            },
            "instrument": {
                "name": "visible",
                "mass": 10,
                "volume": 12.45,
                "dataRate": 40,
                "bitsPerPixel": 8,
                "power": 12,
                "snr": 33,
                "spatial_res": 50,
                "spectral_res": 7e-09,
                "orientation": {
                    "referenceFrame": "SC_BODY_FIXED",
                    "convention": "REF_FRAME_ALIGNED"
                },
                "fieldOfViewGeometry": {
                    "shape": "RECTANGULAR",
                    "angleHeight": 15,
                    "angleWidth": 60
                },
                "@id": "bs1",
                "@type": "Basic Sensor"
            },
            "orbitState": {
                "date": {
                    "@type": "GREGORIAN_UT1",
                    "year": 2020,
                    "month": 1,
                    "day": 1,
                    "hour": 0,
                    "minute": 0,
                    "second": 0
                },
                "state": {
                    "@type": "KEPLERIAN_EARTH_CENTERED_INERTIAL",
                    "sma": 7078,
                    "ecc": 0.01,
                    "inc": 67,
                    "raan": 0.0,
                    "aop": 0.0,
                    "ta": 240.0
                }
            },
            "planner" : {  
                "replanner" : {
                    "@type" : "ACBBA",
                    "bundle size" : 1
                },
                "utility" : "LINEAR"
            },
            "science" : "True",
            "notifier": "False",
            "missionProfile": "3D-CHESS",
            "preplan": "False"
        },
        {
            "@id": "imaging_sat_1_0",
            "name": "sar_0",
            "spacecraftBus": {
                "name": "BlueCanyon",
                "mass": 20,
                "volume": 0.5,
                "orientation": {
                    "referenceFrame": "NADIR_POINTING",
                    "convention": "REF_FRAME_ALIGNED"
                },
                "components": {
                    "cmdh": {
                        "power": 2,
                        "memorySize": 100
                    },
                    "comms": {
                        "transmitter": {
                            "power": 3,
                            "maxDataRate": 1,
                            "bufferSize": 10,
                            "numChannels": 1
                        },
                        "receiver": {
                            "power": 3,
                            "maxDataRate": 1,
                            "bufferSize": 10
                        }
                    },
                    "eps": {
                        "powerGenerator": {
                            "@type": "Solar Panel",
                            "maxPowerGeneration": 10
                        },
                        "powerStorage": {
                            "@type": "Battery",
                            "maxPowerGeneration": 10,
                            "energyStorageCapacity": 0.01,
                            "depthOfDischarge": 0.99,
                            "initialCharge": 1
                        }
                    }
                }
            },
            "instrument": {
                "name": "sar",
                "mass": 10,
                "volume": 12.45,
                "dataRate": 40,
                "bitsPerPixel": 8,
                "power": 12,
                "snr": 33,
                "spatial_res": 50,
                "spectral_res": 7e-09,
                "orientation": {
                    "referenceFrame": "SC_BODY_FIXED",
                    "convention": "REF_FRAME_ALIGNED"
                },
                "fieldOfViewGeometry": {
                    "shape": "RECTANGULAR",
                    "angleHeight": 15,
                    "angleWidth": 60
                },
                "@id": "bs1",
                "@type": "Basic Sensor"
            },
            "orbitState": {
                "date": {
                    "@type": "GREGORIAN_UT1",
                    "year": 2020,
                    "month": 1,
                    "day": 1,
                    "hour": 0,
                    "minute": 0,
                    "second": 0
                },
                "state": {
                    "@type": "KEPLERIAN_EARTH_CENTERED_INERTIAL",
                    "sma": 7078,
                    "ecc": 0.01,
                    "inc": 67,
                    "raan": 120.0,
                    "aop": 0.0,
                    "ta": 40.0
                }
            },
            "planner" : {  
                "replanner" : {
                    "@type" : "ACBBA",
                    "bundle size" : 1
                },
                "utility" : "LINEAR"
            },
            "science" : "True",
            "notifier": "False",
            "missionProfile": "3D-CHESS",
            "preplan": "False"
        },
        {
            "@id": "imaging_sat_1_1",
            "name": "sar_1",
            "spacecraftBus": {
                "name": "BlueCanyon",
                "mass": 20,
                "volume": 0.5,
                "orientation": {
                    "referenceFrame": "NADIR_POINTING",
                    "convention": "REF_FRAME_ALIGNED"
                },
                "components": {
                    "cmdh": {
                        "power": 2,
                        "memorySize": 100
                    },
                    "comms": {
                        "transmitter": {
                            "power": 3,
                            "maxDataRate": 1,
                            "bufferSize": 10,
                            "numChannels": 1
                        },
                        "receiver": {
                            "power": 3,
                            "maxDataRate": 1,
                            "bufferSize": 10
                        }
                    },
                    "eps": {
                        "powerGenerator": {
                            "@type": "Solar Panel",
                            "maxPowerGeneration": 10
                        },
                        "powerStorage": {
                            "@type": "Battery",
                            "maxPowerGeneration": 10,
                            "energyStorageCapacity": 0.01,
                            "depthOfDischarge": 0.99,
                            "initialCharge": 1
                        }
                    }
                }
            },
            "instrument": {
                "name": "sar",
                "mass": 10,
                "volume": 12.45,
                "dataRate": 40,
                "bitsPerPixel": 8,
                "power": 12,
                "snr": 33,
                "spatial_res": 50,
                "spectral_res": 7e-09,
                "orientation": {
                    "referenceFrame": "SC_BODY_FIXED",
                    "convention": "REF_FRAME_ALIGNED"
                },
                "fieldOfViewGeometry": {
                    "shape": "RECTANGULAR",
                    "angleHeight": 15,
                    "angleWidth": 60
                },
                "@id": "bs1",
                "@type": "Basic Sensor"
            },
            "orbitState": {
                "date": {
                    "@type": "GREGORIAN_UT1",
                    "year": 2020,
                    "month": 1,
                    "day": 1,
                    "hour": 0,
                    "minute": 0,
                    "second": 0
                },
                "state": {
                    "@type": "KEPLERIAN_EARTH_CENTERED_INERTIAL",
                    "sma": 7078,
                    "ecc": 0.01,
                    "inc": 67,
                    "raan": 120.0,
                    "aop": 0.0,
                    "ta": 160.0
                }
            },
            "planner" : {  
                "replanner" : {
                    "@type" : "ACBBA",
                    "bundle size" : 1
                },
                "utility" : "LINEAR"
            },
            "science" : "True",
            "notifier": "False",
            "missionProfile": "3D-CHESS",
            "preplan": "False"
        },
        {
            "@id": "imaging_sat_1_2",
            "name": "sar_2",
            "spacecraftBus": {
                "name": "BlueCanyon",
                "mass": 20,
                "volume": 0.5,
                "orientation": {
                    "referenceFrame": "NADIR_POINTING",
                    "convention": "REF_FRAME_ALIGNED"
                },
                "components": {
                    "cmdh": {
                        "power": 2,
                        "memorySize": 100
                    },
                    "comms": {
                        "transmitter": {
                            "power": 3,
                            "maxDataRate": 1,
                            "bufferSize": 10,
                            "numChannels": 1
                        },
                        "receiver": {
                            "power": 3,
                            "maxDataRate": 1,
                            "bufferSize": 10
                        }
                    },
                    "eps": {
                        "powerGenerator": {
                            "@type": "Solar Panel",
                            "maxPowerGeneration": 10
                        },
                        "powerStorage": {
                            "@type": "Battery",
                            "maxPowerGeneration": 10,
                            "energyStorageCapacity": 0.01,
                            "depthOfDischarge": 0.99,
                            "initialCharge": 1
                        }
                    }
                }
            },
            "instrument": {
                "name": "sar",
                "mass": 10,
                "volume": 12.45,
                "dataRate": 40,
                "bitsPerPixel": 8,
                "power": 12,
                "snr": 33,
                "spatial_res": 50,
                "spectral_res": 7e-09,
                "orientation": {
                    "referenceFrame": "SC_BODY_FIXED",
                    "convention": "REF_FRAME_ALIGNED"
                },
                "fieldOfViewGeometry": {
                    "shape": "RECTANGULAR",
                    "angleHeight": 15,
                    "angleWidth": 60
                },
                "@id": "bs1",
                "@type": "Basic Sensor"
            },
            "orbitState": {
                "date": {
                    "@type": "GREGORIAN_UT1",
                    "year": 2020,
                    "month": 1,
                    "day": 1,
                    "hour": 0,
                    "minute": 0,
                    "second": 0
                },
                "state": {
                    "@type": "KEPLERIAN_EARTH_CENTERED_INERTIAL",
                    "sma": 7078,
                    "ecc": 0.01,
                    "inc": 67,
                    "raan": 120.0,
                    "aop": 0.0,
                    "ta": 280.0
                }
            },
            "planner" : {  
                "replanner" : {
                    "@type" : "ACBBA",
                    "bundle size" : 1
                },
                "utility" : "LINEAR"
            },
            "science" : "True",
            "notifier": "False",
            "missionProfile": "3D-CHESS",
            "preplan": "False"
        },
        {
            "@id": "imaging_sat_2_0",
            "name": "thm_0",
            "spacecraftBus": {
                "name": "BlueCanyon",
                "mass": 20,
                "volume": 0.5,
                "orientation": {
                    "referenceFrame": "NADIR_POINTING",
                    "convention": "REF_FRAME_ALIGNED"
                },
                "components": {
                    "cmdh": {
                        "power": 2,
                        "memorySize": 100
                    },
                    "comms": {
                        "transmitter": {
                            "power": 3,
                            "maxDataRate": 1,
                            "bufferSize": 10,
                            "numChannels": 1
                        },
                        "receiver": {
                            "power": 3,
                            "maxDataRate": 1,
                            "bufferSize": 10
                        }
                    },
                    "eps": {
                        "powerGenerator": {
                            "@type": "Solar Panel",
                            "maxPowerGeneration": 10
                        },
                        "powerStorage": {
                            "@type": "Battery",
                            "maxPowerGeneration": 10,
                            "energyStorageCapacity": 0.01,
                            "depthOfDischarge": 0.99,
                            "initialCharge": 1
                        }
                    }
                }
            },
            "instrument": {
                "name": "thermal",
                "mass": 10,
                "volume": 12.45,
                "dataRate": 40,
                "bitsPerPixel": 8,
                "power": 12,
                "snr": 33,
                "spatial_res": 50,
                "spectral_res": 7e-09,
                "orientation": {
                    "referenceFrame": "SC_BODY_FIXED",
                    "convention": "REF_FRAME_ALIGNED"
                },
                "fieldOfViewGeometry": {
                    "shape": "RECTANGULAR",
                    "angleHeight": 15,
                    "angleWidth": 60
                },
                "@id": "bs1",
                "@type": "Basic Sensor"
            },
            "orbitState": {
                "date": {
                    "@type": "GREGORIAN_UT1",
                    "year": 2020,
                    "month": 1,
                    "day": 1,
                    "hour": 0,
                    "minute": 0,
                    "second": 0
                },
                "state": {
                    "@type": "KEPLERIAN_EARTH_CENTERED_INERTIAL",
                    "sma": 7078,
                    "ecc": 0.01,
                    "inc": 67,
                    "raan": 240.0,
                    "aop": 0.0,
                    "ta": 80.0
                }
            },
            "planner" : {  
                "replanner" : {
                    "@type" : "ACBBA",
                    "bundle size" : 1
                },
                "utility" : "LINEAR"
            },
            "science" : "True",
            "notifier": "False",
            "missionProfile": "3D-CHESS",
            "preplan": "False"
        },
        {
            "@id": "imaging_sat_2_1",
            "name": "thm_1",
            "spacecraftBus": {
                "name": "BlueCanyon",
                "mass": 20,
                "volume": 0.5,
                "orientation": {
                    "referenceFrame": "NADIR_POINTING",
                    "convention": "REF_FRAME_ALIGNED"
                },
                "components": {
                    "cmdh": {
                        "power": 2,
                        "memorySize": 100
                    },
                    "comms": {
                        "transmitter": {
                            "power": 3,
                            "maxDataRate": 1,
                            "bufferSize": 10,
                            "numChannels": 1
                        },
                        "receiver": {
                            "power": 3,
                            "maxDataRate": 1,
                            "bufferSize": 10
                        }
                    },
                    "eps": {
                        "powerGenerator": {
                            "@type": "Solar Panel",
                            "maxPowerGeneration": 10
                        },
                        "powerStorage": {
                            "@type": "Battery",
                            "maxPowerGeneration": 10,
                            "energyStorageCapacity": 0.01,
                            "depthOfDischarge": 0.99,
                            "initialCharge": 1
                        }
                    }
                }
            },
            "instrument": {
                "name": "thermal",
                "mass": 10,
                "volume": 12.45,
                "dataRate": 40,
                "bitsPerPixel": 8,
                "power": 12,
                "snr": 33,
                "spatial_res": 50,
                "spectral_res": 7e-09,
                "orientation": {
                    "referenceFrame": "SC_BODY_FIXED",
                    "convention": "REF_FRAME_ALIGNED"
                },
                "fieldOfViewGeometry": {
                    "shape": "RECTANGULAR",
                    "angleHeight": 15,
                    "angleWidth": 60
                },
                "@id": "bs1",
                "@type": "Basic Sensor"
            },
            "orbitState": {
                "date": {
                    "@type": "GREGORIAN_UT1",
                    "year": 2020,
                    "month": 1,
                    "day": 1,
                    "hour": 0,
                    "minute": 0,
                    "second": 0
                },
                "state": {
                    "@type": "KEPLERIAN_EARTH_CENTERED_INERTIAL",
                    "sma": 7078,
                    "ecc": 0.01,
                    "inc": 67,
                    "raan": 240.0,
                    "aop": 0.0,
                    "ta": 200.0
                }
            },
            "planner" : {  
                "replanner" : {
                    "@type" : "ACBBA",
                    "bundle size" : 1
                },
                "utility" : "LINEAR"
            },
            "science" : "True",
            "notifier": "False",
            "missionProfile": "3D-CHESS",
            "preplan": "False"
        },
        {
            "@id": "imaging_sat_2_2",
            "name": "thm_2",
            "spacecraftBus": {
                "name": "BlueCanyon",
                "mass": 20,
                "volume": 0.5,
                "orientation": {
                    "referenceFrame": "NADIR_POINTING",
                    "convention": "REF_FRAME_ALIGNED"
                },
                "components": {
                    "cmdh": {
                        "power": 2,
                        "memorySize": 100
                    },
                    "comms": {
                        "transmitter": {
                            "power": 3,
                            "maxDataRate": 1,
                            "bufferSize": 10,
                            "numChannels": 1
                        },
                        "receiver": {
                            "power": 3,
                            "maxDataRate": 1,
                            "bufferSize": 10
                        }
                    },
                    "eps": {
                        "powerGenerator": {
                            "@type": "Solar Panel",
                            "maxPowerGeneration": 10
                        },
                        "powerStorage": {
                            "@type": "Battery",
                            "maxPowerGeneration": 10,
                            "energyStorageCapacity": 0.01,
                            "depthOfDischarge": 0.99,
                            "initialCharge": 1
                        }
                    }
                }
            },
            "instrument": {
                "name": "thermal",
                "mass": 10,
                "volume": 12.45,
                "dataRate": 40,
                "bitsPerPixel": 8,
                "power": 12,
                "snr": 33,
                "spatial_res": 50,
                "spectral_res": 7e-09,
                "orientation": {
                    "referenceFrame": "SC_BODY_FIXED",
                    "convention": "REF_FRAME_ALIGNED"
                },
                "fieldOfViewGeometry": {
                    "shape": "RECTANGULAR",
                    "angleHeight": 15,
                    "angleWidth": 60
                },
                "@id": "bs1",
                "@type": "Basic Sensor"
            },
            "orbitState": {
                "date": {
                    "@type": "GREGORIAN_UT1",
                    "year": 2020,
                    "month": 1,
                    "day": 1,
                    "hour": 0,
                    "minute": 0,
                    "second": 0
                },
                "state": {
                    "@type": "KEPLERIAN_EARTH_CENTERED_INERTIAL",
                    "sma": 7078,
                    "ecc": 0.01,
                    "inc": 67,
                    "raan": 240.0,
                    "aop": 0.0,
                    "ta": 320.0
                }
            },
            "planner" : {  
                "replanner" : {
                    "@type" : "ACBBA",
                    "bundle size" : 1
                },
                "utility" : "LINEAR"
            },
            "science" : "True",
            "notifier": "False",
            "missionProfile": "3D-CHESS",
            "preplan": "False"
        }
    ],
    "grid": [
        {
            "@type": "customGrid",
            "covGridFilePath": "./scenarios/acbba_runtime/scenario2_cbba_1/resources/lake_event_points.csv"
        }
    ],
    "scenario": {   
                    "@type": "PREDEF", 
                    "initialRequestsPath" : "./scenarios/acbba_runtime/scenario2_cbba_1/resources/initial_requests_merged.csv",
                    "eventsPath" : "./scenarios/acbba_runtime/scenario2_cbba_1/resources/all_events_formatted.csv", 
                    "duration": 30.0, 
                    "connectivity" : "FULL", 
                    "utility" : "LINEAR"
                },
    "settings": {
        "coverageType": "GRID COVERAGE"
    }
}