observer,t_img,lat,lon,range,look,incidence,zenith,instrument
img_0,260.0,16.73,-99.653,865.8,40.66,45.73,88.27,visible
img_0,260.0,17.003,-100.244,917.2,43.68,49.38,87.87,visible
img_0,270.0,18.272,-101.892,1088.1,50.78,58.38,87.02,visible
img_0,290.0,20.314,-102.794,1232.1,54.69,63.76,87.21,visible
img_0,290.0,19.623,-101.648,1108.7,51.4,59.21,87.88,visible
img_0,300.0,20.272,-101.09,1082.4,50.55,58.08,88.67,visible
img_0,300.0,20.004,-100.229,1004.0,47.67,54.36,89.29,visible
img_0,300.0,20.052,-100.667,1040.1,49.08,56.15,88.94,visible
img_0,300.0,19.957,-100.973,1061.2,49.84,57.14,88.64,visible
img_0,300.0,19.99,-101.073,1070.5,50.16,57.56,88.56,visible
img_0,300.0,20.314,-102.794,1228.2,54.59,63.61,87.25,visible
img_0,310.0,20.272,-101.09,1079.1,50.43,57.92,88.71,visible
img_0,310.0,20.052,-100.667,1037.3,48.96,56.0,88.97,visible
img_0,310.0,20.004,-100.229,1000.4,47.51,54.15,89.32,visible
img_0,340.0,21.734,-98.153,893.6,42.2,47.6,,visible
img_0,350.0,21.734,-98.153,891.0,42.02,47.38,,visible
img_0,350.0,22.365,-98.027,902.1,42.67,48.17,,visible
img_0,350.0,22.234,-97.908,889.3,41.92,47.26,,visible
img_0,350.0,22.396,-98.125,910.1,43.11,48.71,,visible
img_0,350.0,22.211,-98.04,897.6,42.41,47.85,,visible
img_0,350.0,22.615,-98.691,958.5,45.58,51.74,,visible
img_0,350.0,22.192,-97.851,884.0,41.6,46.88,,visible
img_0,360.0,22.234,-97.908,887.1,41.76,47.08,,visible
img_0,360.0,22.396,-98.125,907.2,42.92,48.48,,visible
img_0,360.0,22.365,-98.027,899.2,42.47,47.94,,visible
img_0,360.0,22.615,-98.691,955.5,45.42,51.54,,visible
img_0,360.0,22.192,-97.851,882.0,41.45,46.7,,visible
img_0,360.0,22.211,-98.04,896.0,42.29,47.71,,visible
img_0,370.0,23.959,-98.666,996.2,47.22,53.8,,visible
img_0,390.0,24.922,-97.789,957.5,45.45,51.59,,visible
img_0,400.0,24.922,-97.789,954.1,45.26,51.36,,visible
img_0,400.0,25.704,-99.275,1094.0,50.76,58.4,,visible
img_0,410.0,26.223,-98.915,1080.8,50.31,57.8,,visible
img_0,410.0,26.016,-97.274,951.0,45.09,51.15,,visible
img_0,410.0,26.561,-99.168,1113.0,51.34,59.17,,visible
img_0,420.0,26.016,-97.274,947.8,44.91,50.93,,visible
img_0,420.0,26.561,-99.168,1110.6,51.25,59.05,,visible
img_0,440.0,28.048,-97.869,1055.7,49.38,56.6,,visible
img_0,450.0,28.048,-97.869,1053.3,49.27,56.46,,visible
img_0,450.0,28.485,-98.245,1096.7,50.75,58.4,,visible
img_0,480.0,30.758,-98.416,1182.8,53.18,61.71,,visible
img_0,480.0,30.393,-97.906,1129.8,51.71,59.7,,visible
img_0,480.0,30.315,-96.524,1024.6,48.12,54.99,,visible
img_0,490.0,29.921,-95.133,910.9,42.77,48.34,,visible
img_0,490.0,31.11,-97.474,1120.0,51.39,59.27,,visible
img_0,490.0,30.315,-96.524,1021.2,47.96,54.79,,visible
img_0,490.0,30.36,-95.565,954.8,45.06,51.14,,visible
img_0,490.0,30.758,-98.416,1180.6,53.1,61.61,,visible
img_0,500.0,31.11,-97.474,1117.8,51.3,59.16,,visible
img_0,500.0,31.328,-96.33,1040.0,48.66,55.69,,visible
img_0,500.0,31.87,-97.37,1137.1,51.87,59.94,,visible
img_0,500.0,30.633,-95.016,924.2,43.47,49.19,,visible
img_0,500.0,30.802,-95.156,939.3,44.26,50.15,,visible
img_0,510.0,31.328,-96.33,1038.2,48.57,55.57,,visible
img_0,510.0,32.869,-98.429,1252.1,54.79,64.02,,visible
img_0,510.0,31.87,-97.37,1133.9,51.76,59.78,,visible
img_0,510.0,32.182,-96.073,1050.1,49.01,56.15,,visible
img_0,510.0,31.948,-96.103,1042.9,48.74,55.8,,visible
img_0,520.0,33.222,-97.833,1215.5,53.92,62.78,,visible
img_0,520.0,32.869,-98.429,1248.8,54.7,63.89,,visible
img_0,520.0,33.07,-96.97,1144.9,52.06,60.19,,visible
img_0,520.0,32.148,-95.473,1002.2,47.11,53.72,,visible
img_0,520.0,32.803,-96.502,1100.1,50.7,58.37,,visible
img_0,520.0,32.182,-96.073,1046.2,48.84,55.93,,visible
img_0,520.0,31.948,-96.103,1040.8,48.64,55.67,,visible
img_0,530.0,33.073,-95.003,1000.7,47.02,53.61,,visible
img_0,530.0,33.222,-97.833,1212.9,53.83,62.66,,visible
img_0,530.0,33.327,-95.627,1053.7,49.09,56.26,,visible
img_0,530.0,32.707,-93.916,916.0,42.92,48.54,,visible
img_0,530.0,33.07,-96.97,1141.5,51.93,60.03,,visible
img_0,530.0,33.033,-96.47,1102.8,50.76,58.45,,visible
img_0,530.0,32.752,-94.506,955.2,44.95,51.03,,visible
img_0,530.0,32.803,-96.502,1097.4,50.59,58.22,,visible
img_0,530.0,32.811,-95.532,1027.2,48.09,54.97,,visible
img_0,530.0,32.815,-95.915,1054.6,49.12,56.3,,visible
img_0,530.0,33.356,-97.052,1157.8,52.4,60.66,,visible
img_0,540.0,32.709,-92.341,819.1,36.42,40.79,,visible
img_0,540.0,33.073,-95.003,997.2,46.83,53.38,,visible
img_0,540.0,33.327,-95.627,1049.8,48.92,56.04,,visible
img_0,540.0,32.707,-93.916,912.2,42.68,48.25,,visible
img_0,540.0,33.306,-94.162,949.1,44.63,50.63,,visible
img_0,540.0,32.752,-94.506,952.8,44.81,50.85,,visible
img_0,540.0,33.823,-96.573,1136.3,51.76,59.8,,visible
img_0,550.0,32.709,-92.341,816.2,36.13,40.46,,visible
img_0,550.0,34.011,-95.383,1054.3,49.06,56.23,,visible
img_0,550.0,34.148,-94.684,1011.2,47.39,54.09,,visible
img_0,550.0,33.306,-94.162,946.6,44.46,50.43,,visible
img_0,550.0,33.695,-93.966,946.7,44.47,50.44,,visible
img_0,560.0,34.216,-93.11,908.0,42.37,47.88,,visible
img_0,560.0,34.631,-95.352,1071.9,49.65,57.01,,visible
img_0,560.0,34.148,-94.684,1008.5,47.25,53.92,,visible
img_0,570.0,35.308,-95.358,1094.3,50.38,57.98,,visible
img_0,570.0,34.574,-93.195,922.5,43.14,48.82,,visible
img_0,570.0,35.346,-94.779,1055.3,49.04,56.21,,visible
img_0,570.0,35.595,-95.037,1082.8,50.0,57.47,,visible
img_0,570.0,34.216,-93.11,905.7,42.2,47.68,,visible
img_0,580.0,36.702,-96.927,1257.7,54.77,64.04,,visible
img_0,580.0,35.595,-95.037,1079.9,49.88,57.32,,visible
img_0,580.0,36.35,-96.09,1182.8,52.96,61.47,,visible
img_0,580.0,35.871,-95.232,1103.4,50.65,58.34,,visible
img_0,580.0,34.856,-92.49,886.5,41.02,46.25,,visible
img_0,580.0,36.152,-96.256,1187.6,53.08,61.64,,visible
img_0,580.0,36.424,-95.679,1156.3,52.24,60.47,,visible
img_0,580.0,35.346,-94.779,1053.5,48.94,56.1,,visible
img_0,580.0,35.252,-93.173,942.2,44.14,50.05,,visible
img_0,590.0,36.64,-94.813,1099.8,50.51,58.16,,visible
img_0,590.0,36.702,-96.927,1255.6,54.7,63.95,,visible
img_0,590.0,36.423,-93.849,1026.2,47.88,54.73,,visible
img_0,590.0,36.47,-95.04,1109.3,50.81,58.56,,visible
img_0,590.0,36.424,-95.679,1153.5,52.13,60.34,,visible
img_0,600.0,36.64,-94.813,1098.2,50.43,58.05,,visible
img_0,600.0,36.423,-93.849,1023.9,47.75,54.58,,visible
img_0,600.0,36.598,-93.312,994.0,46.51,53.01,,visible
img_0,600.0,36.365,-92.573,938.6,43.89,49.74,,visible
img_0,600.0,36.252,-92.238,914.0,42.56,48.13,,visible
img_0,610.0,37.69,-93.769,1062.2,49.17,56.41,,visible
img_0,620.0,39.112,-95.432,1229.1,54.02,62.99,,visible
img_0,620.0,38.265,-93.406,1057.0,48.95,56.13,,visible
img_0,620.0,37.69,-93.769,1060.0,49.06,56.27,,visible
img_0,630.0,39.112,-95.432,1225.3,53.9,62.84,,visible
img_0,630.0,38.265,-93.406,1054.4,48.83,55.98,,visible
img_0,630.0,38.206,-92.627,1001.0,46.72,53.28,,visible
img_0,650.0,39.526,-91.648,983.6,45.88,52.24,,visible
img_0,650.0,38.62,-89.351,821.9,36.12,40.47,,visible
img_0,650.0,38.037,-88.969,785.5,32.87,36.7,,visible
img_0,660.0,40.832,-92.881,1109.8,50.63,58.36,,visible
img_0,660.0,38.62,-89.351,821.5,36.03,40.38,,visible
img_0,660.0,39.526,-91.648,982.0,45.77,52.11,,visible
img_0,670.0,41.37,-92.982,1134.0,51.35,59.33,,visible
img_0,670.0,40.832,-92.881,1106.4,50.49,58.18,,visible
img_0,680.0,40.691,-89.58,898.3,41.32,46.65,,visible
img_0,680.0,41.37,-92.982,1131.6,51.25,59.2,,visible
img_0,710.0,42.832,-89.001,939.5,43.51,49.33,,visible
img_0,720.0,43.087,-89.378,966.6,44.83,50.96,,visible
img_0,720.0,42.832,-89.001,936.1,43.28,49.06,,visible
img_0,730.0,44.058,-90.019,1039.2,47.92,54.87,,visible
img_0,730.0,43.865,-89.961,1028.3,47.49,54.32,,visible
img_0,740.0,44.185,-88.455,952.9,44.07,50.04,,visible
img_0,750.0,45.891,-91.072,1171.6,52.19,60.54,,visible
img_0,760.0,46.069,-90.226,1125.1,50.8,58.66,,visible
img_0,760.0,45.891,-91.072,1170.0,52.12,60.44,,visible
img_0,770.0,46.586,-89.549,1104.0,50.1,57.73,,visible
img_0,780.0,45.993,-86.29,901.5,41.05,46.38,,visible
img_0,780.0,45.551,-84.393,799.7,33.41,37.37,,visible
img_0,780.0,46.247,-85.851,890.5,40.37,45.56,,visible
img_0,780.0,47.027,-88.478,1058.8,48.49,55.63,,visible
img_0,780.0,45.41,-84.624,804.2,33.83,37.86,,visible
img_0,780.0,45.318,-85.256,829.1,35.98,40.36,,visible
img_0,780.0,45.823,-84.754,824.7,35.62,39.93,,visible
img_0,780.0,45.576,-84.487,804.4,33.85,37.87,,visible
img_0,790.0,45.551,-84.393,799.3,33.31,37.26,,visible
img_0,790.0,46.247,-85.851,888.6,40.2,45.36,,visible
img_0,790.0,45.823,-84.754,823.0,35.42,39.71,,visible
img_0,790.0,45.576,-84.487,804.1,33.76,37.77,,visible
img_0,800.0,45.888,-82.274,730.3,25.16,27.95,,visible
img_0,800.0,45.712,-82.23,724.4,24.26,26.94,,visible
img_0,800.0,46.312,-82.963,766.0,29.79,33.21,,visible
img_0,800.0,45.704,-81.996,717.2,23.11,25.64,,visible
img_0,810.0,46.867,-83.154,789.5,32.22,36.01,,visible
img_0,810.0,46.312,-82.963,766.4,29.76,33.18,,visible
img_0,810.0,46.208,-81.51,715.2,22.66,25.13,,visible
img_0,820.0,47.278,-81.999,759.4,28.86,32.15,,visible
img_0,820.0,46.666,-80.672,703.3,20.38,22.59,,visible
img_0,820.0,47.238,-82.131,762.6,29.24,32.59,,visible
img_0,820.0,46.918,-81.461,731.4,25.13,27.93,,visible
img_0,830.0,46.845,-79.224,676.6,13.75,15.19,,visible
img_0,830.0,46.822,-78.742,669.9,11.44,12.63,,visible
img_0,830.0,46.669,-78.997,670.3,11.62,12.83,,visible
img_0,830.0,48.013,-81.558,766.7,29.63,33.04,,visible
img_0,830.0,47.406,-80.016,704.7,20.52,22.74,,visible
img_0,830.0,47.181,-80.181,702.5,20.08,22.25,,visible
img_0,830.0,47.043,-79.273,681.4,15.17,16.78,,visible
img_0,840.0,47.682,-78.931,686.7,16.42,18.16,,visible
img_0,840.0,46.845,-79.224,678.0,14.0,15.47,,visible
img_0,840.0,46.822,-78.742,669.5,11.05,12.21,,visible
img_0,840.0,47.359,-78.197,670.0,11.26,12.43,,visible
img_0,840.0,47.136,-78.668,671.9,11.98,13.23,,visible
img_0,840.0,48.036,-79.603,709.3,21.28,23.59,,visible
img_0,840.0,47.007,-78.805,672.3,12.11,13.37,,visible
img_0,840.0,47.765,-79.216,693.8,18.12,20.06,,visible
img_0,840.0,47.043,-79.273,681.0,14.88,16.45,,visible
img_0,840.0,47.287,-79.462,688.4,16.85,18.64,,visible
img_0,840.0,47.556,-79.239,689.2,17.03,18.85,,visible
img_0,840.0,47.406,-80.016,703.6,20.18,22.36,,visible
img_0,840.0,46.967,-78.06,662.8,7.93,8.76,,visible
img_0,850.0,47.682,-78.931,685.5,15.94,17.63,,visible
img_0,850.0,47.839,-77.548,668.4,10.37,11.46,,visible
img_0,850.0,48.2,-79.368,705.2,20.38,22.58,,visible
img_0,850.0,48.036,-79.603,707.3,20.78,23.03,,visible
img_0,850.0,47.798,-77.94,671.5,11.6,12.81,,visible
img_0,850.0,48.551,-79.298,713.2,21.87,24.26,,visible
img_0,850.0,47.765,-79.216,692.9,17.77,19.67,,visible
img_0,850.0,47.359,-78.197,669.0,10.61,11.72,,visible
img_0,850.0,47.931,-79.265,697.0,18.68,20.69,,visible
img_0,850.0,47.613,-77.307,663.0,7.76,8.56,,visible
img_0,850.0,47.768,-78.316,676.0,13.16,14.54,,visible
img_0,850.0,47.653,-77.549,665.3,8.95,9.88,,visible
img_0,850.0,47.556,-79.239,690.5,17.2,19.04,,visible
img_0,860.0,47.839,-77.548,666.9,9.44,10.43,,visible
img_0,860.0,48.052,-77.06,664.3,8.11,8.95,,visible
img_0,860.0,47.508,-76.83,658.8,4.04,4.46,,visible
img_0,860.0,48.313,-77.302,670.5,10.96,12.1,,visible
img_0,860.0,47.798,-77.94,672.1,11.61,12.82,,visible
img_0,860.0,48.052,-77.292,666.3,9.16,10.12,,visible
img_0,860.0,47.311,-76.472,657.4,1.96,2.16,,visible
img_0,860.0,47.653,-77.549,665.7,8.87,9.8,,visible
img_0,860.0,48.393,-78.357,687.2,16.23,17.96,,visible
img_0,860.0,48.465,-78.126,684.5,15.51,17.15,,visible
img_0,860.0,47.613,-77.307,662.8,7.28,8.04,,visible
img_0,860.0,47.147,-76.627,658.5,3.77,4.16,,visible
img_0,860.0,48.177,-77.891,675.6,12.84,14.18,,visible
img_0,870.0,48.313,-77.302,670.3,10.66,11.78,,visible
img_0,870.0,48.052,-77.06,665.8,8.6,9.49,,visible
img_0,870.0,48.518,-76.31,662.7,6.8,7.51,,visible
img_0,870.0,49.037,-76.967,677.0,13.1,14.48,,visible
img_0,870.0,48.722,-77.044,671.8,11.26,12.44,,visible
img_0,880.0,49.037,-76.967,675.3,12.32,13.61,,visible
img_0,880.0,48.518,-76.31,663.5,6.9,7.61,,visible
img_0,880.0,48.915,-75.552,661.1,5.15,5.69,,visible
img_0,880.0,49.399,-76.452,674.4,12.0,13.26,,visible
img_0,880.0,49.598,-77.461,693.6,17.48,19.35,,visible
img_0,880.0,48.599,-75.98,661.0,5.03,5.56,,visible
img_0,880.0,48.722,-77.044,673.7,11.73,12.96,,visible
img_0,880.0,49.856,-77.185,695.3,17.87,19.78,,visible
img_0,890.0,50.415,-78.401,736.0,25.11,27.92,,visible
img_0,890.0,50.32,-76.916,698.7,18.5,20.49,,visible
img_0,890.0,49.399,-76.452,674.1,11.66,12.88,,visible
img_0,890.0,49.984,-78.174,719.7,22.54,25.01,,visible
img_0,890.0,49.842,-76.917,688.0,15.93,17.63,,visible
img_0,890.0,50.084,-77.475,704.2,19.66,21.79,,visible
img_0,890.0,49.667,-76.496,678.1,13.03,14.4,,visible
img_0,890.0,49.856,-77.185,693.4,17.29,19.14,,visible
img_0,890.0,49.611,-75.939,670.1,10.04,11.09,,visible
img_0,890.0,50.334,-77.67,714.8,21.67,24.05,,visible
img_0,900.0,49.511,-75.052,662.6,5.35,5.9,,visible
img_0,900.0,49.48,-74.749,660.7,3.44,3.79,,visible
img_0,900.0,50.66,-76.315,693.6,17.17,19.01,,visible
img_0,900.0,50.01,-74.405,663.3,5.9,6.51,,visible
img_0,900.0,49.348,-74.016,659.6,-1.38,1.52,,visible
img_0,900.0,49.966,-75.639,671.3,10.29,11.37,,visible
img_0,900.0,49.198,-74.045,660.0,-2.31,2.55,,visible
img_0,900.0,50.444,-75.206,674.5,11.57,12.79,,visible
img_0,900.0,49.505,-75.401,665.6,7.48,8.26,,visible
img_0,900.0,49.928,-74.219,662.2,4.99,5.51,,visible
img_0,900.0,50.001,-75.037,665.9,7.64,8.44,,visible
img_0,900.0,49.281,-74.149,659.6,-1.31,1.45,,visible
img_0,900.0,49.376,-74.814,661.0,3.8,4.19,,visible
img_0,900.0,49.759,-74.534,661.1,3.92,4.33,,visible
img_0,900.0,49.697,-74.72,661.4,4.21,4.65,,visible
img_0,910.0,50.785,-74.648,672.0,10.29,11.37,,visible
img_0,910.0,50.01,-74.405,662.4,4.61,5.09,,visible
img_0,910.0,49.928,-74.219,661.3,3.35,3.7,,visible
img_0,910.0,50.444,-75.206,672.8,10.65,11.77,,visible
img_0,910.0,50.001,-75.037,667.9,8.41,9.29,,visible
img_0,910.0,50.205,-73.835,661.1,3.09,3.41,,visible
img_0,910.0,50.772,-74.659,671.8,10.23,11.3,,visible
img_0,910.0,49.759,-74.534,663.3,5.47,6.03,,visible
img_0,910.0,50.59,-75.43,677.6,12.46,13.77,,visible
img_0,920.0,51.334,-74.884,682.1,13.71,15.16,,visible
img_0,920.0,51.13,-74.648,675.6,11.49,12.7,,visible
img_0,920.0,50.801,-74.164,666.8,7.39,8.17,,visible
img_0,920.0,51.364,-74.626,679.4,12.82,14.17,,visible
img_0,920.0,50.954,-74.142,668.1,8.16,9.01,,visible
img_0,920.0,50.785,-74.648,671.7,9.9,10.93,,visible
img_0,920.0,51.445,-74.668,681.5,13.52,14.95,,visible
img_0,920.0,50.205,-73.835,663.0,4.62,5.1,,visible
img_0,920.0,51.34,-74.23,674.8,11.18,12.36,,visible
img_0,920.0,51.092,-74.918,678.6,12.58,13.91,,visible
img_0,920.0,50.772,-74.659,671.7,9.91,10.95,,visible
img_0,920.0,51.483,-75.225,690.3,16.02,17.73,,visible
img_0,920.0,51.248,-73.793,670.0,9.13,10.08,,visible
img_0,920.0,51.15,-75.528,689.6,15.85,17.54,,visible
img_0,930.0,51.293,-72.349,663.3,4.31,4.76,,visible
img_0,930.0,51.418,-73.831,670.6,9.11,10.07,,visible
img_0,930.0,51.364,-74.626,680.5,12.97,14.35,,visible
img_0,930.0,51.445,-74.668,682.0,13.46,14.89,,visible
img_0,930.0,51.34,-74.23,674.4,10.79,11.92,,visible
img_0,930.0,51.135,-73.127,663.2,4.15,4.58,,visible
img_0,930.0,51.248,-73.793,668.7,8.11,8.96,,visible
img_0,940.0,50.605,-71.696,668.0,-7.4,8.17,,visible
img_0,940.0,51.293,-72.349,662.4,2.06,2.27,,visible
img_0,950.0,50.729,-70.294,680.1,-12.4,13.71,,visible
img_0,950.0,51.331,-70.775,666.8,-6.19,6.84,,visible
img_0,950.0,51.494,-69.916,672.8,-9.55,10.55,,visible
img_0,960.0,51.87,-70.27,666.4,-5.36,5.92,,visible
img_0,960.0,51.494,-69.916,673.2,-9.43,10.43,,visible
img_0,970.0,52.615,-69.008,669.8,-7.3,8.06,,visible
img_0,970.0,51.233,-66.6,736.1,-24.27,26.99,,visible
img_0,970.0,51.825,-67.805,695.2,-16.42,18.19,,visible
img_0,970.0,50.794,-66.79,746.0,-25.73,28.64,,visible
img_0,980.0,51.233,-66.6,737.1,-24.32,27.05,,visible
img_0,980.0,51.885,-66.161,726.0,-22.54,25.05,,visible
img_0,980.0,50.768,-65.24,790.2,-30.98,34.64,,visible
img_0,980.0,50.69,-64.581,813.7,-33.3,37.31,,visible
img_0,980.0,51.825,-67.805,696.8,-16.65,18.45,,visible
img_0,990.0,51.481,-65.348,759.4,-27.32,30.45,,visible
img_0,990.0,50.644,-62.713,878.8,-38.42,43.33,,visible
img_0,990.0,51.898,-64.974,753.3,-26.52,29.54,,visible
img_0,990.0,50.69,-64.581,816.1,-33.44,37.49,,visible
img_0,990.0,52.019,-65.231,742.6,-25.03,27.85,,visible
img_0,1000.0,52.662,-65.224,721.9,-21.57,23.96,,visible
img_0,1000.0,52.684,-65.712,711.8,-19.65,21.81,,visible
img_0,1000.0,52.664,-65.848,710.0,-19.29,21.4,,visible
img_0,1000.0,53.004,-66.25,694.7,-15.76,17.45,,visible
img_0,1000.0,52.664,-64.953,727.7,-22.59,25.1,,visible
img_0,1000.0,52.083,-63.836,775.9,-29.24,32.65,,visible
img_0,1000.0,52.795,-66.455,697.1,-16.38,18.14,,visible
img_0,1000.0,52.019,-65.231,744.0,-25.13,27.97,,visible
img_0,1000.0,51.898,-64.974,754.5,-26.58,29.62,,visible
img_0,1010.0,52.163,-62.916,797.8,-31.51,35.26,,visible
img_0,1010.0,53.4,-64.609,713.3,-19.81,21.99,,visible
img_0,1010.0,52.968,-64.664,724.2,-21.86,24.28,,visible
img_0,1010.0,52.664,-64.953,729.3,-22.72,25.25,,visible
img_0,1010.0,52.083,-63.836,776.9,-29.26,32.67,,visible
img_0,1010.0,52.662,-65.224,724.7,-21.94,24.37,,visible
img_0,1010.0,52.001,-62.933,804.5,-32.19,36.04,,visible
img_0,1020.0,54.463,-65.113,682.7,-11.67,12.92,,visible
img_0,1020.0,53.649,-64.261,712.2,-19.45,21.58,,visible
img_0,1020.0,53.4,-64.609,713.8,-19.78,21.95,,visible
img_0,1020.0,53.536,-63.967,720.9,-21.14,23.47,,visible
img_0,1020.0,53.857,-65.785,686.9,-13.08,14.48,,visible
img_0,1020.0,54.312,-65.316,682.4,-11.55,12.78,,visible
img_0,1030.0,54.781,-64.156,688.3,-13.32,14.75,,visible
img_0,1030.0,53.803,-62.678,738.8,-24.01,26.71,,visible
img_0,1030.0,53.15,-62.433,769.2,-28.16,31.42,,visible
img_0,1030.0,53.363,-62.55,757.6,-26.7,29.75,,visible
img_0,1030.0,53.715,-63.092,732.9,-23.08,25.66,,visible
img_0,1030.0,54.463,-65.113,683.6,-11.73,12.98,,visible
img_0,1030.0,53.536,-63.967,724.1,-21.58,23.97,,visible
img_0,1030.0,54.412,-63.536,704.9,-17.73,19.66,,visible
img_0,1040.0,54.927,-64.431,683.4,-11.42,12.63,,visible
img_0,1040.0,53.803,-62.678,740.5,-24.15,26.87,,visible
img_0,1040.0,54.781,-64.156,688.9,-13.3,14.73,,visible
img_0,1040.0,55.63,-64.051,677.1,-8.71,9.63,,visible
img_0,1040.0,55.59,-64.059,677.3,-8.81,9.74,,visible
img_0,1040.0,55.312,-64.522,676.3,-8.3,9.18,,visible
img_0,1040.0,54.412,-63.536,705.7,-17.75,19.69,,visible
img_0,1040.0,55.414,-63.989,679.6,-9.89,10.93,,visible
img_0,1040.0,55.034,-63.867,686.5,-12.52,13.86,,visible
img_0,1050.0,56.391,-63.724,673.2,-5.95,6.58,,visible
img_0,1050.0,56.428,-64.498,669.6,-1.93,2.13,,visible
img_0,1050.0,56.233,-64.726,669.4,-1.62,1.79,,visible
img_0,1050.0,55.63,-64.051,677.0,-8.33,9.21,,visible
img_0,1050.0,54.945,-62.671,705.0,-17.42,19.32,,visible
img_0,1050.0,55.414,-63.989,681.1,-10.24,11.33,,visible
img_0,1050.0,55.59,-64.059,677.6,-8.63,9.54,,visible
img_0,1050.0,55.992,-64.299,671.7,-4.77,5.28,,visible
img_0,1050.0,55.944,-63.099,680.8,-10.11,11.19,,visible
img_0,1050.0,56.153,-64.211,671.0,-4.07,4.5,,visible
img_0,1050.0,55.315,-63.111,690.4,-13.54,14.99,,visible
img_0,1060.0,56.428,-64.498,671.8,-4.23,4.68,,visible
img_0,1060.0,56.391,-63.724,672.1,-4.53,5.01,,visible
img_0,1060.0,55.944,-63.099,680.7,-9.77,10.81,,visible
img_0,1070.0,57.116,-62.962,671.1,-2.31,2.55,,visible
img_0,1070.0,55.922,-61.262,701.1,-16.13,17.88,,visible
img_0,1070.0,56.762,-62.503,675.0,-6.29,6.96,,visible
img_0,1070.0,56.63,-62.512,676.4,-7.22,7.98,,visible
img_0,1130.0,64.792,-67.599,1032.0,45.92,52.6,,visible
img_0,1130.0,64.192,-67.163,983.8,43.72,49.84,,visible
img_0,1130.0,65.618,-71.882,1207.9,51.87,60.44,,visible
img_0,1130.0,65.408,-71.735,1191.0,51.4,59.8,,visible
img_0,1130.0,65.642,-71.816,1207.3,51.85,60.41,,visible
img_0,1140.0,66.564,-71.413,1250.3,52.92,61.92,,visible
img_0,1140.0,64.792,-67.599,1030.8,45.82,52.47,,visible
img_0,1140.0,65.901,-68.584,1126.4,49.4,57.11,,visible
img_0,1150.0,65.901,-68.584,1125.4,49.33,57.02,,visible
img_0,1150.0,66.564,-71.413,1250.9,52.9,61.9,,visible
img_0,1150.0,66.754,-68.976,1190.0,51.3,59.67,,visible
img_0,1150.0,67.524,-70.882,1294.3,53.91,63.35,,visible
img_0,1150.0,67.396,-71.343,1299.3,54.02,63.51,,visible
img_0,1160.0,66.887,-67.142,1146.7,49.97,57.88,,visible
img_0,1160.0,67.396,-71.343,1299.3,53.99,63.47,,visible
img_0,1160.0,67.59,-70.261,1278.8,53.52,62.8,,visible
img_0,1160.0,66.754,-68.976,1189.5,51.24,59.61,,visible
img_0,1160.0,67.096,-66.864,1153.6,50.18,58.17,,visible
img_0,1160.0,67.524,-70.882,1293.0,53.85,63.27,,visible
img_0,1170.0,66.887,-67.142,1146.3,49.92,57.82,,visible
img_0,1170.0,67.096,-66.864,1151.6,50.08,58.04,,visible
img_0,1170.0,67.699,-68.109,1224.4,52.15,60.87,,visible
img_0,1220.0,63.74,-50.302,690.7,9.07,10.04,,visible
img_0,1220.0,64.21,-50.581,702.2,13.35,14.81,,visible
img_0,1230.0,65.18,-50.234,728.5,19.54,21.73,,visible
img_0,1230.0,64.21,-50.581,703.2,13.44,14.9,,visible
img_0,1230.0,65.535,-50.488,744.7,22.47,25.02,,visible
img_0,1230.0,65.348,-50.931,740.7,21.79,24.27,,visible
img_0,1230.0,65.237,-51.316,740.3,21.72,24.18,,visible
img_0,1230.0,65.576,-50.603,747.4,22.9,25.52,,visible
img_0,1240.0,65.813,-51.672,770.4,26.14,29.19,,visible
img_0,1240.0,65.576,-50.603,746.8,22.68,25.27,,visible
img_0,1240.0,65.348,-50.931,742.8,22.01,24.51,,visible
img_0,1240.0,66.014,-50.206,760.7,24.8,27.67,,visible
img_0,1240.0,65.535,-50.488,743.9,22.21,24.73,,visible
img_0,1240.0,66.788,-50.832,806.5,30.4,34.07,,visible
img_0,1240.0,65.18,-50.234,728.8,19.46,21.64,,visible
img_0,1240.0,66.215,-49.851,766.8,25.65,28.63,,visible
img_0,1250.0,67.007,-50.702,815.6,31.24,35.04,,visible
img_0,1250.0,66.014,-50.206,762.5,24.94,27.83,,visible
img_0,1250.0,66.215,-49.851,766.1,25.45,28.41,,visible
img_0,1250.0,66.788,-50.832,806.1,30.27,33.92,,visible
img_0,1280.0,70.074,-50.569,1011.3,44.23,50.58,,visible
img_0,1280.0,72.069,-54.581,1230.3,51.88,60.61,,visible
img_0,1410.0,72.002,-25.844,927.9,38.93,44.17,,visible
img_0,1440.0,76.97,-20.228,1364.2,54.38,64.39,,visible
img_0,1440.0,75.621,-20.058,1231.3,51.28,59.94,,visible
img_0,1450.0,75.621,-20.058,1230.7,51.22,59.88,,visible
img_0,1450.0,76.97,-20.228,1363.4,54.33,64.33,,visible
img_0,1570.0,56.011,-4.59,1401.4,-54.67,64.99,,visible
img_0,1570.0,57.409,-4.332,1262.5,-51.59,60.52,,visible
img_0,1570.0,56.399,-5.142,1368.3,-54.01,64.01,,visible
img_0,1580.0,57.409,-4.332,1262.8,-51.56,60.48,,visible
img_0,1580.0,56.011,-4.59,1400.7,-54.62,64.94,,visible
img_0,1640.0,61.912,6.115,799.1,-25.44,28.53,,visible
img_0,1640.0,61.497,6.12,820.7,-28.09,31.56,,visible
img_0,1650.0,61.497,6.12,822.5,-28.2,31.69,,visible
img_0,1650.0,62.398,8.54,758.9,-18.93,21.14,,visible
img_0,1660.0,62.398,8.54,759.7,-18.93,21.15,,visible
img_0,1660.0,61.328,8.79,802.8,-25.7,28.83,,visible
img_0,1660.0,63.267,10.54,724.0,-9.12,10.15,,visible
img_0,1670.0,63.659,12.593,715.6,-2.9,3.23,,visible
img_0,1670.0,62.681,11.466,732.4,-12.02,13.39,,visible
img_0,1670.0,63.313,12.599,718.8,-5.94,6.61,,visible
img_0,1670.0,63.267,10.54,726.3,-9.77,10.88,,visible
img_0,1670.0,63.772,13.067,715.7,-3.04,3.38,,visible
img_0,1670.0,64.083,11.631,715.9,-3.33,3.71,,visible
img_0,1670.0,62.997,11.832,724.5,-9.01,10.03,,visible
img_0,1680.0,62.681,11.466,734.1,-12.33,13.73,,visible
img_0,1680.0,63.659,12.593,717.3,-4.08,4.54,,visible
img_0,1680.0,62.325,12.243,736.9,-13.18,14.69,,visible
img_0,1680.0,63.191,13.622,717.8,-4.51,5.02,,visible
img_0,1680.0,63.374,14.384,717.4,-4.17,4.64,,visible
img_0,1680.0,62.404,12.959,732.1,-11.66,12.99,,visible
img_0,1680.0,63.313,12.599,718.7,-5.31,5.91,,visible
img_0,1680.0,61.933,11.879,750.5,-16.69,18.63,,visible
img_0,1680.0,63.405,13.368,716.2,-2.81,3.12,,visible
img_0,1680.0,63.772,13.067,715.9,-2.29,2.55,,visible
img_0,1680.0,62.997,11.832,726.2,-9.41,10.48,,visible
img_0,1690.0,62.027,14.281,734.6,-12.24,13.64,,visible
img_0,1690.0,61.266,11.773,776.3,-21.48,24.04,,visible
img_0,1690.0,62.404,12.959,732.1,-11.4,12.7,,visible
img_0,1690.0,61.933,11.879,753.0,-17.06,19.05,,visible
img_0,1700.0,61.408,13.721,753.5,-17.0,18.98,,visible
img_0,1700.0,60.837,14.118,771.0,-20.45,22.87,,visible
img_0,1700.0,62.43,15.434,721.6,-6.3,7.01,,visible
img_0,1700.0,62.905,14.569,720.6,-5.64,6.28,,visible
img_0,1700.0,62.027,14.281,733.1,-11.5,12.81,,visible
img_0,1700.0,62.579,16.421,720.0,-5.16,5.74,,visible
img_0,1700.0,62.811,15.351,718.2,-3.45,3.83,,visible
img_0,1710.0,61.764,16.839,727.7,-9.14,10.18,,visible
img_0,1710.0,62.43,15.434,723.7,-7.14,7.95,,visible
img_0,1710.0,61.541,16.38,733.3,-11.3,12.6,,visible
img_0,1710.0,62.579,16.421,718.6,-3.06,3.4,,visible
img_0,1710.0,61.865,16.644,726.1,-8.37,9.32,,visible
img_0,1720.0,61.764,16.839,726.3,-8.11,9.03,,visible
img_0,1720.0,61.541,16.38,732.6,-10.78,12.01,,visible
img_0,1720.0,61.259,16.83,735.6,-11.84,13.2,,visible
img_0,1720.0,61.115,15.644,748.1,-15.4,17.18,,visible
img_0,1720.0,61.865,16.644,726.1,-8.0,8.91,,visible
img_0,1730.0,61.259,16.83,737.7,-12.27,13.68,,visible
img_0,1730.0,60.243,16.832,764.2,-18.76,20.96,,visible
img_0,1730.0,60.613,16.888,751.9,-16.13,18.01,,visible
img_0,1730.0,60.409,17.201,755.4,-16.92,18.9,,visible
img_0,1740.0,60.409,17.201,757.2,-17.14,19.15,,visible
img_0,1740.0,58.953,16.882,816.8,-26.63,29.92,,visible
img_0,1740.0,59.272,16.292,810.5,-25.85,29.03,,visible
img_0,1750.0,58.953,16.882,817.8,-26.65,29.95,,visible
img_0,1750.0,58.852,16.627,826.9,-27.72,31.18,,visible
img_0,1750.0,59.322,18.071,784.2,-21.99,24.63,,visible
img_0,1780.0,54.746,17.53,1062.5,-43.93,50.57,,visible
img_0,1780.0,53.526,14.637,1237.0,-50.1,58.66,,visible
img_0,1790.0,54.746,17.53,1061.3,-43.82,50.44,,visible
img_0,1820.0,56.851,24.274,790.2,-22.09,24.76,,visible
img_0,1820.0,57.795,25.149,751.1,-14.25,15.91,,visible
img_0,1820.0,58.377,26.135,732.8,-7.77,8.66,,visible
img_0,1830.0,56.813,26.909,757.5,-15.69,17.53,,visible
img_0,1840.0,56.813,26.909,755.5,-15.03,16.79,,visible
img_0,1840.0,56.327,27.506,762.7,-16.71,18.68,,visible
img_0,1850.0,55.592,26.676,796.2,-22.66,25.42,,visible
img_0,1850.0,55.606,27.106,788.7,-21.48,24.08,,visible
img_0,1850.0,55.674,27.047,787.2,-21.23,23.79,,visible
img_0,1850.0,56.055,28.213,760.1,-15.96,17.84,,visible
img_0,1850.0,56.327,27.506,760.8,-16.13,18.03,,visible
img_0,1860.0,55.606,27.106,789.6,-21.51,24.11,,visible
img_0,1860.0,55.674,27.047,788.8,-21.38,23.96,,visible
img_0,1860.0,56.055,28.213,759.4,-15.63,17.47,,visible
img_0,1870.0,56.186,31.235,732.9,-5.78,6.44,,visible
img_0,1870.0,56.046,31.297,734.7,-6.91,7.7,,visible
img_0,1880.0,56.186,31.235,732.8,-5.24,5.84,,visible
img_0,1880.0,56.046,31.297,733.3,-5.56,6.19,,visible
img_0,1900.0,55.862,34.884,736.2,6.58,7.34,,visible
img_0,1900.0,56.146,34.539,736.5,6.74,7.52,,visible
img_0,1910.0,55.862,34.884,737.7,7.05,7.86,,visible
img_0,1940.0,56.665,43.385,937.1,36.08,41.05,,visible
img_0,1970.0,56.14,47.463,1068.6,43.3,49.9,,visible
img_0,1990.0,56.794,54.086,1400.4,53.33,63.47,,visible
img_0,2000.0,55.704,52.279,1266.6,50.14,58.9,,visible
img_0,2000.0,56.794,54.086,1403.0,53.35,63.52,,visible
img_0,2020.0,55.404,56.554,1471.4,54.6,65.44,,visible
img_0,2040.0,52.054,47.758,925.1,34.6,39.32,,visible
img_0,2070.0,49.324,46.109,795.7,20.05,22.5,,visible
img_0,2070.0,48.123,44.79,751.6,8.84,9.88,,visible
img_0,2070.0,48.778,45.08,764.7,13.35,14.93,,visible
img_0,2070.0,49.148,46.685,804.0,21.43,24.07,,visible
img_0,2070.0,48.827,44.681,761.1,12.27,13.72,,visible
img_0,2080.0,48.123,44.79,754.4,9.73,10.88,,visible
img_0,2080.0,47.635,44.855,748.4,6.95,7.76,,visible
img_0,2080.0,47.365,45.201,750.0,7.81,8.72,,visible
img_0,2080.0,48.198,46.898,789.2,18.75,21.03,,visible
img_0,2090.0,48.398,47.573,811.8,22.44,25.23,,visible
img_0,2090.0,48.198,46.898,791.0,18.97,21.28,,visible
img_0,2110.0,48.46,51.923,973.2,37.55,42.88,,visible
img_0,2130.0,45.619,48.472,778.7,15.95,17.87,,visible
img_0,2130.0,45.758,48.604,784.0,17.1,19.17,,visible
img_0,2130.0,46.314,49.609,822.3,23.58,26.54,,visible
img_0,2130.0,45.67,47.965,770.0,13.8,15.45,,visible
img_0,2130.0,45.756,48.616,784.2,17.15,19.22,,visible
img_0,2130.0,46.185,49.198,807.7,21.4,24.05,,visible
img_0,2140.0,45.619,48.472,782.1,16.57,18.58,,visible
img_0,2160.0,43.279,47.508,747.1,1.5,1.68,,visible
img_0,2160.0,43.58,47.455,748.6,3.66,4.09,,visible
img_0,2180.0,43.265,51.515,814.5,21.99,24.73,,visible
img_0,2180.0,43.773,51.202,816.7,22.32,25.1,,visible
img_0,2180.0,44.498,52.294,874.2,29.3,33.15,,visible
img_0,2180.0,44.513,52.73,890.6,30.88,34.99,,visible
img_0,2180.0,43.385,51.84,827.3,23.84,26.84,,visible
img_0,2190.0,43.265,51.515,816.0,22.13,24.89,,visible
img_0,2190.0,43.385,51.84,828.8,23.96,26.99,,visible
img_0,2200.0,42.744,53.46,871.3,28.88,32.66,,visible
img_0,2200.0,42.898,52.952,855.7,27.21,30.72,,visible
img_0,2210.0,42.298,53.752,871.8,28.87,32.65,,visible
img_0,2210.0,42.744,53.46,873.4,29.03,32.84,,visible
img_0,2220.0,42.298,53.752,874.8,29.11,32.93,,visible
img_0,2220.0,41.057,52.913,814.5,21.63,24.33,,visible
img_0,2230.0,40.622,52.837,803.8,19.77,22.21,,visible
img_0,2230.0,40.596,53.438,822.5,22.74,25.59,,visible
img_0,2230.0,41.057,52.913,815.1,21.63,24.33,,visible
img_0,2230.0,40.306,52.768,797.2,18.57,20.85,,visible
img_0,2240.0,40.306,52.768,797.3,18.48,20.75,,visible
img_0,2240.0,40.622,52.837,806.5,20.14,22.64,,visible
img_0,2240.0,40.596,53.438,823.0,22.73,25.58,,visible
img_0,2280.0,40.933,61.71,1276.5,49.58,58.35,,visible
img_0,2280.0,41.219,61.403,1267.9,49.34,58.02,,visible
img_0,2290.0,40.619,64.548,1463.8,53.82,64.5,,visible
img_0,2310.0,39.194,63.903,1372.8,51.91,61.67,,visible
img_0,2310.0,39.815,64.724,1452.8,53.58,64.14,,visible
img_0,2310.0,39.368,64.477,1419.8,52.92,63.15,,visible
img_0,2320.0,38.826,64.183,1381.9,52.1,61.94,,visible
img_0,2320.0,38.923,64.681,1421.2,52.93,63.17,,visible
img_0,2320.0,39.815,64.724,1457.3,53.64,64.24,,visible
img_0,2320.0,39.368,64.477,1422.3,52.95,63.2,,visible
img_0,2320.0,39.194,63.903,1375.2,51.95,61.72,,visible
img_0,2330.0,38.328,65.549,1467.2,53.81,64.5,,visible
img_0,2330.0,38.826,64.183,1385.3,52.15,62.02,,visible
img_0,2330.0,38.923,64.681,1424.3,52.97,63.24,,visible
img_0,2330.0,37.255,61.378,1138.0,44.89,52.12,,visible
img_0,2340.0,38.328,65.549,1469.1,53.82,64.54,,visible
img_0,2340.0,37.255,61.378,1141.0,44.97,52.24,,visible
img_0,2350.0,37.525,65.122,1412.2,52.68,62.83,,visible
img_0,2350.0,36.446,62.636,1198.5,47.02,54.93,,visible
img_0,2360.0,37.525,65.122,1417.1,52.77,62.95,,visible
img_0,2360.0,36.446,62.636,1201.7,47.11,55.04,,visible
img_0,2420.0,31.49,61.298,971.5,36.08,41.23,,visible
img_0,2420.0,31.49,61.752,998.9,37.83,43.35,,visible
img_0,2430.0,31.49,61.752,1000.1,37.87,43.4,,visible
img_0,2430.0,31.49,61.298,973.9,36.21,41.38,,visible
img_0,2450.0,29.848,62.206,984.2,36.82,42.13,,visible
img_0,2540.0,26.414,67.696,1283.7,49.23,58.0,,visible
img_0,2570.0,24.899,68.052,1270.1,48.8,57.41,,visible
img_0,2580.0,24.1,68.8,1307.1,49.81,58.81,,visible
img_0,2580.0,24.899,68.052,1275.2,48.93,57.6,,visible
img_0,2580.0,24.121,68.755,1304.1,49.72,58.7,,visible
img_0,2580.0,24.073,68.945,1318.3,50.1,59.22,,visible
img_0,2580.0,24.269,68.694,1303.7,49.71,58.68,,visible
img_0,2590.0,24.073,68.945,1320.5,50.14,59.29,,visible
img_0,2590.0,24.121,68.755,1306.9,49.78,58.79,,visible
img_0,2590.0,24.269,68.694,1307.5,49.8,58.81,,visible
img_0,2590.0,23.756,70.005,1398.9,52.0,61.95,,visible
img_0,2590.0,24.1,68.8,1309.7,49.86,58.89,,visible
img_0,2600.0,23.756,70.005,1400.9,52.03,62.0,,visible
img_0,2610.0,22.285,69.167,1285.7,49.18,57.95,,visible
img_0,2610.0,23.756,70.005,1406.2,52.13,62.16,,visible
img_0,2640.0,21.836,72.215,1539.4,54.62,65.97,,visible
img_0,2720.0,17.403,73.753,1550.4,54.73,66.18,,visible
img_0,2760.0,15.276,74.526,1559.6,54.85,66.39,,visible
img_0,2780.0,14.175,74.849,1556.9,54.8,66.3,,visible
img_0,6400.0,22.916,-106.068,1201.6,-53.67,62.4,,visible
img_0,6440.0,26.511,-108.581,874.1,-40.49,45.6,,visible
img_0,6440.0,26.432,-108.706,869.4,-40.19,45.23,,visible
img_0,6440.0,26.845,-108.368,875.9,-40.61,45.74,,visible
img_0,6450.0,26.845,-108.368,877.6,-40.68,45.83,,visible
img_0,6450.0,27.824,-109.897,758.1,-30.73,34.21,,visible
img_0,6470.0,28.976,-109.645,741.2,-28.64,31.83,,visible
img_0,6490.0,28.54,-106.74,924.5,-43.28,48.98,,visible
img_0,6490.0,29.327,-107.827,827.5,-36.99,41.47,,visible
img_0,6510.0,30.918,-106.877,828.3,-36.96,41.44,,visible
img_0,6540.0,33.156,-107.189,745.7,-28.75,31.98,,visible
img_0,6570.0,31.368,-100.523,1233.3,-54.07,63.07,,visible
img_0,6580.0,32.585,-101.137,1128.4,-51.23,59.16,,visible
img_0,6580.0,31.368,-100.523,1237.5,-54.14,63.19,,visible
img_0,6600.0,32.825,-98.962,1269.2,-54.81,64.17,,visible
img_0,6620.0,33.763,-98.36,1261.6,-54.59,63.87,,visible
img_0,6630.0,35.713,-101.554,958.0,-44.48,50.52,,visible
img_0,6630.0,34.24,-98.056,1257.0,-54.46,63.69,,visible
img_0,6630.0,33.763,-98.36,1265.2,-54.64,63.95,,visible
img_0,6660.0,36.747,-98.14,1116.8,-50.63,58.41,,visible
img_0,6670.0,36.35,-96.09,1271.6,-54.68,64.04,,visible
img_0,6670.0,36.702,-96.927,1197.0,-52.9,61.51,,visible
img_0,6670.0,36.152,-96.256,1272.2,-54.69,64.06,,visible
img_0,6670.0,36.747,-98.14,1119.1,-50.67,58.47,,visible
img_0,6680.0,36.152,-96.256,1275.7,-54.74,64.14,,visible
img_0,6680.0,36.702,-96.927,1199.8,-52.94,61.57,,visible
img_0,6680.0,37.724,-97.802,1087.2,-49.6,57.06,,visible
img_0,6680.0,36.35,-96.09,1273.5,-54.7,64.07,,visible
img_0,6690.0,38.964,-98.494,983.7,-45.46,51.77,,visible
img_0,6690.0,37.724,-97.802,1091.3,-49.7,57.2,,visible
img_0,6700.0,39.473,-98.319,969.2,-44.74,50.88,,visible
img_0,6700.0,38.964,-98.494,987.1,-45.58,51.92,,visible
img_0,6700.0,40.073,-99.215,893.6,-40.61,45.84,,visible
img_0,6700.0,39.078,-96.9,1070.3,-48.93,56.2,,visible
img_0,6710.0,39.078,-96.9,1071.8,-48.95,56.23,,visible
img_0,6710.0,40.073,-99.215,897.1,-40.78,46.05,,visible
img_0,6710.0,39.26,-96.594,1078.9,-49.2,56.56,,visible
img_0,6720.0,39.112,-95.432,1157.0,-51.65,59.83,,visible
img_0,6720.0,39.26,-96.594,1082.6,-49.3,56.69,,visible
img_0,6750.0,42.85,-97.483,856.8,-37.87,42.6,,visible
img_0,6770.0,41.37,-92.982,1169.9,-51.86,60.15,,visible
img_0,6770.0,40.832,-92.881,1210.5,-52.94,61.65,,visible
img_0,6800.0,45.304,-96.449,802.0,-33.0,36.92,,visible
img_0,6800.0,45.768,-96.639,775.5,-30.29,33.81,,visible
img_0,6810.0,46.362,-95.735,784.8,-31.21,34.87,,visible
img_0,6820.0,46.613,-94.177,832.9,-35.59,39.95,,visible
img_0,6820.0,46.362,-95.735,788.1,-31.47,35.17,,visible
img_0,6820.0,46.415,-94.358,834.0,-35.68,40.06,,visible
img_0,6820.0,46.115,-93.655,876.3,-38.84,43.78,,visible
img_0,6830.0,46.415,-94.358,836.8,-35.84,40.25,,visible
img_0,6830.0,46.613,-94.177,833.4,-35.56,39.92,,visible
img_0,6830.0,46.67,-94.112,833.0,-35.54,39.89,,visible
img_0,6830.0,46.115,-93.655,878.3,-38.91,43.88,,visible
img_0,6830.0,47.252,-94.224,803.8,-32.95,36.88,,visible
img_0,6830.0,47.956,-95.272,744.3,-26.18,29.13,,visible
img_0,6830.0,47.452,-94.486,786.8,-31.26,34.93,,visible
img_0,6840.0,47.956,-95.272,744.8,-26.14,29.09,,visible
img_0,6840.0,47.252,-94.224,805.4,-33.03,36.97,,visible
img_0,6840.0,47.429,-94.053,803.0,-32.8,36.71,,visible
img_0,6840.0,47.639,-94.026,795.0,-32.01,35.8,,visible
img_0,6840.0,47.452,-94.486,787.9,-31.3,34.98,,visible
img_0,6850.0,48.041,-92.839,820.2,-34.3,38.46,,visible
img_0,6850.0,47.959,-92.476,837.4,-35.76,40.16,,visible
img_0,6860.0,49.371,-93.629,744.2,-25.87,28.79,,visible
img_0,6860.0,48.106,-91.647,861.4,-37.54,42.26,,visible
img_0,6860.0,49.396,-93.576,745.1,-25.99,28.92,,visible
img_0,6860.0,48.279,-92.296,829.0,-35.0,39.27,,visible
img_0,6860.0,48.041,-92.839,821.6,-34.36,38.53,,visible
img_0,6860.0,49.031,-93.659,754.3,-27.23,30.33,,visible
img_0,6860.0,48.898,-92.839,784.7,-30.8,34.41,,visible
img_0,6860.0,49.308,-93.891,738.7,-25.08,27.89,,visible
img_0,6860.0,48.619,-93.356,779.1,-30.19,33.71,,visible
img_0,6860.0,48.497,-92.666,806.5,-32.98,36.93,,visible
img_0,6860.0,47.959,-92.476,837.9,-35.73,40.13,,visible
img_0,6870.0,48.948,-92.002,809.9,-33.23,37.22,,visible
img_0,6870.0,48.441,-91.318,857.6,-37.2,41.86,,visible
img_0,6870.0,49.396,-93.576,745.1,-25.89,28.81,,visible
img_0,6870.0,49.357,-92.809,767.6,-28.79,32.11,,visible
img_0,6870.0,49.371,-93.629,744.7,-25.83,28.75,,visible
img_0,6870.0,48.898,-92.839,785.5,-30.8,34.42,,visible
img_0,6870.0,48.551,-92.002,828.0,-34.84,39.1,,visible
img_0,6870.0,48.419,-91.725,844.0,-36.16,40.63,,visible
img_0,6870.0,48.909,-91.541,827.8,-34.83,39.08,,visible
img_0,6870.0,49.409,-92.294,781.9,-30.41,33.97,,visible
img_0,6870.0,49.043,-91.949,807.7,-33.02,36.98,,visible
img_0,6870.0,49.031,-93.659,757.8,-27.58,30.73,,visible
img_0,6870.0,48.284,-90.772,886.2,-39.21,44.25,,visible
img_0,6870.0,48.106,-91.647,863.0,-37.59,42.33,,visible
img_0,6870.0,48.587,-91.327,850.2,-36.64,41.2,,visible
img_0,6870.0,48.194,-91.018,881.3,-38.88,43.86,,visible
img_0,6870.0,49.744,-93.181,743.5,-25.67,28.57,,visible
img_0,6870.0,49.76,-92.845,752.8,-26.93,29.99,,visible
img_0,6870.0,48.497,-92.666,809.6,-33.2,37.19,,visible
img_0,6870.0,49.216,-93.034,766.5,-28.66,31.96,,visible
img_0,6870.0,49.52,-93.917,732.4,-24.02,26.69,,visible
img_0,6870.0,49.203,-91.951,801.2,-32.4,36.26,,visible
img_0,6870.0,49.308,-93.891,740.9,-25.29,28.14,,visible
img_0,6870.0,48.279,-92.296,832.2,-35.19,39.5,,visible
img_0,6880.0,48.441,-91.318,861.0,-37.39,42.09,,visible
img_0,6880.0,48.948,-92.002,812.7,-33.41,37.43,,visible
img_0,6880.0,49.707,-91.941,780.4,-30.17,33.7,,visible
img_0,6880.0,49.817,-91.637,785.9,-30.76,34.38,,visible
img_0,6880.0,48.909,-91.541,828.9,-34.85,39.11,,visible
img_0,6880.0,49.357,-92.809,770.8,-29.08,32.45,,visible
img_0,6880.0,49.527,-91.782,792.7,-31.47,35.19,,visible
img_0,6880.0,48.619,-90.066,896.5,-39.82,44.99,,visible
img_0,6880.0,48.587,-91.327,852.7,-36.76,41.35,,visible
img_0,6880.0,48.606,-90.449,882.5,-38.91,43.89,,visible
img_0,6880.0,49.409,-92.294,782.4,-30.38,33.94,,visible
img_0,6880.0,48.166,-90.145,918.2,-41.16,46.59,,visible
img_0,6880.0,49.043,-91.949,809.5,-33.12,37.1,,visible
img_0,6880.0,49.551,-91.284,808.1,-32.99,36.94,,visible
img_0,6880.0,49.857,-92.324,763.3,-28.18,31.42,,visible
img_0,6880.0,49.611,-91.692,792.1,-31.41,35.12,,visible
img_0,6880.0,49.76,-92.845,752.9,-26.85,29.91,,visible
img_0,6880.0,48.951,-90.695,856.0,-37.01,41.65,,visible
img_0,6880.0,49.744,-93.181,745.3,-25.82,28.74,,visible
img_0,6880.0,50.094,-92.074,762.4,-28.06,31.29,,visible
img_0,6880.0,48.284,-90.772,888.5,-39.3,44.36,,visible
img_0,6880.0,49.203,-91.951,801.8,-32.38,36.24,,visible
img_0,6890.0,49.739,-90.893,812.6,-33.33,37.34,,visible
img_0,6890.0,49.465,-90.351,843.6,-35.99,40.45,,visible
img_0,6890.0,49.527,-91.782,796.1,-31.74,35.51,,visible
img_0,6890.0,50.144,-92.074,760.6,-27.75,30.94,,visible
img_0,6890.0,50.127,-92.021,762.7,-28.01,31.23,,visible
img_0,6890.0,49.839,-90.949,806.3,-32.74,36.66,,visible
img_0,6890.0,49.611,-91.692,794.5,-31.58,35.32,,visible
img_0,6890.0,50.097,-91.219,786.9,-30.78,34.4,,visible
img_0,6890.0,51.066,-93.19,704.8,-18.78,20.81,,visible
img_0,6890.0,49.551,-91.284,809.2,-33.01,36.98,,visible
img_0,6890.0,49.85,-91.503,788.8,-30.99,34.64,,visible
img_0,6890.0,49.857,-92.324,766.6,-28.49,31.78,,visible
img_0,6890.0,51.152,-92.706,712.8,-20.4,22.63,,visible
img_0,6890.0,49.817,-91.637,786.5,-30.74,34.35,,visible
img_0,6890.0,49.707,-91.941,783.2,-30.39,33.95,,visible
img_0,6890.0,50.468,-93.241,722.2,-22.11,24.55,,visible
img_0,6890.0,50.044,-91.894,769.5,-28.84,32.17,,visible
img_0,6890.0,50.088,-90.826,799.8,-32.11,35.93,,visible
img_0,6890.0,48.951,-90.695,858.8,-37.16,41.83,,visible
img_0,6890.0,50.639,-93.2,717.1,-21.19,23.52,,visible
img_0,6890.0,51.128,-93.255,702.1,-18.17,20.14,,visible
img_0,6890.0,50.094,-92.074,762.7,-28.01,31.23,,visible
img_0,6890.0,50.686,-93.515,709.9,-19.82,21.99,,visible
img_0,6890.0,49.739,-90.893,812.6,-33.33,37.34,,visible
img_0,6890.0,49.465,-90.351,843.6,-35.99,40.45,,visible
img_0,6890.0,49.527,-91.782,796.1,-31.74,35.51,,visible
img_0,6890.0,50.144,-92.074,760.6,-27.75,30.94,,visible
img_0,6890.0,50.127,-92.021,762.7,-28.01,31.23,,visible
img_0,6890.0,49.839,-90.949,806.3,-32.74,36.66,,visible
img_0,6890.0,49.611,-91.692,794.5,-31.58,35.32,,visible
img_0,6890.0,50.097,-91.219,786.9,-30.78,34.4,,visible
img_0,6890.0,51.066,-93.19,704.8,-18.78,20.81,,visible
img_0,6890.0,49.551,-91.284,809.2,-33.01,36.98,,visible
img_0,6890.0,49.85,-91.503,788.8,-30.99,34.64,,visible
img_0,6890.0,49.857,-92.324,766.6,-28.49,31.78,,visible
img_0,6890.0,51.152,-92.706,712.8,-20.4,22.63,,visible
img_0,6890.0,49.817,-91.637,786.5,-30.74,34.35,,visible
img_0,6890.0,49.707,-91.941,783.2,-30.39,33.95,,visible
img_0,6890.0,50.468,-93.241,722.2,-22.11,24.55,,visible
img_0,6890.0,50.044,-91.894,769.5,-28.84,32.17,,visible
img_0,6890.0,50.088,-90.826,799.8,-32.11,35.93,,visible
img_0,6890.0,48.951,-90.695,858.8,-37.16,41.83,,visible
img_0,6890.0,50.639,-93.2,717.1,-21.19,23.52,,visible
img_0,6890.0,51.128,-93.255,702.1,-18.17,20.14,,visible
img_0,6890.0,50.094,-92.074,762.7,-28.01,31.23,,visible
img_0,6890.0,50.686,-93.515,709.9,-19.82,21.99,,visible
img_0,6900.0,51.376,-91.897,723.6,-22.23,24.69,,visible
img_0,6900.0,49.465,-90.351,847.1,-36.2,40.69,,visible
img_0,6900.0,51.257,-91.687,732.1,-23.63,26.26,,visible
img_0,6900.0,51.314,-91.885,725.6,-22.58,25.08,,visible
img_0,6900.0,51.093,-91.464,742.8,-25.25,28.1,,visible
img_0,6900.0,49.294,-88.79,909.9,-40.54,45.87,,visible
img_0,6900.0,50.85,-91.046,762.4,-27.88,31.09,,visible
img_0,6900.0,49.839,-90.949,809.7,-32.98,36.95,,visible
img_0,6900.0,50.064,-90.177,821.7,-34.08,38.22,,visible
img_0,6900.0,50.23,-90.176,814.1,-33.39,37.42,,visible
img_0,6900.0,50.747,-90.693,776.5,-29.56,33.0,,visible
img_0,6900.0,50.008,-89.22,857.3,-36.99,41.62,,visible
img_0,6900.0,50.097,-91.219,789.6,-30.98,34.64,,visible
img_0,6900.0,50.088,-90.826,800.8,-32.13,35.96,,visible
img_0,6900.0,49.308,-88.309,927.7,-41.6,47.14,,visible
img_0,6900.0,50.684,-90.326,790.3,-31.06,34.73,,visible
img_0,6900.0,50.862,-90.906,766.0,-28.32,31.59,,visible
img_0,6900.0,50.148,-90.307,813.6,-33.35,37.37,,visible
img_0,6910.0,51.314,-91.885,728.1,-22.86,25.4,,visible
img_0,6910.0,51.376,-91.897,725.5,-22.44,24.93,,visible
img_0,6910.0,51.257,-91.687,734.0,-23.82,26.49,,visible
img_0,6910.0,51.093,-91.464,745.1,-25.47,28.35,,visible
img_0,6910.0,50.689,-89.615,811.4,-33.07,37.05,,visible
img_0,6910.0,50.85,-91.046,764.7,-28.08,31.31,,visible
img_0,6910.0,50.23,-90.176,817.1,-33.6,37.66,,visible
img_0,6910.0,50.747,-90.693,778.0,-29.64,33.1,,visible
img_0,6910.0,50.008,-89.22,857.8,-36.96,41.6,,visible
img_0,6910.0,51.49,-91.897,721.5,-21.74,24.14,,visible
img_0,6910.0,50.934,-90.255,781.6,-30.04,33.56,,visible
img_0,6910.0,51.136,-90.057,779.1,-29.76,33.24,,visible
img_0,6910.0,50.862,-90.906,767.6,-28.42,31.7,,visible
img_0,6910.0,51.19,-90.228,772.1,-28.96,32.32,,visible
img_0,6910.0,50.684,-90.326,790.7,-31.02,34.68,,visible
img_0,6910.0,50.505,-89.154,834.9,-35.14,39.46,,visible
img_0,6910.0,51.591,-91.912,717.9,-21.08,23.4,,visible
img_0,6910.0,50.664,-89.215,825.5,-34.34,38.53,,visible
img_0,6910.0,51.026,-90.215,778.9,-29.74,33.22,,visible
img_0,6920.0,50.689,-89.615,814.6,-33.29,37.31,,visible
img_0,6920.0,50.528,-87.435,893.3,-39.38,44.48,,visible
img_0,6920.0,50.912,-88.573,834.4,-35.03,39.34,,visible
img_0,6920.0,51.289,-89.035,802.6,-32.14,35.98,,visible
img_0,6920.0,51.136,-90.057,781.0,-29.89,33.38,,visible
img_0,6920.0,52.002,-91.063,723.7,-22.0,24.43,,visible
img_0,6920.0,51.81,-90.62,739.6,-24.57,27.33,,visible
img_0,6920.0,51.19,-90.228,774.3,-29.12,32.51,,visible
img_0,6920.0,50.755,-87.999,861.5,-37.17,41.85,,visible
img_0,6920.0,50.505,-89.154,837.3,-35.27,39.62,,visible
img_0,6920.0,51.026,-90.215,782.3,-30.04,33.56,,visible
img_0,6920.0,50.664,-89.215,827.1,-34.41,38.61,,visible
img_0,6920.0,50.855,-88.986,824.2,-34.15,38.31,,visible
img_0,6930.0,50.912,-88.573,837.3,-35.2,39.54,,visible
img_0,6930.0,50.528,-87.435,893.9,-39.36,44.46,,visible
img_0,6930.0,51.704,-88.542,798.8,-31.69,35.46,,visible
img_0,6930.0,51.553,-88.549,805.4,-32.34,36.22,,visible
img_0,6930.0,51.383,-87.793,836.7,-35.15,39.49,,visible
img_0,6930.0,50.47,-87.208,904.9,-40.07,45.3,,visible
img_0,6930.0,51.323,-88.395,821.0,-33.79,37.9,,visible
img_0,6930.0,51.33,-87.966,833.8,-34.9,39.19,,visible
img_0,6930.0,51.477,-88.253,817.8,-33.51,37.56,,visible
img_0,6930.0,50.602,-87.208,897.3,-39.58,44.72,,visible
img_0,6930.0,51.289,-89.035,804.8,-32.28,36.15,,visible
img_0,6930.0,49.79,-86.703,964.3,-43.42,49.38,,visible
img_0,6930.0,50.474,-87.049,910.2,-40.39,45.69,,visible
img_0,6930.0,50.755,-87.999,863.0,-37.21,41.9,,visible
img_0,6930.0,49.784,-86.548,970.2,-43.71,49.75,,visible
img_0,6930.0,52.029,-88.467,787.5,-30.51,34.1,,visible
img_0,6930.0,50.38,-86.727,927.0,-41.39,46.91,,visible
img_0,6930.0,50.992,-87.861,854.3,-36.56,41.13,,visible
img_0,6930.0,50.835,-86.941,893.7,-39.35,44.45,,visible
img_0,6930.0,50.088,-87.451,920.1,-40.99,46.42,,visible
img_0,6930.0,51.514,-87.922,826.4,-34.27,38.46,,visible
img_0,6940.0,51.704,-88.542,801.9,-31.91,35.72,,visible
img_0,6940.0,51.297,-87.198,861.1,-37.0,41.66,,visible
img_0,6940.0,52.92,-88.608,748.7,-25.67,28.59,,visible
img_0,6940.0,51.383,-87.793,838.7,-35.25,39.6,,visible
img_0,6940.0,51.33,-87.966,836.9,-35.09,39.42,,visible
img_0,6940.0,51.477,-88.253,821.2,-33.74,37.84,,visible
img_0,6940.0,52.969,-89.532,726.1,-22.17,24.63,,visible
img_0,6940.0,52.161,-87.593,806.1,-32.33,36.21,,visible
img_0,6940.0,52.898,-89.003,739.9,-24.38,27.13,,visible
img_0,6940.0,52.029,-88.467,787.8,-30.46,34.05,,visible
img_0,6940.0,52.241,-88.146,786.8,-30.35,33.92,,visible
img_0,6940.0,52.809,-88.458,756.3,-26.71,29.76,,visible
img_0,6940.0,51.514,-87.922,828.1,-34.35,38.55,,visible
img_0,6940.0,50.835,-86.941,895.7,-39.42,44.53,,visible
img_0,6950.0,52.92,-88.608,749.2,-25.63,28.55,,visible
img_0,6950.0,53.591,-88.386,730.6,-22.79,25.34,,visible
img_0,6950.0,53.761,-89.562,703.6,-17.56,19.47,,visible
img_0,6950.0,52.898,-89.003,742.4,-24.64,27.43,,visible
img_0,6950.0,52.161,-87.593,807.7,-32.4,36.29,,visible
img_0,6950.0,52.957,-87.695,769.0,-28.22,31.49,,visible
img_0,6950.0,53.515,-88.086,739.8,-24.25,26.99,,visible
img_0,6950.0,52.965,-87.94,762.5,-27.41,30.57,,visible
img_0,6950.0,52.809,-88.458,757.0,-26.69,29.75,,visible
img_0,6950.0,52.695,-87.824,776.6,-29.12,32.52,,visible
img_0,6960.0,53.591,-88.386,731.3,-22.79,25.33,,visible
img_0,6960.0,53.11,-87.333,772.5,-28.55,31.87,,visible
img_0,6960.0,53.515,-88.086,739.7,-24.13,26.85,,visible
img_0,6960.0,52.957,-87.695,771.4,-28.41,31.71,,visible
img_0,6970.0,54.324,-87.524,723.9,-21.39,23.76,,visible
img_0,6990.0,53.924,-84.253,816.0,-32.87,36.85,,visible
img_0,6990.0,54.414,-84.674,782.3,-29.41,32.86,,visible
img_0,7000.0,54.414,-84.674,785.3,-29.66,33.15,,visible
img_0,7030.0,51.099,-75.963,1281.4,-53.79,63.12,,visible
img_0,7030.0,52.751,-77.672,1093.4,-48.44,55.81,,visible
img_0,7030.0,51.499,-76.984,1214.3,-52.15,60.79,,visible
img_0,7030.0,53.214,-77.776,1056.0,-47.04,54.0,,visible
img_0,7030.0,50.66,-76.315,1306.5,-54.34,63.92,,visible
img_0,7030.0,50.968,-76.59,1271.3,-53.56,62.78,,visible
img_0,7030.0,52.411,-77.474,1125.7,-49.54,57.26,,visible
img_0,7030.0,51.15,-75.528,1292.4,-54.03,63.47,,visible
img_0,7030.0,52.212,-76.584,1170.8,-50.94,59.13,,visible
img_0,7030.0,51.036,-76.865,1256.7,-53.21,62.29,,visible
img_0,7030.0,50.785,-76.436,1291.9,-54.02,63.46,,visible
img_0,7030.0,53.735,-78.568,994.3,-44.38,50.64,,visible
img_0,7030.0,50.895,-76.304,1286.9,-53.91,63.29,,visible
img_0,7030.0,51.443,-76.744,1226.7,-52.47,61.24,,visible
img_0,7030.0,53.44,-78.086,1030.0,-45.97,52.64,,visible
img_0,7040.0,51.334,-74.884,1300.3,-54.17,63.69,,visible
img_0,7040.0,51.445,-74.668,1298.5,-54.13,63.63,,visible
img_0,7040.0,54.124,-77.888,988.5,-44.05,50.23,,visible
img_0,7040.0,51.15,-75.528,1294.5,-54.04,63.5,,visible
img_0,7040.0,52.282,-75.373,1206.5,-51.9,60.46,,visible
img_0,7040.0,52.253,-75.62,1200.4,-51.73,60.23,,visible
img_0,7040.0,53.214,-77.776,1058.0,-47.07,54.04,,visible
img_0,7040.0,54.577,-77.776,961.6,-42.69,48.56,,visible
img_0,7040.0,54.598,-77.976,954.2,-42.3,48.07,,visible
img_0,7040.0,51.364,-74.626,1306.7,-54.31,63.89,,visible
img_0,7040.0,54.621,-79.085,921.5,-40.43,45.81,,visible
img_0,7040.0,53.735,-78.568,997.0,-44.45,50.73,,visible
img_0,7040.0,53.785,-77.451,1025.5,-45.73,52.34,,visible
img_0,7040.0,52.212,-76.584,1172.6,-50.95,59.16,,visible
img_0,7040.0,53.468,-76.673,1072.9,-47.64,54.78,,visible
img_0,7040.0,52.188,-75.886,1196.8,-51.63,60.09,,visible
img_0,7040.0,54.831,-78.573,921.9,-40.46,45.84,,visible
img_0,7040.0,53.44,-78.086,1032.1,-46.01,52.7,,visible
img_0,7040.0,54.384,-78.138,963.5,-42.79,48.68,,visible
img_0,7040.0,52.943,-76.78,1108.7,-48.93,56.46,,visible
img_0,7040.0,51.483,-75.225,1276.4,-53.64,62.91,,visible
img_0,7050.0,54.22,-76.559,1021.6,-45.51,52.08,,visible
img_0,7050.0,54.322,-77.009,1001.1,-44.59,50.92,,visible
img_0,7050.0,54.598,-77.976,955.1,-42.29,48.07,,visible
img_0,7050.0,54.577,-77.776,961.9,-42.65,48.51,,visible
img_0,7050.0,53.785,-77.451,1028.2,-45.8,52.43,,visible
img_0,7050.0,53.729,-75.963,1075.6,-47.7,54.86,,visible
img_0,7050.0,53.468,-76.673,1074.0,-47.64,54.79,,visible
img_0,7050.0,55.968,-79.521,831.2,-33.78,37.94,,visible
img_0,7050.0,54.831,-78.573,924.1,-40.53,45.93,,visible
img_0,7050.0,54.124,-77.888,991.4,-44.13,50.35,,visible
img_0,7050.0,54.384,-78.138,966.1,-42.87,48.79,,visible
img_0,7060.0,53.592,-74.902,1118.8,-49.19,56.82,,visible
img_0,7060.0,52.755,-73.647,1225.0,-52.31,61.06,,visible
img_0,7060.0,54.322,-77.009,1004.3,-44.69,51.05,,visible
img_0,7060.0,54.257,-76.005,1035.9,-46.08,52.79,,visible
img_0,7060.0,51.418,-73.831,1332.6,-54.79,64.62,,visible
img_0,7060.0,54.914,-76.879,964.6,-42.74,48.63,,visible
img_0,7060.0,54.83,-76.698,975.3,-43.29,49.3,,visible
img_0,7060.0,54.22,-76.559,1023.6,-45.55,52.13,,visible
img_0,7060.0,53.041,-74.299,1181.1,-51.12,59.4,,visible
img_0,7060.0,53.729,-75.963,1077.4,-47.72,54.9,,visible
img_0,7060.0,53.401,-74.185,1156.1,-50.38,58.41,,visible
img_0,7060.0,53.252,-74.777,1149.4,-50.17,58.13,,visible
img_0,7060.0,53.999,-75.431,1071.8,-47.51,54.63,,visible
img_0,7070.0,55.445,-75.29,971.4,-43.04,49.0,,visible
img_0,7070.0,52.755,-73.647,1226.3,-52.31,61.06,,visible
img_0,7070.0,53.041,-74.299,1183.7,-51.15,59.46,,visible
img_0,7070.0,53.592,-74.902,1121.6,-49.24,56.89,,visible
img_0,7070.0,53.308,-72.989,1200.6,-51.62,60.11,,visible
img_0,7070.0,53.48,-73.051,1184.8,-51.18,59.51,,visible
img_0,7070.0,53.401,-74.185,1157.0,-50.37,58.4,,visible
img_0,7070.0,53.999,-75.431,1074.8,-47.58,54.73,,visible
img_0,7070.0,53.887,-73.463,1139.8,-49.83,57.68,,visible
img_0,7070.0,53.88,-74.063,1122.1,-49.25,56.91,,visible
img_0,7080.0,55.445,-75.29,972.4,-43.03,49.0,,visible
img_0,7080.0,57.138,-76.024,845.5,-34.78,39.12,,visible
img_0,7080.0,56.002,-75.223,935.0,-40.99,46.51,,visible
img_0,7080.0,53.308,-72.989,1201.6,-51.61,60.11,,visible
img_0,7080.0,53.573,-71.922,1211.3,-51.88,60.47,,visible
img_0,7080.0,53.5,-72.442,1201.4,-51.61,60.1,,visible
img_0,7080.0,53.48,-73.051,1185.4,-51.16,59.49,,visible
img_0,7080.0,53.88,-74.063,1124.9,-49.3,56.99,,visible
img_0,7080.0,54.182,-72.548,1143.3,-49.9,57.78,,visible
img_0,7080.0,53.887,-73.463,1140.3,-49.81,57.65,,visible
img_0,7080.0,56.163,-76.638,892.3,-38.31,43.28,,visible
img_0,7080.0,56.177,-74.845,933.1,-40.88,46.37,,visible
img_0,7080.0,55.552,-74.448,986.2,-43.72,49.85,,visible
img_0,7080.0,53.526,-71.885,1216.3,-52.01,60.65,,visible
img_0,7090.0,57.138,-76.024,846.4,-34.78,39.12,,visible
img_0,7090.0,56.002,-75.223,938.2,-41.12,46.67,,visible
img_0,7090.0,58.453,-76.232,773.3,-27.36,30.56,,visible
img_0,7090.0,56.177,-74.845,933.9,-40.87,46.36,,visible
img_0,7090.0,56.477,-74.273,926.8,-40.45,45.86,,visible
img_0,7090.0,56.002,-73.26,985.4,-43.63,49.75,,visible
img_0,7090.0,55.552,-74.448,988.2,-43.77,49.92,,visible
img_0,7090.0,57.563,-75.648,829.1,-33.28,37.37,,visible
img_0,7090.0,56.481,-74.735,915.6,-39.76,45.03,,visible
img_0,7100.0,58.585,-75.809,773.9,-27.32,30.52,,visible
img_0,7100.0,59.52,-77.602,713.8,-17.38,19.29,,visible
img_0,7100.0,58.476,-75.031,792.9,-29.57,33.09,,visible
img_0,7100.0,57.548,-74.49,854.2,-35.34,39.78,,visible
img_0,7100.0,57.914,-74.611,830.5,-33.32,37.42,,visible
img_0,7100.0,57.687,-73.995,856.6,-35.54,40.01,,visible
img_0,7100.0,57.988,-75.317,812.9,-31.66,35.49,,visible
img_0,7100.0,57.379,-74.152,871.6,-36.69,41.37,,visible
img_0,7100.0,57.546,-74.833,847.4,-34.79,39.13,,visible
img_0,7100.0,58.056,-75.091,813.3,-31.7,35.54,,visible
img_0,7100.0,58.453,-76.232,773.7,-27.31,30.5,,visible
img_0,7100.0,58.355,-75.174,796.2,-29.93,33.5,,visible
img_0,7100.0,58.59,-75.945,771.5,-27.02,30.17,,visible
img_0,7100.0,58.647,-75.631,773.9,-27.33,30.53,,visible
img_0,7100.0,57.563,-75.648,831.9,-33.44,37.57,,visible
img_0,7100.0,59.507,-76.868,721.8,-19.12,21.25,,visible
img_0,7110.0,57.914,-74.611,832.6,-33.43,37.55,,visible
img_0,7110.0,58.476,-75.031,793.9,-29.58,33.1,,visible
img_0,7110.0,57.687,-73.995,857.2,-35.5,39.98,,visible
img_0,7110.0,58.52,-74.246,804.4,-30.71,34.4,,visible
img_0,7110.0,58.08,-74.191,829.8,-33.18,37.26,,visible
img_0,7110.0,58.478,-73.681,817.3,-32.0,35.9,,visible
img_0,7110.0,57.379,-74.152,874.3,-36.82,41.53,,visible
img_0,7110.0,58.355,-75.174,798.4,-30.08,33.67,,visible
img_0,7110.0,57.677,-73.477,867.7,-36.33,40.95,,visible
img_0,7110.0,60.02,-75.58,720.8,-18.75,20.83,,visible
img_0,7110.0,58.075,-73.378,845.8,-34.57,38.89,,visible
img_0,7110.0,58.647,-75.631,776.7,-27.57,30.8,,visible
img_0,7110.0,59.177,-74.994,760.2,-25.4,28.33,,visible
img_0,7110.0,59.372,-75.303,747.4,-23.52,26.2,,visible
img_0,7110.0,59.78,-75.295,732.3,-20.99,23.35,,visible
img_0,7110.0,59.126,-75.303,757.9,-25.08,27.97,,visible
img_0,7110.0,59.968,-75.451,724.1,-19.42,21.59,,visible
img_0,7120.0,59.565,-73.991,758.2,-25.0,27.88,,visible
img_0,7120.0,61.007,-76.327,689.9,-9.65,10.69,,visible
img_0,7120.0,60.394,-74.58,720.0,-18.41,20.45,,visible
img_0,7120.0,60.429,-75.568,708.5,-15.73,17.46,,visible
img_0,7120.0,60.403,-75.319,711.5,-16.48,18.29,,visible
img_0,7120.0,59.1,-73.865,781.7,-28.07,31.38,,visible
img_0,7120.0,60.845,-76.41,692.6,-10.78,11.95,,visible
img_0,7120.0,60.011,-73.884,742.2,-22.56,25.12,,visible
img_0,7120.0,59.222,-73.149,787.6,-28.77,32.18,,visible
img_0,7120.0,59.78,-75.295,733.3,-21.02,23.38,,visible
img_0,7120.0,60.02,-75.58,721.6,-18.76,20.84,,visible
img_0,7120.0,59.696,-73.58,759.2,-25.14,28.04,,visible
img_0,7120.0,59.177,-74.994,763.2,-25.71,28.69,,visible
img_0,7120.0,61.011,-75.798,693.1,-10.98,12.17,,visible
img_0,7120.0,60.283,-75.276,715.5,-17.43,19.36,,visible
img_0,7120.0,60.389,-74.984,715.3,-17.39,19.31,,visible
img_0,7120.0,60.608,-74.848,710.9,-16.33,18.13,,visible
img_0,7120.0,59.968,-75.451,724.6,-19.37,21.53,,visible
img_0,7130.0,59.565,-73.991,760.7,-25.24,28.16,,visible
img_0,7130.0,60.011,-73.884,741.7,-22.34,24.88,,visible
img_0,7130.0,60.24,-73.712,734.6,-21.11,23.49,,visible
img_0,7130.0,60.429,-73.254,733.5,-20.92,23.27,,visible
img_0,7130.0,60.394,-74.58,720.4,-18.35,20.38,,visible
img_0,7130.0,60.389,-74.984,717.7,-17.76,19.73,,visible
img_0,7130.0,60.95,-73.646,712.9,-16.65,18.48,,visible
img_0,7130.0,60.454,-73.457,730.0,-20.27,22.54,,visible
img_0,7130.0,59.696,-73.58,759.0,-25.01,27.89,,visible
img_0,7130.0,61.011,-75.798,695.5,-11.6,12.86,,visible
img_0,7130.0,60.312,-73.838,730.5,-20.36,22.64,,visible
img_0,7130.0,60.608,-74.848,711.3,-16.25,18.04,,visible
img_0,7130.0,60.041,-73.576,744.0,-22.72,25.31,,visible
img_0,7140.0,60.429,-73.254,734.2,-20.89,23.25,,visible
img_0,7140.0,60.454,-73.457,731.5,-20.39,22.68,,visible
img_0,7140.0,60.95,-73.646,712.4,-16.33,18.13,,visible
img_0,7140.0,59.82,-71.73,779.4,-27.59,30.84,,visible
img_0,7150.0,58.638,-69.177,891.2,-37.76,42.66,,visible
img_0,7150.0,58.469,-68.432,917.2,-39.48,44.72,,visible
img_0,7150.0,58.553,-68.941,901.4,-38.45,43.49,,visible
img_0,7150.0,58.072,-69.909,918.2,-39.54,44.8,,visible
img_0,7150.0,58.573,-70.027,881.1,-37.04,41.81,,visible
img_0,7150.0,59.706,-70.636,802.1,-30.1,33.71,,visible
img_0,7150.0,60.332,-70.137,778.0,-27.32,30.53,,visible
img_0,7160.0,60.332,-70.137,777.5,-27.14,30.33,,visible
img_0,7180.0,56.391,-63.724,1176.3,-50.49,58.67,,visible
img_0,7180.0,55.63,-64.051,1238.3,-52.2,61.03,,visible
img_0,7180.0,58.025,-64.956,1015.5,-44.57,50.99,,visible
img_0,7180.0,56.233,-64.726,1171.4,-50.35,58.48,,visible
img_0,7180.0,56.428,-64.498,1158.1,-49.94,57.93,,visible
img_0,7180.0,54.945,-62.671,1329.1,-54.31,64.05,,visible
img_0,7180.0,55.59,-64.059,1241.8,-52.29,61.15,,visible
img_0,7180.0,55.315,-63.111,1285.6,-53.35,62.66,,visible
img_0,7180.0,55.414,-63.989,1259.3,-52.73,61.77,,visible
img_0,7180.0,55.034,-63.867,1296.9,-53.61,63.03,,visible
img_0,7180.0,56.153,-64.211,1187.9,-50.83,59.14,,visible
img_0,7180.0,55.944,-63.099,1228.8,-51.96,60.68,,visible
img_0,7180.0,55.992,-64.299,1200.7,-51.2,59.63,,visible
img_0,7190.0,56.63,-62.512,1179.5,-50.55,58.76,,visible
img_0,7190.0,55.024,-61.165,1353.4,-54.77,64.75,,visible
img_0,7190.0,56.391,-63.724,1178.7,-50.52,58.72,,visible
img_0,7190.0,54.856,-61.418,1363.9,-54.98,65.06,,visible
img_0,7190.0,57.116,-62.962,1128.4,-48.94,56.61,,visible
img_0,7190.0,58.025,-64.956,1018.1,-44.64,51.08,,visible
img_0,7190.0,54.945,-62.671,1331.2,-54.32,64.08,,visible
img_0,7190.0,55.184,-61.499,1331.4,-54.32,64.09,,visible
img_0,7190.0,55.944,-63.099,1230.1,-51.95,60.69,,visible
img_0,7190.0,56.762,-62.503,1168.1,-50.21,58.3,,visible
img_0,7200.0,55.184,-61.499,1332.7,-54.31,64.08,,visible
img_0,7200.0,55.922,-61.262,1267.7,-52.86,61.97,,visible
img_0,7200.0,54.856,-61.418,1365.5,-54.98,65.07,,visible
img_0,7200.0,55.024,-61.165,1353.9,-54.75,64.73,,visible
img_0,7200.0,57.116,-62.962,1130.3,-48.96,56.64,,visible
img_0,7200.0,56.63,-62.512,1181.0,-50.55,58.77,,visible
img_0,7200.0,56.762,-62.503,1169.2,-50.2,58.3,,visible
img_0,7210.0,55.922,-61.262,1270.2,-52.88,62.02,,visible
img_0,7310.0,67.817,-53.117,710.7,12.14,13.48,,visible
img_0,7310.0,67.16,-53.326,697.6,6.24,6.92,,visible
img_0,7320.0,67.16,-53.326,699.1,6.69,7.42,,visible
img_0,7320.0,67.565,-52.391,703.0,8.82,9.79,,visible
img_0,7320.0,66.996,-52.28,695.4,3.66,4.06,,visible
img_0,7320.0,67.817,-53.117,709.7,11.53,12.81,,visible
img_0,7330.0,66.014,-50.206,699.5,-6.51,7.22,,visible
img_0,7330.0,67.007,-50.702,695.5,2.79,3.1,,visible
img_0,7330.0,66.788,-50.832,694.7,1.02,1.13,,visible
img_0,7330.0,66.215,-49.851,697.9,-5.34,5.92,,visible
img_0,7340.0,66.215,-49.851,699.3,-5.82,6.45,,visible
img_0,7470.0,72.002,-25.844,964.8,40.31,45.93,,visible
img_0,7530.0,65.563,-20.449,710.7,3.15,3.5,,visible
img_0,7540.0,64.133,-21.03,728.0,-12.02,13.38,,visible
img_0,7540.0,65.218,-19.681,710.7,-2.04,2.27,,visible
img_0,7540.0,65.563,-20.449,710.9,2.28,2.53,,visible
img_0,7550.0,65.595,-17.085,716.5,6.76,7.51,,visible
img_0,7570.0,64.947,-15.793,713.0,2.17,2.41,,visible
img_0,7570.0,65.28,-14.423,720.0,7.87,8.76,,visible
img_0,7580.0,65.28,-14.423,719.5,7.2,8.01,,visible
img_0,7700.0,53.99,-9.198,1168.8,-48.05,55.88,,visible
img_0,7710.0,53.311,-9.076,1218.3,-49.55,57.91,,visible
img_0,7710.0,54.473,-8.03,1098.1,-45.42,52.46,,visible
img_0,7710.0,53.581,-9.32,1203.1,-49.1,57.29,,visible
img_0,7710.0,53.99,-9.198,1167.2,-47.95,55.76,,visible
img_0,7720.0,54.473,-8.03,1098.2,-45.38,52.42,,visible
img_0,7720.0,54.751,-6.469,1035.6,-42.63,48.94,,visible
img_0,7720.0,53.435,-7.957,1175.0,-48.17,56.06,,visible
img_0,7720.0,52.762,-8.477,1244.4,-50.26,58.89,,visible
img_0,7720.0,53.311,-9.076,1217.7,-49.5,57.85,,visible
img_0,7730.0,53.435,-7.957,1174.9,-48.12,56.01,,visible
img_0,7730.0,52.762,-8.477,1243.6,-50.2,58.82,,visible
img_0,7730.0,54.751,-6.469,1035.5,-42.57,48.88,,visible
img_0,7810.0,59.481,12.533,877.5,31.74,35.9,,visible
img_0,7810.0,59.144,12.207,855.0,29.58,33.38,,visible
img_0,7810.0,59.181,12.236,857.2,29.81,33.64,,visible
img_0,7810.0,59.871,13.146,911.2,34.55,39.19,,visible
img_0,7810.0,59.378,14.475,924.6,35.55,40.39,,visible
img_0,7810.0,59.615,13.31,902.7,33.88,38.41,,visible
img_0,7810.0,59.032,12.226,850.6,29.14,32.86,,visible
img_0,7810.0,59.468,13.035,888.9,32.74,37.07,,visible
img_0,7810.0,59.353,12.816,878.3,31.82,35.98,,visible
img_0,7810.0,58.976,14.116,898.0,33.5,37.96,,visible
img_0,7810.0,59.319,11.901,856.2,29.7,33.52,,visible
img_0,7810.0,58.369,12.369,829.8,26.82,30.18,,visible
img_0,7820.0,57.875,12.442,814.7,24.83,27.9,,visible
img_0,7820.0,59.378,14.475,926.3,35.61,40.46,,visible
img_0,7820.0,58.579,14.432,890.3,32.79,37.13,,visible
img_0,7820.0,60.409,17.201,1061.5,43.35,49.91,,visible
img_0,7820.0,59.984,15.813,995.4,40.01,45.77,,visible
img_0,7820.0,59.842,16.104,997.0,40.1,45.88,,visible
img_0,7820.0,60.243,16.832,1040.7,42.37,48.68,,visible
img_0,7820.0,58.72,14.36,893.8,33.08,37.47,,visible
img_0,7820.0,58.976,14.116,897.9,33.42,37.87,,visible
img_0,7820.0,59.272,16.292,976.5,38.92,44.44,,visible
img_0,7820.0,58.369,12.369,830.5,26.81,30.17,,visible
img_0,7820.0,60.613,16.888,1062.7,43.4,49.97,,visible
img_0,7830.0,58.595,16.084,940.2,36.53,41.57,,visible
img_0,7830.0,58.953,16.882,981.6,39.16,44.74,,visible
img_0,7830.0,58.139,15.695,910.0,34.32,38.93,,visible
img_0,7830.0,58.38,14.836,894.0,33.03,37.41,,visible
img_0,7830.0,58.948,16.067,955.3,37.54,42.77,,visible
img_0,7830.0,58.852,16.627,968.7,38.39,43.8,,visible
img_0,7830.0,58.72,14.36,896.5,33.24,37.65,,visible
img_0,7830.0,58.579,14.432,891.8,32.84,37.19,,visible
img_0,7830.0,58.514,15.97,933.2,36.05,40.98,,visible
img_0,7830.0,58.532,15.039,906.2,34.02,38.58,,visible
img_0,7830.0,59.322,18.071,1039.3,42.25,48.54,,visible
img_0,7830.0,59.272,16.292,977.7,38.93,44.46,,visible
img_0,7830.0,58.114,15.044,889.3,32.63,36.94,,visible
img_0,7840.0,58.139,15.695,910.0,34.25,38.86,,visible
img_0,7840.0,58.953,16.882,984.1,39.26,44.86,,visible
img_0,7840.0,58.852,16.627,971.2,38.48,43.92,,visible
img_0,7840.0,58.595,16.084,942.4,36.62,41.67,,visible
img_0,7840.0,58.514,15.97,935.1,36.12,41.08,,visible
img_0,7840.0,58.114,15.044,891.0,32.7,37.03,,visible
img_0,7840.0,59.322,18.071,1041.3,42.3,48.61,,visible
img_0,7850.0,60.991,26.549,1461.2,54.69,65.46,,visible
img_0,7850.0,61.175,25.518,1427.2,54.06,64.49,,visible
img_0,7850.0,61.086,26.177,1450.1,54.48,65.15,,visible
img_0,7850.0,61.284,25.596,1436.2,54.23,64.75,,visible
img_0,7850.0,60.167,23.861,1306.9,51.44,60.66,,visible
img_0,7880.0,58.997,28.76,1474.5,54.84,65.73,,visible
img_0,7880.0,57.201,22.107,1097.9,44.65,51.6,,visible
img_0,7880.0,58.377,26.135,1325.2,51.79,61.18,,visible
img_0,7880.0,58.985,27.731,1425.6,53.94,64.35,,visible
img_0,7880.0,59.352,28.19,1463.4,54.64,65.43,,visible
img_0,7890.0,57.201,22.107,1100.0,44.69,51.66,,visible
img_0,7890.0,57.795,25.149,1255.4,49.96,58.62,,visible
img_0,7890.0,58.997,28.76,1475.7,54.83,65.74,,visible
img_0,7890.0,59.352,28.19,1467.1,54.68,65.5,,visible
img_0,7890.0,58.377,26.135,1326.9,51.79,61.2,,visible
img_0,7890.0,58.985,27.731,1428.1,53.96,64.39,,visible
img_0,7900.0,57.795,25.149,1259.2,50.03,58.73,,visible
img_0,7900.0,56.851,24.274,1175.1,47.46,55.26,,visible
img_0,7910.0,56.813,26.909,1293.6,50.91,59.97,,visible
img_0,7910.0,56.851,24.274,1179.0,47.55,55.39,,visible
img_0,7920.0,56.327,27.506,1301.6,51.08,60.22,,visible
img_0,7920.0,54.873,24.003,1079.4,43.69,50.4,,visible
img_0,7920.0,56.813,26.909,1296.4,50.95,60.03,,visible
img_0,7930.0,55.606,27.106,1252.2,49.73,58.35,,visible
img_0,7930.0,55.674,27.047,1252.4,49.74,58.36,,visible
img_0,7930.0,55.592,26.676,1231.3,49.13,57.52,,visible
img_0,7930.0,54.873,24.003,1080.0,43.67,50.39,,visible
img_0,7930.0,56.055,28.213,1325.1,51.63,61.0,,visible
img_0,7930.0,56.327,27.506,1304.4,51.12,60.28,,visible
img_0,7940.0,54.494,26.973,1199.8,48.12,56.17,,visible
img_0,7940.0,55.606,27.106,1255.4,49.79,58.43,,visible
img_0,7940.0,55.674,27.047,1256.1,49.81,58.46,,visible
img_0,7940.0,55.592,26.676,1235.3,49.21,57.64,,visible
img_0,7940.0,56.055,28.213,1328.9,51.69,61.1,,visible
img_0,7940.0,56.046,31.297,1481.0,54.79,65.73,,visible
img_0,7940.0,56.186,31.235,1483.6,54.84,65.8,,visible
img_0,7940.0,54.819,26.821,1205.8,48.31,56.43,,visible
img_0,7950.0,56.046,31.297,1483.7,54.81,65.77,,visible
img_0,7950.0,54.667,29.138,1314.1,51.3,60.55,,visible
img_0,7950.0,54.494,26.973,1200.7,48.11,56.17,,visible
img_0,7950.0,56.186,31.235,1487.1,54.87,65.86,,visible
img_0,7950.0,54.819,26.821,1208.9,48.37,56.52,,visible
img_0,7960.0,54.667,29.138,1316.1,51.32,60.59,,visible
img_0,7980.0,52.383,27.974,1164.5,46.79,54.44,,visible
img_0,8020.0,47.498,20.519,755.1,9.75,10.9,,visible
img_0,8050.0,47.841,27.226,964.6,36.93,42.15,,visible
img_0,8070.0,48.556,34.543,1387.6,52.65,62.6,,visible
img_0,8070.0,49.081,33.247,1332.7,51.4,60.8,,visible
img_0,8080.0,48.556,34.543,1390.1,52.67,62.65,,visible
img_0,8080.0,47.87,35.09,1397.5,52.83,62.88,,visible
img_0,8080.0,46.548,30.681,1092.5,43.61,50.39,,visible
img_0,8080.0,46.827,31.59,1152.3,46.0,53.47,,visible
img_0,8080.0,46.562,30.74,1096.2,43.77,50.59,,visible
img_0,8080.0,48.485,35.16,1424.3,53.38,63.7,,visible
img_0,8090.0,46.827,31.59,1153.4,46.01,53.48,,visible
img_0,8090.0,46.562,30.74,1097.2,43.78,50.61,,visible
img_0,8090.0,48.485,35.16,1428.8,53.44,63.81,,visible
img_0,8090.0,46.548,30.681,1093.6,43.62,50.41,,visible
img_0,8090.0,46.657,31.177,1124.3,44.89,52.04,,visible
img_0,8090.0,46.781,33.373,1254.5,49.29,57.86,,visible
img_0,8090.0,47.87,35.09,1398.8,52.83,62.9,,visible
img_0,8100.0,45.587,29.715,1011.0,39.51,45.29,,visible
img_0,8100.0,46.078,30.468,1067.8,42.42,48.9,,visible
img_0,8100.0,46.781,33.373,1255.9,49.3,57.89,,visible
img_0,8100.0,45.82,30.134,1040.6,41.09,47.25,,visible
img_0,8110.0,46.188,33.765,1258.7,49.35,57.96,,visible
img_0,8110.0,45.443,33.202,1198.1,47.5,55.46,,visible
img_0,8110.0,46.186,34.252,1287.9,50.16,59.08,,visible
img_0,8110.0,45.981,34.556,1299.2,50.45,59.49,,visible
img_0,8110.0,46.116,34.038,1272.3,49.73,58.49,,visible
img_0,8110.0,46.015,34.402,1290.8,50.23,59.18,,visible
img_0,8110.0,46.147,34.805,1320.5,50.99,60.25,,visible
img_0,8110.0,46.444,35.435,1370.6,52.17,61.95,,visible
img_0,8120.0,46.186,34.252,1291.8,50.23,59.19,,visible
img_0,8120.0,45.443,33.202,1199.5,47.51,55.48,,visible
img_0,8120.0,45.199,33.419,1203.1,47.63,55.64,,visible
img_0,8120.0,46.116,34.038,1276.2,49.81,58.6,,visible
img_0,8120.0,46.147,34.805,1323.3,51.03,60.32,,visible
img_0,8120.0,46.015,34.402,1293.5,50.28,59.25,,visible
img_0,8120.0,45.981,34.556,1301.4,50.48,59.54,,visible
img_0,8120.0,46.444,35.435,1374.0,52.22,62.03,,visible
img_0,8130.0,45.199,33.419,1206.5,47.71,55.75,,visible
img_0,8130.0,45.327,37.143,1443.9,53.64,64.15,,visible
img_0,8130.0,45.706,37.748,1497.0,54.61,65.64,,visible
img_0,8140.0,45.021,38.077,1496.8,54.58,65.61,,visible
img_0,8140.0,45.706,37.748,1499.7,54.63,65.69,,visible
img_0,8140.0,45.331,37.436,1464.8,54.01,64.72,,visible
img_0,8140.0,45.327,37.143,1445.5,53.65,64.17,,visible
img_0,8140.0,44.999,37.24,1439.9,53.54,64.0,,visible
img_0,8140.0,45.075,37.007,1427.2,53.29,63.63,,visible
img_0,8150.0,45.331,37.436,1469.2,54.07,64.82,,visible
img_0,8150.0,45.021,38.077,1498.7,54.6,65.64,,visible
img_0,8150.0,44.999,37.24,1442.9,53.58,64.06,,visible
img_0,8150.0,45.075,37.007,1431.0,53.34,63.71,,visible
img_0,8180.0,40.444,29.34,852.0,26.42,29.83,,visible
img_0,8180.0,40.211,28.461,817.3,21.79,24.51,,visible
img_0,8180.0,40.731,30.331,899.5,31.27,35.47,,visible
img_0,8200.0,37.534,27.391,758.8,6.83,7.64,,visible
img_0,8200.0,38.595,28.055,780.0,14.35,16.09,,visible
img_0,8200.0,38.615,28.316,785.6,15.7,17.61,,visible
img_0,8210.0,37.534,27.391,759.1,6.76,7.56,,visible
img_0,8230.0,37.68,31.718,884.8,29.62,33.55,,visible
img_0,8230.0,37.844,30.869,855.2,26.47,29.9,,visible
img_0,8250.0,38.335,35.26,1101.5,43.41,50.22,,visible
img_0,8250.0,38.807,38.761,1348.4,51.33,60.83,,visible
img_0,8250.0,37.2,35.279,1063.8,41.68,48.05,,visible
img_0,8260.0,38.807,38.761,1352.7,51.4,60.95,,visible
img_0,8260.0,38.228,39.137,1357.4,51.51,61.1,,visible
img_0,8260.0,38.502,39.506,1393.5,52.32,62.28,,visible
img_0,8260.0,37.2,35.279,1064.9,41.7,48.08,,visible
img_0,8260.0,37.273,36.27,1129.0,44.53,51.66,,visible
img_0,8260.0,37.04,35.34,1063.2,41.62,47.98,,visible
img_0,8270.0,38.228,39.137,1361.2,51.58,61.21,,visible
img_0,8270.0,37.485,38.323,1276.4,49.43,58.17,,visible
img_0,8270.0,38.502,39.506,1398.2,52.41,62.41,,visible
img_0,8270.0,37.273,36.27,1132.7,44.64,51.81,,visible
img_0,8270.0,37.04,35.34,1067.4,41.79,48.2,,visible
img_0,8270.0,37.056,37.889,1231.7,48.12,56.38,,visible
img_0,8280.0,36.383,38.183,1231.7,48.09,56.35,,visible
img_0,8280.0,37.056,37.889,1234.7,48.18,56.48,,visible
img_0,8280.0,37.485,38.323,1281.1,49.54,58.33,,visible
img_0,8280.0,36.06,37.519,1175.8,46.24,53.89,,visible
img_0,8290.0,36.383,38.183,1233.8,48.13,56.41,,visible
img_0,8290.0,36.06,37.519,1177.2,46.26,53.92,,visible
img_0,8290.0,35.855,38.559,1242.3,48.39,56.77,,visible
img_0,8300.0,35.855,38.559,1244.3,48.43,56.82,,visible
img_0,8330.0,32.716,35.575,958.9,35.28,40.27,,visible
img_0,8350.0,34.21,42.352,1484.4,53.96,64.8,,visible
img_0,8360.0,33.203,43.498,1543.3,54.95,66.38,,visible
img_0,8440.0,23.46,30.569,822.8,-20.74,23.36,,visible
img_0,8440.0,23.209,30.635,826.5,-21.32,24.02,,visible
img_0,8450.0,23.209,30.635,824.2,-20.91,23.56,,visible
img_0,8450.0,23.057,31.07,811.8,-18.79,21.14,,visible
img_0,8450.0,23.46,30.569,823.0,-20.72,23.33,,visible
img_0,8460.0,23.057,31.07,812.3,-18.82,21.18,,visible
img_0,8580.0,15.239,32.485,904.8,-30.08,34.15,,visible
img_0,8610.0,14.925,35.907,778.4,-9.05,10.16,,visible
